id,issue_id,title,authors,affiliations,emails,abstract_ro,abstract_en,keywords_ro,keywords_en,pages_start,pages_end,doi,language,status
1,1,Un nou început,Ion Taloș,"Institutul Arhiva de Folclor, păstrându‑și profilul stabilit în 1964.",,,,,,13,16,,ro,published
2,1,Cercetările etnologice zonale la Cluj,Ion Cuceu,"Institutul „Arhiva de Folclor a Academiei Române”, Cluj‑Napoca.",,,"In 2003–2004, the author of the article has initiated the published series: The Monographs of The Folklore Archive of the Romanian Academy. Regional Ethnographic Research, intended to foster monographic texts written by founder Ion Mușlea and the stipendees of the Folklore Archive Institute (between 1930 and 1948–1949). Many documents attest the utmost importance Ion Mușlea attached to those collections, such as: the annual activity reports, the correspondence with the authors, the full bibliographic lists around every field trip. Collecting every data surrounding regional research campaigns not only sheds light on the evolution of Cluj ethnography and folkloristics, but also brings forth the important theoretical‑methodological acquisitions thus obtained, together with the development of local modern ethnological field research. Less than half the number of the stipendees have entrusted their productions to their legitimate owner, the Folklore Archive of the Romanian Academy (FARA). The remaining extant collections represent wholesome archival funds, subsequent (second phase) to the indirect questionnaire collections of the first phase of FARA. Other national initiatives (Ioan Micu Moldovan, V.A. Urechia, B.P. Hasdeu, Ovid Densusianu, Ion Bianu, Dimitrie Gusti) from nearby timeframes are being duly and thoroughly considered in the article and framed together with the FARA heritage. The goal of every endeavour stood in the creation of the Ethnographical Atlas, the Encyclopaedia of Romanian Traditional Civilization, and the Folklore Corpus. Special focus is being given to Ovid Densușianu’s choice of region, marking a breakthrough in folklore methodology; FARA itself is originally his project, meant for Bucharest, eventually settled in Cluj (1930). Its journal, “The Yearbook of the Folklore Archive”, would publish monographic material right from the beginning. The second ground‑breaking epistemic change was brought by Ion Mușlea’s monographic enterprise in Folklore Research in Oaș County (1932). He later appealed to the Romanian Academy for the right to publish monographs as such (Oaș, Lăpușna, Almăj, Nistru Lower Valley, Scărișoara, Romanian Ugocea, Gurghiu Valley), yet was denied (1940). The monographic programme has officially been halted in 1948, to be resumed in the fifties and then halted again, in 1960–1962. The author states that, among the many virtues, Ion Mușlea has pioneered the research of Romanian magic traditions.","Arhiva de Folclor a Academiei Române, Ion Mușlea, monografie, etnologie regională, The Folklore Archive of the Romanian Academy, monograph, regional","Arhiva de Folclor a Academiei Române, Ion Mușlea, monografie, etnologie regională, The Folklore Archive of the Romanian Academy, monograph, regional",17,28,,ro,published
3,1,Arhiva de Folclor Cluj – O realitate acceptată,Elena Hlinca Drăgan,"Institutul „Arhiva de Folclor a Academiei Române”, Cluj‑Napoca.",,,"This paper follows the history of the folklore archive, from birth and growth of archival inclinations, all the way to the present‑day institution. The red line lies in the author’s ethnomusicological background, allowing her to encompass the paramount width covered by archival materials collected by many means, through multiple methodologies, for the entire existence of ninety years of our Folklore Archive of the Romanian Academy, of which she has been the custodian for 36 years (1966–2002). Beginning with a short outline of musical and choreutical folklore mentions throughout local history, the author is concentrating on the principles at the foundation of several local archival funds or collections, then follows the evolution of every taxonomical effort to them dedicated, to eventually state the present‑day structure of the Folklore Archive from Cluj (FAC/ AFC in Romanian). Proper attention is being given to the prominence of AFC as the first folklore‑tending institution to have offered locally index‑based systemic organization of folklore information.","arhiva de folclor, etnomuzicologie, index analitic, index pe genuri și specii muzicale, folklore archive, ethnomusicology, analytical index, musical genre index, thematic","arhiva de folclor, etnomuzicologie, index analitic, index pe genuri și specii muzicale, folklore archive, ethnomusicology, analytical index, musical genre index, thematic",29,44,,ro,published
4,1,ION H. CIUBOTARU Un vrednic urmaș al lui Ion Mușlea,Elena Hlinca Drăgan,"Institutul de Filologie Română „A. Philippide” al Academiei Române, Iași.",,,,,,45,58,,ro,published
5,1,Etnologul Ion Cuceu la 80 de Ani. O viață închinată Arhivei de Folclor,Sanda Ignat,"Institutul „Arhiva de Folclor a Academiei Române”, Cluj‑Napoca.",,,,,,59,63,,ro,published
6,1,"Sándor Varga, Two Traditional Central Transylvanian Dances and Their Economic and Cultural/ Political Background, in “Acta Ethnographica Hungarica” vol. 65, issue 1, 2020, p. 39–",N/A,,,,,,,64,66,,ro,published
7,1,In honorem Sabina Ispas,Ileana Benga,"Institutul „Arhiva de Folclor a Academiei Române”, Cluj‑Napoca.",,,,,,67,88,,ro,published
8,1,Sanda Golopenția: modelul și modelele,Nicolae Constantinescu,Universitatea din București.,,,,,,89,98,,ro,published
9,1,In memoriam István Almási (1934–2021),Zoltán Gergely,"Institutul „Arhiva de Folclor a Academiei Române”, Cluj‑Napoca.",,,,,,99,104,,ro,published
10,1,Profesorul Virgiliu Florea și Sibiul,Ilie Moise,"Institutul de Cercetări Socio‑Umane al Academiei Române, Sibiu.",,,"L’étude est un hommage à Virgiliu Florea à la célébration de huit décennies de sa naissance. Contributeur exceptionnel du périodique « Studii și comunicări de etnologie » depuis long temps avec des études d’une profondeur idéologique particulière, Virgiliu Florea a été en même temps un bon collègue et ami de tous les ethnologues de Sibiu, quelle que soit l’institution dans laquelle ils travaillaient: le Musée ASTRA, l’Université « Lucian Blaga » ou l’Institut de Recherche Socio‑Humaine de l’Académie Roumaine. Avec son style unique, sobre et rigoureux, Virgiliu Florea a servi, comme peu de gens ont réussi à le faire, le folklore roumain, la nation et le pays. Ses lettres que nous publierons ci‑dessous vont renforcer et confirmer nos déclarations.","etnologie, arhive de folclor, identitate etnică, scrisori, ethnologie, archives de folklore, identité ethnique, lettres","etnologie, arhive de folclor, identitate etnică, scrisori, ethnologie, archives de folklore, identité ethnique, lettres",105,114,,ro,published
11,1,"Relația dintre Gh. Pavelescu și Ion Mușlea – de la devenire, la roade, în studierea culturii tradiționale și desăvârșirea unei frumoase prietenii",Amalia Pavelescu,"Facultatea de Științe Socio‑Umane, Universitatea „Lucian Blaga”, Sibiu.",,,"The article presents the productive relationship between two researchers in ethnography and folklore. Ion Mușlea, the director of the “Folklore Archive of the Romanian Academy”, wrote an appeal to the villages’ intellectuals to help him in collecting folklore by distributing folkloric questionnaires. The teachers at the “Aurel Vlaicu” high school in Orăștie asked their pupils if they would be interested in helping. One of the students, being born in a mountain village and having folklore in his blood, offered to complete the questionnaire. His name was Gheorghe Pavelescu and he did an excellent job. Pavelescu became a skilled collector and Mușlea rewarded him with social prestige, books, and money. By chance, another person young student. Pavelescu took this as a good sign and enrolled at the University of Cluj. While he was an undergraduate, Mușlea helped him with living expenses and research. They worked together for many years and the relationship between the two personalities is a remarkable example of how such academic collaborations can become life‑long friendship.","chestionar folcloric, culegere de folclor, Gheorghe Pavelescu, Ion Mușlea, Arhiva de, folkloric questionnaire, collecting folklore, The Folklore","chestionar folcloric, culegere de folclor, Gheorghe Pavelescu, Ion Mușlea, Arhiva de, folkloric questionnaire, collecting folklore, The Folklore",115,122,,ro,published
12,1,G.T. Kirileanu și Petru Caraman,Iordan Datcu,Membru titular al Uniunii Scriitorilor din România.,,,The article is following an exemplary intellectual relationship between Petru Caraman and relating to the work of the two esteemed personalities of Romanian folklore studies.,"G.T. Kirileanu, Petru Caraman, Ion H. Ciubotaru, descolindatul, lingvistică etnografică, uncarolling, ethnographic linguistics","G.T. Kirileanu, Petru Caraman, Ion H. Ciubotaru, descolindatul, lingvistică etnografică, uncarolling, ethnographic linguistics",123,126,,ro,published
13,1,Itinerariu bibliografic,Rodica Raliade,"Institutul de Etnografie și Folclor „Constantin Brăiloiu” al Academiei Române, București.",,,"The paper is diligently tracing the history of the complex intellectual endeavour of a Romanian bibliography of ethnography and folklore, originally designed in the Folklore Archive of the Romanian Academy. Since bibliology as a field of study became an independent university object in the years 1920, the bibliographic school in Cluj first succeeded to foster a current bibliography of Romanian ethnography and folklore, which appeared in the journal “Dacoromania”, founded by Sextil Pușcariu, published in Cluj (1920–1940), Bucharest (1941–1942), and Sibiu (1943–1948). Due credit is given to the emergence of the “Yearbook of the Folklore Archive”, wherein Ion Mușlea annually kept track of the current bibliography of folklore, up to 1939; the journal continues to publish a bibliography until 1945 (when yearbook was ceased). Publishing the bibliography was resumed in Bucharest in the pages of the “Folklore Journal” (1956–1963), later renamed “Journal of Ethnography and Folklore”, where it has maintained the bibliographic tradition set by Ion Mușlea and Adrian Fochi. In 2005 the yearly basis has been retroactively replaced by a five‑year unit, which appeared in the “Yearbook of the Institute of Ethnography and Folklore” (always in author’s contribution). With bibliographic year 2001, the ten‑year base has been established, giving eventually rise to two volumes of the “Romanian Bibliography of Ethnography and Folklore (RBEF)”, both coordinated by article author, the first part 2001–2010/2015 being awarded the prestigious Prize „Simion Florea Marian” of the Romanian Academy in 2017. The second part of RBEF 2001–2010/2020 is including Hungarian and Moldavian publications relevant to Romanian folklore studies. The resulting instrument for bibliographic research is invaluable as a method and a synthesis.","Bibliografia românească de etnografie și folclor, Anuarul Arhivei de Folclor, Ion, Romanian Bibliography of Ethnography and Folklore, The Yearbook of the Folklore","Bibliografia românească de etnografie și folclor, Anuarul Arhivei de Folclor, Ion, Romanian Bibliography of Ethnography and Folklore, The Yearbook of the Folklore",127,132,,ro,published
14,1,"Gânduri la apariția Anuarului Arhivei de Folklor, seria a 3-a",Lucia Cireș,"Institutul de Filologie Română „A. Philippide” al Academiei Române, Iași.",,,"mind echoes that take her back to the Cluj of her childhood and adolescence. She starts with a few personal memories, without which the evocation of her relationships with the academic world of Cluj‑Napoca would be incomplete. In fact, she does not mean her lines to be a “scientific contribution,” but a retrospective personal note on some representative figures of the academic school of Cluj, especially the school of ethnology. The author intends these notes to be a “laudatio” for the academic élite of Cluj, who offered her intellectual models in many respects. Since many of those evoked here unfortunately passed away, though their works are landmark contributions to the scientific bibliography of this school, these memories are a posthumous tribute at the same time.","Anuarul Arhivei de Folklor, The Folklore Archive Yearbook, Ethnography and Folklore Section of Cluj Branch of","Anuarul Arhivei de Folklor, The Folklore Archive Yearbook, Ethnography and Folklore Section of Cluj Branch of",133,144,,ro,published
15,1,"„Vechea și noua Dacie Germană”, de Johannes Tröster, sursă documentară pentru antropologia culturală a secolului al XVII-lea la români",Ion Taloș,"Universitatea din Köln, Germania.",,,,,,145,166,,ro,published
16,1,Considerații privind procesul istoric al configurării identităților zonale rurale în nord vestul Transilvaniei,Ioan Augustin Goia,"Muzeul Etnografic al Transilvaniei, Cluj‑Napoca.",,,"Betrachtungen zum historischen Vorgang der Herausbildung ländlicher zonaler Identitäten im Infolge der Geländeuntersuchungen, die zwischen 1974–1990 in den Dörfern des heutigen Kreises Sălaj stattfanden, identifizierte der Verfasser hier zwei deutlich unterschiedliche ethnographische Zonen, die er als Meseș und Sălaj benannte. Da die kulturellen Unterschiede zwischen den beiden Gebieten betont waren, obgleich sie benachbart und beide von Rumänen bewohnt waren, nahm sich der Verfasser vor, aufgrund dieser Fallstudien den allgemeinen Herausbildungsvorgang der zonalen Identitäten im Nordwesten Siebenbürgens zu rekonstruieren. Die Untersuchung der historischen Vergangenheit der beiden Gebiete führte den Verfasser zur Bemerkung, dass es zwei Faktoren gegeben habe, die der Ausbildung unterschiedlicher zonaler Identitäten zugrunde liegen: 1. Die langanhaltende Einschließung der beiden Kulturareale in unterschiedliche Verwaltungs- (Komitate) und rechtliche Einheiten (Lehensgüter), die territorial deutlich voneinander abgegrenzt waren. 2. Die relative demographische Stabilität, die im Laufe der Zeit vom Gesetz des Jahres 1517 begründet wurde, das den freien Verkehr der abhängigen Bauern untersagte und sie somit langzeitlich in demselben begrenzten Areal (Komitat, Lehensgut) festhielt. Der Verfasser vertritt die Ansicht, dass diese beiden Faktoren die kulturelle Vereinheitlichung im besprochenen Areal förderten und eine Reihe gemeinsamer Werte schufen, die, ausreichend oder minimal, genügend zusammenhängend waren, um den späteren demografischen Sekundärbewegungen standzuhalten Schließlich bemerkt der Verfasser, dass die Identität im behandelten dörflichen Milieu und im erwähnten Zeitabschnitt mehrere wesentliche Facetten besaß: a) die persönliche; b) die gemeinschaftlich‑dörfliche; c) die zonale; d) die provinzielle; e) die ethnische; f) die nationale.","geneza identităților rurale zonale, aportul factorilor administrativ și juridic, die Entstehung zonaler ländlicher Identitäten, der Beitrag der Verwaltungs","geneza identităților rurale zonale, aportul factorilor administrativ și juridic, die Entstehung zonaler ländlicher Identitäten, der Beitrag der Verwaltungs",167,184,,ro,published
17,1,Trei cuvinte magice,Sanda Golopenția,"Brown University, S.U.A.",,,"We discuss three magic words that belong to a future volume on the vocabulary of magic. The first two detail the semantic fields of magic integrity and magic disintegration. The last refers to a superlative magic plant, generally known as mandrake.","vocabularul magiei, agent magic, plantă magică, integritate magică, dezintegrare, the vocabulary of magic, magic agent, magic plant, magic integrity, magic","vocabularul magiei, agent magic, plantă magică, integritate magică, dezintegrare, the vocabulary of magic, magic agent, magic plant, magic integrity, magic",185,194,,ro,published
18,1,Proiecții lexicografice asupra gândirii contemporane,Cristina Florescu,"Institutul de Filologie Română „Alexandru Philippide” al Academiei Române, Iași.",,,"L’article fait référence à la perspective théorique qui se trouve à la base de trois dictionnaires de nature différente, significatifs – chacun à son tour – pour l’étude de la langue et de la culture roumaine: Lexiconul de de Buda [Le Lexicon de Buda], les deux séries du Dicționarul limbii române [Le Dictionnaire de la langue roumaine], trésor lexical, rédigé sous l’égide de l’Académie roumaine (DA et DLR) et Dicționarul fenomenelor atmosferice [Le Dictionnaire des phénomènes atmosphériques]. Il tient compte du contexte des décèlements lexicographiques contemporains entraînés dans le processus de l’informatisation. L’importance linguistique des termes régionaux qui désignent, en roumain, les dénominations des phénomènes atmosphériques se constitue comme un pont d’exégèse entre l’histoire de la langue, la dialectologie et l’ethnologie.","dicționar, lexicografie, purism, termeni regionali, fenomen atmosferic, dictionnaire, lexicographie, purisme, terme régional, phénomène atmosphérique","dicționar, lexicografie, purism, termeni regionali, fenomen atmosferic, dictionnaire, lexicographie, purisme, terme régional, phénomène atmosphérique",195,202,,ro,published
19,1,Metafore ale facerii în imaginarul folcloric,Elena Platon,"Universitatea Babeș‑Bolyai, Cluj‑Napoca.",,,"Normally, we are not aware of our own conceptual system. In everyday life, we think and we act more or less automatically and our linguistic behaviour follows directions that are not easily comprehended. In order to have access to the conceptual schemes that substantiate the way we think and represent our world, we resort to language. It is not only a passive instrument, which reflects a worldview, but rather an active principle imposing upon the thought a set of distinctions and values. Thus, the foundation of the newly invented words is strengthened by a fundamental cognitive process, of metaphoric nature, which is not specific only to the poetic way of thinking. This paper makes use of linguistic imaginary theories, a concept that is relatively new to us and reunites ideas that originate in the philosophy of language, ethnolinguistics or cognitive linguistics. Thus, a “backwards” analysis of the folkloric imaginary is proposed, based on linguistic data, in order to get to the great conceptual schemes that order the universe of representations attributed to the traditional communities, encapsulated in and through this type of information. The analysis of the lexicon that conceals a system of concepts and images elaborated collectively and the delivery of a common and relatively stable scale of interpretation of the world will bring into focus some conceptual metaphors that show how the idea of creation is represented in the folkloric imaginary, at different levels of existence: human, vegetable, animal or mineral.","imaginar lingvistic, metaforă conceptuală, etnolingvistică, creație, cosmogonie, linguistic imaginary, conceptual metaphor, ethnolinguistics, creation, cosmogony, seed","imaginar lingvistic, metaforă conceptuală, etnolingvistică, creație, cosmogonie, linguistic imaginary, conceptual metaphor, ethnolinguistics, creation, cosmogony, seed",203,218,,ro,published
20,1,"Etnogonie mitică și etnogeneză istorică în spațiul românesc. teorie, metode, izvoare",Ela Cosma,"Institutul de Istorie „George Barițiu” al Academiei Române, Cluj‑Napoca.",,,"Mythical Ethnogony and Historical Ethnogenesis in the Romanian Area. Theory, Methods, The study approaches the mythical ethnogony and the historical ethnogenesis of the Romanians. After analysing the specific terminology which includes concepts like: ethnogony, ethnogenesis, eponym heroes, ethnonyms, endonym and exonym, mythonym, we reveal the state of art in the field of the researches dedicated to the topic of the foundations. We show the historical and mythical sources of the Romanian “dismounting” (descălecat) and the evolution of the scholars’ preoccupations dedicated to the genesis of the Romanians. In the end, we explain the mythical significance attributed to Romanian ethnogony, comprising the utilitarian function, the spiritual meaning, the moral responsibility and the transcendental sense connected with the foundation of the people, as well as the historical imaginary of the Romanian ethnogenesis, insisting on: the ontological value of the name by which people found their existence, the politicization of geography and the nationalization of geographical differences, the teleological interpretation with regard to the Romanian ethnogenesis and the Vlach “colonization”.","mituri ale fondarii ethnogonice, etnogeneza istorică, „colonizarea” Vlahilor, ethnogonical foundation myths, historical ethnogenesis, Vlach “colonization”, significance","mituri ale fondarii ethnogonice, etnogeneza istorică, „colonizarea” Vlahilor, ethnogonical foundation myths, historical ethnogenesis, Vlach “colonization”, significance",219,228,,ro,published
21,1,Patrimoniul imaterial valorificat într-un geoparc,Anamaria Iuga,"Muzeul Național al Țăranului Român, București.",,,"The article focuses on the way intangible heritage, a symbolic system that creates cultural identity, is used in the heritage‑making process in order to reinforce the social cohesion of local communities. It is based on the research activity, and cultural interventions, of the researchers from the National Museum of the Romanian Peasant, in collaboration with specialists from the Faculty of Geology (University of Bucharest), when creating small local exhibitions and cultural events in the communities situated in two geoparks: UNESCO International Geopark “Country of Hațeg”, and the aspiring UNESCO Geopark, “Buzău Land”.","patrimoniu imaterial, geoparc, cercetare interdisciplinară, identitate culturală, intangible heritage, geopark, interdisciplinary research, cultural identity, community","patrimoniu imaterial, geoparc, cercetare interdisciplinară, identitate culturală, intangible heritage, geopark, interdisciplinary research, cultural identity, community",229,242,,ro,published
22,1,Antropologia franceză între două colocvii cardinale (1977-2003),Nicolae Panea,Facultatea de Litere a Universității din Craiova.,,,"Après la Seconde Guerre mondiale, l’anthropologie française connaît un développement si intense qu’il faut un consensus de tous les scientifiques sur la nature de la science, le domaine de la recherche, ses méthodes. Ce consensus est né en 1977 à l’occasion de l’organisation par le CNRS d’un colloque véritablement cardinal. L’auteur présente la manière dont l’anthropologie française évolue, après le colloque historique de 1977 (Anthropologie en France. Situation actuelle et avenir), vers un autre colloque cardinal, celui de 2003, consacré à l’anthropologie et à l’hypermodernité. À travers des personnalités iconiques (Maurice Godelier, Marc Augé, David Le Breton), qui ont contribué essentiellement à la création de nouveaux champs de recherche (anthropologie économique, urbaine, sensorielle) et de nouvelles méthodes, l’évolution se dessine d’une science extrêmement adaptative. La société hypermoderne représente non seulement un défi épistémique, mais une occasion de méditer sur la probabilité de changer le type humain, donc, une nouvelle anthropologie. Le colloque de 2003 (L’Individu hypermoderne) annonce une nouvelle prospection de l’avenir de la science après d’autres années de développement explosif de l’anthropologie française.","antropologie franceză, evoluție, colocvii istorice, noi metode, noi terenuri, anthropologie française, évolution, colloques historiques, nouvelles méthodes","antropologie franceză, evoluție, colocvii istorice, noi metode, noi terenuri, anthropologie française, évolution, colloques historiques, nouvelles méthodes",243,260,,ro,published
23,1,"Fotografia, martor vizual în cercetarea de teren",Narcisa Știucă,Universitatea din București.,,,"Our paper aims to highlight some interesting aspects regarding the production of static images in anthropological and ethnological research. We are interested in the way in which traditional societies relate to documentary photography, which we consider a witness of research and a working tool for the future. We also want to present a research technique specific to oral history through which, based on the analysis of the family album, the interests of the researcher can be harmonized with the reluctance of the informant.","fotografie, cercetare de teren, comunicare, abordare narativă, photography, field research, communication, narrative approach","fotografie, cercetare de teren, comunicare, abordare narativă, photography, field research, communication, narrative approach",261,266,,ro,published
24,1,Cercetarea tipologică a folclorului literar: perspective actuale asupra tipologiilor narative,Ioana‑ruxandra Fruntelată,Universitatea din București; Institutul de Etnografie și Folclor „Constantin Brăiloiu” al Academiei Române.,,,"Typologies are specific methodological tools for folklore scholars, as they provide thematic inventories of all the available (i.e. archived and/ or edited) variants of a certain folkloric genre/ category. In literary folklore, the historical‑geographic method of the so‑called Finnish school developed typologies to chart especially epic categories. The study presents Aarne’s international typology of folk narratives, updated by Stith Thompson and Hans‑Jörg Uther and also the Enzyklopädie des Märchens coordinated by Kurt Ranke and Rolf Wilhelm Brednich and completed in 2015. A brief review and update of Romanian typologies of folk narratives (Lazăr Șăineanu, Adolf Schullerus, Sabina‑Cornelia Stroescu, Tony Brill) sets into light the permanent work of Romanian scholars to connect their scientific results to international tendencies and also to observe the characteristics of an autochtonous rich and complex material. A special attention is directed towards the critical and applied contributions of Ion Mușlea, Dumitru Caracostea and Ovidiu Bîrlea, three outstanding folklorists who have created models for Romanian typologies of literary folklore.","folclor literar, etnologie filologică, catalog tipologic, tipologie narativă, literary folklore, philological ethnology, type catalogue, narrative typology","folclor literar, etnologie filologică, catalog tipologic, tipologie narativă, literary folklore, philological ethnology, type catalogue, narrative typology",267,278,,ro,published
25,1,Cunoștințe și valori ale unei femei din Europa de Răsărit la începutul mileniului trei,Otilia Hedeșan,"Universitatea de Vest, Timișoara.",,,"Analiză de caz: M. V. / Doamna Mia din Kuštilj / Coștei An East European Woman’s Knowledge and Values at the Beginning of the Third Millennium. Case The article studies the know‑how and the life story of Maria Vrănianț (1956–2019) from Kuštilj / Coștei, a small village with a Romanian population from Vojvodina (Serbia). There are presented and analyzed five long interviews (total time: 10 h 48 minutes) made by the author in a series of field researches, between 2015 and 2019, with Maria Vrănianț – a remarkable woman, with an excellent memory, a good knowledge of a local traditions, and a special sense of humor. Starting from the texts produced following these discussions, the analyze focuses on three main aspects: the transformations of the daily life of a woman originated from a small village situated in the south‑eastern part of Europe after some periods of migration work abroad; the most relevant topics discussed (the family, the house and the household, the local food, the traditional manner to do agriculture in the region, the local beliefs in magical practices, the local rituals of passage variants, the local narratives about muroń / vampires); the particularities of the oral discourse, the special rhetoric of a talented storyteller.","comunitatea românească din Banatul sârbesc, Kuštilj / Coștei, povestea vieții, povestit, Romanian population in Vojvodina, life history, storytelling, muroń","comunitatea românească din Banatul sârbesc, Kuštilj / Coștei, povestea vieții, povestit, Romanian population in Vojvodina, life history, storytelling, muroń",279,294,,ro,published
26,1,"Sărbători, obiceiuri, credințe la românii din satul Gradskovo (Serbia)",Emil Țîrcomnicu,"Institutul de Etnografie și Folclor „Constantin Brăiloiu” al Academiei Române; Facultatea de Litere,",,,"Holidays, Customs, Beliefs at the Population of Romanian Origin from Gradskovo (Serbia) In this paper we show elements of traditional culture, specific to the population of Romanian origin from Gradskovo (Serbia) village, which are present in the cultural immaterial heritage (holidays, customs, believes) as well as self‑identification elements of oral history.","sărbători, obiceiuri, credințe, Valea Timocului, istorie orală, holidays, customs, beliefs, Timok Valley, oral history","sărbători, obiceiuri, credințe, Valea Timocului, istorie orală, holidays, customs, beliefs, Timok Valley, oral history",295,312,,ro,published
27,1,"Biserică, religiozitate populară și oameni ai locului. O perspectivă din Serbia de Răsărit",Annemarie Sorescu‑marinković,"Institutul de Studii Balcanice, Academia Sârbă de Științe și Arte, Belgrad, Serbia",,,"Starting from the observation that researchers have often uncritically opposed vernacular religiosity to official, teologic religion, either minimizing the importance of popular religious behaviour of the Vlachs of Eastern Serbia or totally dismissing the role played the church in the life of this community, the author advocates for a change of perspective. This change of perspective is meant to bring about a different reading of the situation in the region, in which the local people become the focus of research, not church, religion or customs as abstract concepts. The first part of the article briefly discusses the role of the church in Eastern Serbia during the last two centuries, the co‑existence of vernacular and official religion, as well as the recent reintroduction of the religious service in Vlach Romanian in several churches. The second part of the article presents archival documents and testimonies of people who have met Mother Măndălina, the patron of the Malajnica Monastery, the first Vlach monastery in Eastern Serbia. The transcribed testimonies are crucial in understanding the rural world of this region in the first half of the 20th century, where, contrary to the common belief, Vlachs and Serbs together frequented with a certain regularity the church. The testimonies are even more valuable for a future tracing of the beginning of the cult of Mother Măndălina, who belongs to both communities and environments, Vlach and Serbian, vernacular and theologic.","Serbia de Răsărit, religie, biserică, vlahi, limba română, Eastern Serbia, religion, church, Vlachs, Romanian language","Serbia de Răsărit, religie, biserică, vlahi, limba română, Eastern Serbia, religion, church, Vlachs, Romanian language",313,332,,ro,published
28,1,Cântarea bunului păstor,Paul Drogeanu,"Institutul de Etnografie și Folclor „Constantin Brăiloiu” al Academiei Române, București.",,,Cette note vient en marge des questions que l’ethnologie européenne a commencée a se poser vers la fin du XXe siècle. Elle ne forme pas un vrai texte de recherche. On se demande ce que l’observation directe des faits de culture peut apporter à la lecture d’un texte folklorique noté et annoté. Une anthropologie européene peu‑telle aboutir sur une ethnologie du christianisme vu comme religion populaire? On compare la légende et la fête d’un saint local des Alpes avec la narration chantée Mioritza.,"religie populară, sărbătoare, legende hagiografice, poveste cântată, religion populaire, fête, légendes hagiographiques, narration chantée","religie populară, sărbătoare, legende hagiografice, poveste cântată, religion populaire, fête, légendes hagiographiques, narration chantée",333,338,,ro,published
29,1,Propunere metodologică pentru abordarea integrativă a fenomenelor religioase. O perspectivă folcloristică,Laura Jiga Iliescu,"Institutul de Etnografie și Folclor „Constantin Brăiloiu” al Academiei Române, București; Facultatea de",,,O PERSPECTIVĂ FOLCLORISTICĂ1 The article aims to problematize the term popular religion as a strategic concept for folkloristic and to explore its potential for understanding religion as part of the ritual performance events and of transmitting knowledge that include the supernatural.,"religie populară, religie vernaculară, practici religioase, supranatural și sacru, context, popular religion, vernacular religion, religious practices, supernatural","religie populară, religie vernaculară, practici religioase, supranatural și sacru, context, popular religion, vernacular religion, religious practices, supernatural",339,352,,ro,published
30,1,"Prezentul crucilor de jurământ din Oltenia – între tradiție, ordine și interdicție",Astrid Cambose,"Institutul de Filologie Română „A. Philippide” al Academiei Române, Iași.",,,"Swear crosses are one of the most interesting types of the Romanian popular crosses. They differ from all the other crosses either by the inscription of words like “swear”, “oath” and related synonims, or by the places they occupy. Starting from the geographical presence of such crosses in rural Oltenia, we will research the local peculiarities of the custom of placing such crosses on the fence of the deceased’s house, on trees and other high places, near or inside cemeteries, in church courtyards, on the roadside, in the field or by the forest. Most swear crosses are raised for the dead on the occasion of the 40 days sacrificial offerings. Ethnological fields can offer more valuable information as to how exactly are such crosses ordered, produced, installed and used within the popular worship. Our research aims for a better understanding of the inner motivation of rising the swear crosses, which seems to vary from one case to another: some informers say the swearing cross is meant to undo the harm of former false oaths willingly or unwillingly taken by the dead, some say it is meant to redeem the soul of a liar, some say it is a means of ascension to heaven, a kind of stair for the soul, some say the custom has no significance at all. The dynamics of the phenomenon is also an issue we are interested in. We will approach the matter of swear crosses from yet another perspective: the impact of the “hard words” (oaths and profanities y compris) uttered by the deceased on the pragmatics of the funeral rituals, in view of what has been called a “social collective intentionality”.","moarte, cultura populară, crucea de jurământ, pragmatica ritualului funerar, death, Romanian popular culture, swear crosses, pragmatics of funeral rituals","moarte, cultura populară, crucea de jurământ, pragmatica ritualului funerar, death, Romanian popular culture, swear crosses, pragmatics of funeral rituals",353,372,,ro,published
31,1,Sisteme normative în Țara Oașului: crima ca indice al unității morale comunitare,Corina Iosif,"Muzeul Național al Țăranului Român, București.",,,"Des phénomènes récents tels que l’expansion explosive des migrations de main‑d’œuvre au cours des 20 dernières années et, par conséquent, la perturbation des systèmes économiques zonaux (formels et informels) ont inévitablement affecté les systèmes normatifs (sociaux, économiques, notamment moraux) caractéristiques des cultures locales. Ils portent les marques de dissolutions et de reconfigurations qui, dans bien des cas, tendent à maintenir le lien social. Ce texte se concentre sur la notion d’honneur, avec son corollaire: la honte, comme champ sociologique principal et facteur important de la cohésion du groupe. Je propose une discussion sur la place du meurtre dans le système de valeurs morales qui caractérise la culture régionale du Pays d’Oach et comment elle participe à la construction de l’identité socioculturelle de l’individu.","comunități țărănești, onoare, tradiții, omor, Țara Oașului, communautés paysannes, honneur, traditions, meurtre, Pays d’Oaș","comunități țărănești, onoare, tradiții, omor, Țara Oașului, communautés paysannes, honneur, traditions, meurtre, Pays d’Oaș",373,382,,ro,published
32,1,"Criză și disconfort moral: păcatul unei femei bătrâne, fost cantor romano-catolic",Tünde Komáromi,"Universitatea Károli Gáspár, Institutul pentru Studii Sociale și Științele Comunicării, Budapesta (Ungaria).",,,"FOST CANTOR ROMANO-CATOLIC1 The paper presents the case of a Hungarian Catholic clerk, an 81 year old lady from the Transylvanian countryside. Her daughter has sent her a bigger amount of money, but she understood soon that the post officer, a woman herself, has stolen a significant part of it. A procedure of reclamation followed, but the case remained unsolved. The director of the post‑office and the local policemen did not help. Then she turned to the Romanian Orthodox priest for help and offered some money in change. Although it is quite widespread among the local Hungarians of different religious affiliation (but almost never Orthodox) to ask Romanian Orthodox priests for help in times of personal crisis (or the crisis of a family member), this is a highly contradictory solution for a pious Catholic clerk. She’s never been before to any Orthodox priest, but she was aware of similar help seeking activities among the local Hungarian, Romanian or Roma. The same is true for the use of magic during her long lifetime. But using magic is regarded less sinful by the old clerk, than going to the Orthodox priest for the solution of a legal case. She senses God’s intention behind her failure.","criză personală, pedeapsă divină, disconfort moral, preotul ortodox, relații interetnice, personal crisis, divine punishment, moral discomfort, Orthodox priest, interethnic and","criză personală, pedeapsă divină, disconfort moral, preotul ortodox, relații interetnice, personal crisis, divine punishment, moral discomfort, Orthodox priest, interethnic and",383,392,,ro,published
33,1,Cin’ să țeasă cămașă de COVID? O uliță de sat transilvan în fața pandemiei,Elena Bărbulescu,"Institutul „Arhiva de Folclor a Academiei Române”, Cluj‑Napoca.",,,"This paper is presenting the results of a research done in one village by using direct observation of twelve households as the main method. After a brief introduction presenting the three discourses upon pandemy circulating in the public area, and a short reference to the „Plague Shirt”, I would continue with a presentation of the twelve households, and what happened inside them during the past year. The paper continues with an exploration of the changes that occurred during three burial rituals as also of how two ethnic groups (Romanian and Rroma) related to the authorities requests due to the pandemy.","covid, epidemie, etnologie, înmormântare, pomană, epidemy, ethnology, burial, offering","covid, epidemie, etnologie, înmormântare, pomană, epidemy, ethnology, burial, offering",393,402,,ro,published
34,1,De-ale casei și gospodăriei. Chestionarul X din Fondul „Ion Mușlea”,Anamaria Lisovschi,"Institutul „Arhiva de Folclor a Academiei Române”, Cluj‑Napoca.",,,"Casa e vita quotidiana (credenze, usi e racconti popolari). Questionario X dal repertorio di manoscritti di Ion Mușlea (Riassunto) Lo studio presenta importanti aspetti che riguardano le risposte al Questionario X: Casa e vita quotidiana (Credenze, usi e racconti popolari) dal repertorio di manoscritti di Ion Mușlea dell’Instituto Archivio del Folclore dell’Accademia Romena di Cluj. Il questionario X tratta 7 aspetti della vita tradizionale, negli anni compresi tra il 1936 e il 1940. Gli aspetti analizzati sono: la Casa, il Cibo, il Sonno, i Vestiti, la Cura del corpo, le Strade ed il Lavoro. Nell’archivio dell’Instituto di Cluj esistono 34 manoscritti, che in questo momento stanno per essere digitalizzati ed organizzati. Verranno utilizzati per il prossimo volume dedicato a questo argomento cosi ricco e interessante. Parole‑chiave: casa, cibo, sonno, vestito, lavoro, racconti, usi e costumi.","casa, hrana, somnul, îmbrăcămintea, munca, povestri, obiceiuri și practici","casa, hrana, somnul, îmbrăcămintea, munca, povestri, obiceiuri și practici",403,412,,ro,published
35,1,Succese feminine. Fals tratat despre făcutul gârtenilor și keoaștelor (sarmalelor) în satele de pe Valea Barcăului (Sălaj),Camelia Burghele,Muzeul Județean de Istorie și Artă Zalău.,,,"Feminine Succes. False Treaty on Making “Garteni” and “Sarmale” in the Barcau Valley (Salaj Marriage strategies used to follow rules and well affixed customs in the Romanian traditional village. Girls were raised so that they would handle agricultural activities and also chores around the house and in the kitchen. They would accumulate know‑how that made them competitive and eligible for marriage. This paper tackles the process of getting the girls ready for marriage – a sort of training course – as rules required in the traditional Romanian village. The ideas are backed up by information taken from the Romanian villages, following a field inquiry. The myth that girls would have never been able to get married unless they mastered pretentious processes for cooking food has been busted due to aggressive urban influences under the eternal lack of spare time. This feminine know‑how is only valuable for defining life in the traditional village.","sat tradițional, căsătorie, bucătărie, femeie, gospodină, succes, traditional village, marriage, kitchen, woman, housewife, success","sat tradițional, căsătorie, bucătărie, femeie, gospodină, succes, traditional village, marriage, kitchen, woman, housewife, success",413,424,,ro,published
36,1,Familia la masă. Memorie individuală și memorie familială în caietele cu rețete culinare,Eleonora Sava,"Facultatea de Litere, Universitatea Babeș‑Bolyai, Cluj‑Napoca.",,,"This paper explores family cookbooks using the memory studies research model. Its main goal is to analyse the ways in which these objects shape family memory, helping to preserve and transmit it from one generation to the next. The first section articulates the theoretical framework, discussing the multiple layers of content and meaning in homemade cookbooks, the similarities between them and scrapbooks, as material carriers of memories. Other theoretical issues that are essential for the problem in question are also examined: the complex relationships between meals and family (the ways in which family meals shape family memory), the relationship between individual memory and family memory, the layers that make up family memory. As the practices and roles used in family kitchen, as well as the act of writing and preserving family recipes/ cookbooks/scrapbooks are gender specific activities, the article also stresses some gender issues. The second part proposes a case study that explores the particular way in which the aspects discussed in the theoretical section are illustrated by two recipe notebooks belonging to a woman who was born in a Romanian town in 1944. As regards the research methodology, the case study is based on a life‑story interview and the qualitative analysis of the two notebooks.","cărți de bucate de familie, meniuri de familie, memorie individuală, memorie de, family cookbooks, family meals, individual memory, family memory, objects of memory","cărți de bucate de familie, meniuri de familie, memorie individuală, memorie de, family cookbooks, family meals, individual memory, family memory, objects of memory",425,438,,ro,published
37,1,Redescoperirea vieții și activității unei familii interbelice: Ion și Sanda Mateiu,Mihaela Bucin,"Facultatea de Pedagogie „Juhász Gyula”, Universitatea din Szeged, Ungaria.",,,"Rediscovering the Life and Work of a Family from the Interwar Period: Ion and Sanda American sociologists Janet Z. Giele and Glen H. Elder Jr defined the concept of life course as being “shaped by the interaction of cultural and social structural features with physical and psychological attitudes of the individual and by the commitments and purposive efforts of the individual”. We extended a part of the research model proposed by sociology from the individual to family level and completed it with an ethnological prospect. Using these tools, supported by investigations of the period’s documents and publications, we tried to reconstruct the life course of a family of intellectuals from the Romanian interwar period: the couple formed by husband Ion Matei (1884–1946), professor, theologist, lawyer and journalist, Rector of Commercial Academy from Cluj, and wife Sanda Ulubeanu Matei (1890–1949), writer, publisher, translator, missionary and teacher. The Matei couple carried out an impressive activity, dedicated to the ideal of stability for the disoriented Roumanian society, between the years 1930–1940, with emphasis on the spiritual and cultural education of the masses.","parcursul vieții, Ion Matei, Sanda (Ulubeanu) Matei, Bible Training Institute Glasgow, life course","parcursul vieții, Ion Matei, Sanda (Ulubeanu) Matei, Bible Training Institute Glasgow, life course",439,454,,ro,published
38,1,"„Ritual memorial” și „scenografie rurală”. O lectură etnologică a instrucțiunilor societății „Mormintele Eroilor căzuți în Război”, referitoare la organizarea zilei „Eroilor Neamului” (1920)",Nicolae Mihai,Mulțumesc invitației primite din partea doamnei Ileana Benga pentru a prezenta și comenta acest,,,"‘Memorial Ritual’ and ‘Rural Scenography’. An Ethnological Reading of the Instructions of Society “Mormintele Eroilor căzuți în Război” [Tombs of the Fallen Heroes during the War], Regarding the The present article deals with the analysis of the ritual framework on which May 20th was built, the feast of the Ascension of the Lord, proclaimed ‘Heroes of the Nation’ Day’, starting from an unknown document, identified at the Districtual Service of National Archives from Râmnicu Vâlcea. A national holiday that, since 1920, enhanced the national festive landscape by introducing the commemoration of those who fell during the First World War, who became national heroes. The ceremonies to be held at the level of the entire Romanian national state reflected a need and a deficit of sacredness, the repair of a trauma that had hit the entire Romanian space, depriving many families of the ‘comfort’ of those who left their homes to fight, many buried away from home. An ethnological reading of such a historical document suddenly reveals not only the elements of a memorial policy that has become a ‘national affair’, but also the importance of the ‘village scenography’ that underlies a new codified memorial ritual. One that is based on the involvement of all the actors who created solidarity and on elements of popular culture, such as the feast and the final dance (hora) that unified the participating soldiers and the local peasants. Through a ‘memorial ritual’ (Rémi Dalisson), the ‘social frameworks’ of communitarian memory were stimulated and the transition from ‘organic solidarities’ (family, parish) to ‘organized solidarities’ (nation), in Durkheim’s terms, perfectly ensured.","politica comemorativă a Marelui Război în România, Ziua „Eroilor Neamului”, ritual, Great War Commemorative Politics in Romania, the Nation Heroes’ Day, Memorial Ritual","politica comemorativă a Marelui Război în România, Ziua „Eroilor Neamului”, ritual, Great War Commemorative Politics in Romania, the Nation Heroes’ Day, Memorial Ritual",455,466,,ro,published
39,1,Pace și război. O privire asupra textelor Bibliei,Radu Toader,"Institutul de Etnografie și Folclor „Constantin Brăiloiu” al Academiei Române, București.",,,"Peace and war are inextricably linked, two halves of the same whole, creation and destruction each having its role. Recurring themes in the Old and New Testaments are vital themes for a community. Although in all ages and in all places people have wanted – most of the time – peace, the Bible shows us a long line of violence, fighting, destruction, war and murder. We are presented with a multitude of events, facts, phenomena, which, at least in appearance, defy ordinary logic. Canonical texts have been kept unchanged for a long time, which means that there must be a deeper meaning. Thus, it becomes obvious that this meaning, not only from a theological point of view, but even in terms of culture and civilization, is clearly required.","textele biblice, pace, război, niveluri de logică, înțelesuri ale Scripturii, Bible texts, peace, war, levels of logic, Senses of Scripture","textele biblice, pace, război, niveluri de logică, înțelesuri ale Scripturii, Bible texts, peace, war, levels of logic, Senses of Scripture",467,484,,ro,published
40,1,Despre variațiune și ornamentică,Ioan Haplea,"Academia Națională de Muzică „Gheorghe Dima”, Cluj‑Napoca.",,,"This paper explores the much debated topic of ornamentation and variation in Romanian folk music. It starts by comparing the canonical techniques of variation established in the Western art music with the correspondent folkloric practice and by proposing a distinction between the two, a distinction concerned with the existence of clear‑cut thresholds between a base structure and the overlaying ornamentation. The main argument of the paper is that folk music should be considered as a natural product. To demonstrate this, we advance a series of arguments ranging from theology to anthropology and post‑structuralist theory that led us to conclude that the folk song is, in its entirety, an ornamented flow and that the multiple variants of a song are situated in a continuous, rather than discrete perspective. As a case study, we chose to illustrate these conclusions with a succinct analysis of a group of songs from the Apuseni mountains collected by Béla Bartók.","cântec popular, variație, ornamentică, teorie poststructuralistă, deconstrucție, folk song, variation, ornamentation, post‑structuralist theory, deconstruction","cântec popular, variație, ornamentică, teorie poststructuralistă, deconstrucție, folk song, variation, ornamentation, post‑structuralist theory, deconstruction",485,502,,ro,published
41,1,Planul variațional în cântecul propriu-zis,Lucia Iștoc,"Institutul „Arhiva de Folclor a Academiei Române”, Cluj‑Napoca.",,,"The aim of the paper is to illustrate, within the genre of the lyrical song, the theory of the folk art researchers such as Bartók, Brăiloiu and Bîrlea. In broad terms, their idea was that variation, in conjunction with repetition, is the very reason for the existence of this art. After establishing the coordinates of the melodic type, both in a wide and a narrow sense, the author concentrates on the variation that occurs as a result of the repetition of different structural elements (cell, motif, phrase) at the level of the melodic stanza or the whole piece. The same approach is used when considering a distinct melodic type with different metric, rhythmic and sonic variants.","cântec popular, cântec propriu‑zis, stilistică muzicală, tip melodic, variație, folk song, lyrical song, musical stylistics, melodic type, variation","cântec popular, cântec propriu‑zis, stilistică muzicală, tip melodic, variație, folk song, lyrical song, musical stylistics, melodic type, variation",503,518,,ro,published
42,1,Ritmul sincopat amfibrahic descendent în context muzical coregrafic,Zamfir Dejeu,"Institutul „Arhiva de Folclor a Academiei Române”, Cluj‑Napoca.",,,"This paper aims to explore the syncopated descendant amphibrach rhythm, a type that belongs to the broader category of the syncopated rhythms. It is composed by a combination of two metric feet: an amphibrach plus a dactyl, or an amphibrach plus a spondee. We provide multiple examples of its usage in various dances from different regions that span a large geographical area, from northwestern Romania (the Meseș basin, the Lăpuș area), to the Transylvanian plain and Someș valley, all the way down to the Subcarpathian Muntenia (Prahova valley). One of our conclusions is that all these dances have a common origin. In the end, we hope to demonstrate that the syncopated descendant amphibrach rhythm is specific for Romanian folk music and also that it is representative for its archaic stratum.","ritm sincopat, ritm amfibrahic descendent, dansuri populare românești, Învârtită, syncopated rhythm, descendant amphibrach rhythm, Romanian folk dances","ritm sincopat, ritm amfibrahic descendent, dansuri populare românești, Învârtită, syncopated rhythm, descendant amphibrach rhythm, Romanian folk dances",519,536,,ro,published
43,1,Etnomuzicologia și obiectul ei de studiu. O încercare de evaluare și sistematizare,Theodor Constantiniu,"Institutul „Arhiva de Folclor a Academiei Române”, Cluj‑Napoca.",,,"Although a relatively young discipline, ethnomusicology has a consistent and diverse scientific tradition. Over time, it proved to be a fertile ground for testing and debating various theories and methodologies as it was able to accommodate different ideas from other areas of research. However, if we look closely at its research tradition, we can see that, no matter how different the scientific approaches are, they can all be incorporated in three major categories, based on what answers the researcher aims to extract from the tunes she collects and/or analyzes. Thus, the final goal of a research is to construe and explain music from the perspective of a cultural artifact, of a social product, or from that of a psychological process. In Romania, ethnomusicology had its own distinctive path of evolution, one that sometimes intersected the prevalent practices in the Western world. This article aims to review the theoretical trends that permeated the local ethnomusicology in order to understand what its dominant ideas were. Applying the above tripartite distinction, we conclude that most of the research was conducted within the premise that folk music is a kind of a cultural object, whose value resides mostly in its own configuration. We claim that this perspective is not suited anymore for ethnomusicological field research, and that a better way to understanding the musical life of contemporary rural Romania is the one which sees music as a process shaped by the interaction of various social forces.","teorie, metodologie, evaluare, sistematizare, cercetare etnomuzicologică, theory, methodology, evaluation, systematization, ethnomusicological research","teorie, metodologie, evaluare, sistematizare, cercetare etnomuzicologică, theory, methodology, evaluation, systematization, ethnomusicological research",537,550,,ro,published
44,1,Urme preistorice în colinde din Ardeal,Traian Gherman,,,,"of local indigenous culture, and of archaic structured carols respectively, built around cynegetic play‑scripts: the heroic youth and the ritual hunt of a beast of both biological and mythical ancestry. It is known a fact that in poetic texts with fixed form beholding ritual functions (augural, propitiatory, apotropaic, funerary), the geology of successive cultural strata is more visible than in orally transmitted texts with no such fixedness. In this sense, Gherman’s previously unpublished study holds a significant premonitory value, anticipating regressive ethnological research of Propp‑ian kind (devoted to the historical, prehistorical and protohistorical roots of fantastic folktales). The author identifies beyond the fabulous bestiary from Romanian cynegetic winter carols, a number of possible biological patterns which may have held significant part within the experiential ground of ritualised poetic affabulatory story‑telling: bos primigenius/ auroch, megaloceros giganteus/ antediluvian stag, panthera spelaea/ cave lion, aquila/ vulture. All those patterns are being approached as inherited prehistoric remnant motives mythificated and transformed by folkloric memory, resulted in fundamental mythical‑fictional units underlying initiatory scenarios within pre‑Christian archaic winter carols.","colinde, reminiscențe, preistorie, boul primitiv, boul sur, cerbul antediluvian, leul de, carols, remnants, prehistory, bos primigenius, bos auroch, megaloceros giganteus","colinde, reminiscențe, preistorie, boul primitiv, boul sur, cerbul antediluvian, leul de, carols, remnants, prehistory, bos primigenius, bos auroch, megaloceros giganteus",551,570,,ro,published
45,1,Rădăcinile preistorice ale colindelor românești arhaice. Note pe marginea studiului lui Traian Gherman,Bogdan Neagota,"Facultatea de Litere, Universitatea Babeș‑Bolyai, Cluj‑Napoca.",,,"The small article accompanying Traian Gherman’s study (Prehistoric Traces in Transylvanian Winter Carols) is examining some epistemic connections circumscribing the Gherman‑ian approach of archaic winter carols with cynegetic structure present within Romanian folklore. Such connections include: the intellectual roots of Traian Gherman’s perspective (thematizations of prehistory and protohistory in the historical schools of the threshold between the 19th and the 20th century; the romantic and visionary historicism of Nicolae Densușianu); the anti‑historicist cultural thematizations of prehistory/protohistory as explanatory paradigm of folkloric culture (Lucian Blaga, Mircea Eliade, Constantin Noica), and the integratory methodological perspective, bringing together natural and spiritual sciences, and bringing physicist and priest Traian Gherman close to Pierre Teilhard de Chardin. Moreover, Traian Gherman’s hypothesis of examining pre-/ proto‑historical roots of winter carols, anticipates subsequent research (from Mircea Eliade and Octavian Buhociu to Ion Taloș) dedicated to describing and interpreting the archaic cultural layer, and opens generously toward future methodologic perspectives (such as the cognitive studies of culture).","colinde, organicism, preistorie, protoistorie, anti‑istoricism, științele naturii vs, carols, prehistory, protohistory, antihistoricism, natural sciences vs","colinde, organicism, preistorie, protoistorie, anti‑istoricism, științele naturii vs, carols, prehistory, protohistory, antihistoricism, natural sciences vs",571,580,,ro,published
46,1,Eroism şi sacrificiu în Împăratul Traian și conștiința romanității românilor de Ion Taloş,Ileana Benga,"Institutul „Arhiva de Folclor a Academiei Române”, Cluj‑Napoca.",,,"Heroism and Self‑Sacrifice in „Emperor Trajan and the Romanians’ Awareness of their Roman Part of a succession of ground‑breaking works of Prof. Ion Taloș, addressing for decades a consistent number of fundamental themes of Romanian folklore, Emperor Trajan and the Romanians’ Awareness of their Roman Origin is a cynosure of method and diligence in deriving, from virtually all extant document attesting a link to the centuries‑old event of the Roman conquest of the Dacian kingdom, the coherent tale of its transmission along almost two millennia. Both intellectual traditions (Renaissance, Illuminism, Romanticism, Historicism) and popular‑culture collections of folklore (as gathered with the help of the four questionnaires: Al. Odobescu, B.P. Hasdeu, N. Densușianu and I. Mușlea) are being duly and thoroughly addressed. The absolute merit of the book is in identifying correctly the alleged crossed‑references between the two sets of traditions: oral traditions thus penetrate abundantly the remaining literary or historiographical sources; and the intellectual sources strain, by means of education, into folk traditions of end of the 19th century – beginning of the 20th century. Document with document, scientific truth is being discerned, and for the first time in our national intellectual history, folklore facts on this subject are shown their grained, particular, independent and indivisible relevance. My ethnological, historical and archaeological reading of the entire corpus of documents in the book has not only delved into this sieve of scientific relevance, but also, has identified the crystal‑clear cut ethnological evidence of a culturally inherited tradition going back all those centuries to the moment of the Roman conquest itself, of which the earthly remnants, like monuments and bridges, towns and fortresses, roads and defences, surely survived the centuries, landscaping local imaginary since the beginning. The rich body of folk‑lore evidence identified and presented extensively in the book (with the help of the Annexe) is centring Romanian lore even more soundly, within the wider circle of Balkan lore (following similar folk motives of Slavs, Neo‑Greeks, and Albanians). The complex collection of erudite discussions around folklore facts pertaining to the Roman origin of Romanians, attesting unequivocally sufficient intrinsic conscientious awareness of it, as to transmit it over and over across centuries, in multifarious yet consistently constant motives, is in itself a document of paramount significance, which shall stay important in ethnology for the duration of the discipline itself.","cucerirea Daciei de către împăratul Traian, tradiție orală, chestionare istorice, Trajan’s conquest of Dacia, oral tradition, Romanian historical ethnological questionnaires","cucerirea Daciei de către împăratul Traian, tradiție orală, chestionare istorice, Trajan’s conquest of Dacia, oral tradition, Romanian historical ethnological questionnaires",581,608,,ro,published
47,1,"Nicolae Edroiu, Plugul în Țările Române (până în secolul al XVIII‑lea), Cluj‑Napoca, Editura Școala Ardeleană, 2017, 223 p. (Silvia Ciubotaru)",Silvia Ciubotaru,Academia Regală Daneză de Științe) și,,,,,,609,613,,ro,published
48,1,"H. Ciubotaru, Iași, Editura Universității „Alexandru Ioan Cuza”, 2018, 688 p. cu ilustrații (Maria Aldea)",N/A,"Institutul de Filologie Română „A. Philippide”, Iaşi",,,,,,614,618,,ro,published
49,1,"Dorin Lozovanu, Populația românească din Peninsula Balcanică. Studiu antropogeografic, Academia Română – Institutul de Arheologie, Iași, Muzeul Brăilei „Carol I”, Institutul „Eudoxiu Hurmuzachi” pentru Românii de Pretutindeni, colecția Basarabica nr. 16, coord. Victor Spinei, Ionel Cândea, Editura Academiei Române – Editura Istros, București – Brăila, 2019, 417 p. + mapă cu 73 hărți (Emil Țîrcomnicu)",N/A,"Institutul de Arheologie,",,,,,,619,621,,ro,published
50,1,"Nicolae Saramandu, Emil Țîrcomnicu, Manuela Nevaci, Cătălin Alexa, „Lecturi vizuale” etnolingvistice la aromânii din Republica Macedonia. Ohrida, Struga, Crușova. Memorie, tradiție, grai, patrimoniu, Societatea de Cultură Macedo‑Română, București, Editura Universității din București, 2018, 196 p. (Valentyna Symionka)",N/A,Institutul de Etnografie și Folclor „Constantin Brăiloiu”.,,,,,,622,624,,ro,published
51,1,"Nistor Bardu, Emil Țîrcomnicu, Cătălin Alexa, Stoica Lascu, Ioana Iancu, „Lecturi vizuale” etnologice la aromânii din Republica Macedonia. Regiunea Bitolia. Memorie, tradiție, grai, patrimoniu, Societatea de Cultură Macedo‑Română, Editura Etnologică, 2018, 196 p. (Maria Năstase)",N/A,Universitatea din București,,,,,,625,627,,ro,published
52,1,"Annemarie Sorescu‑Marinković / Thede Kahl / Biljana Sikimić (eds.), Boyash Studies: Researching “Our People”, Berlin, Frank & Timme Verlag für wissenschaftliche Literatur, 2021, 466 p. (Stelu Șerban)",N/A,Universitatea din București,,,,,,628,630,,ro,published
53,1,"Constantin Eretescu, Moartea lui Patroclu: studii și articole de etnologie, București, Spandugino, 2020, ISBN 978–606-8944–47-0, 375 p. [The Death of Patroclus: ethnological studies and articles] (Ionucu Pop)",N/A,Institutul de Studii Sud‑Est Europene,,,,,,631,633,,en,published
54,1,"Iordan Datcu, M‑au onorat cu epistolele lor, București, RCR Editorial, 2019, 414 p. (Gabriel Cătălin Stoian)",N/A,Muzeul Național al Satului „Dimitrie Gusti”,,,,,,634,635,,ro,published
55,1,"Corin Braga (edit.), Enciclopedia imaginariilor din România, First vol., Imaginar literar. Coordinated by Adrian Tudurachi. Iași, Polirom, 2020, 440 p. [The Encyclopaedia of Romanian Imaginaries, Volume I: Literary Imaginary] (Ionucu Pop)",N/A,,,,,,,636,639,,en,published
56,1,"Laura Ioana Toader, Laptele matern și aburul hranei. Contexte etnologice. Prefață de prof. univ. emerit dr. Silviu Angelescu. București, Editura Etnologică, 2020, 956 p. (Ileana Benga)",N/A,,,,,,,640,651,,ro,published
57,1,"Vintilă Mihăilescu, În căutarea corpului regăsit. O ego‑analiză a spitalului, Iași, Editura Polirom, 2019, 248 p. (Liviu Ovidiu Pop)",N/A,,,,,,,652,653,,ro,published
58,1,"„MARTOR. Revistă de antropologie a Muzeului Țăranului Român”, nr. 24/2019, Politics of Memory: the Collecting, Storage, Ownership and Selective Disclosure of Archival Material [Politici ale memoriei: colecționare, depozitare, proprietate și dezvăluire selectivă a materialelor de arhivă]. Coordonatori: Corina Iosif, Bogdan Iancu, Iris Șerban (Tünde Komáromi)",N/A,Institutul „Arhiva de Folclor a Academiei Române”,,,,,,654,655,,ro,published
59,1,(Paul Alexandru Remeș),N/A,Institutul pentru Studii Sociale,,,,,,656,660,,en,published
60,2,Arhiva de Folclor a Academiei Române în comparație cu Centro de Estudios Históricos și cu Deutsches Volksliedarchiv,Ion Taloș,"Universitatea din Köln, Germania; Institutul „Arhiva de Folclor a Academiei Române”, Cluj‑Napoca.",,,,,,15,38,,ro,published
61,2,Corpusul răspunsurilor la Chestionarele Ion Mușlea. O experiență editorială,Ion Cuceu,"Institutul „Arhiva de Folclor a Academiei Române”, Cluj‑Napoca.",,,"This paper emphasizes the importance that the folk collections from north‑western Romania (Codru, Chioar, Lăpuș, Oașul, Silvania, all manifesting the influence of the Maramureș Voivodship) have for the Corpus of the Answers for the Ion Mușlea Questionnaires. All these ethnographic areas have an equal relevance when compared to those of southern Transylvania (Hunedoara, Țara Hațegului, Ținutul Pădurenilor, Munții Apuseni, Mărginimea Sibiului, Țara Oltului, Țara Bârsei, as well as the contact areas of Bistrița, Năsăud and Țibleș Valley). The paper also insists on two other important areas covered by the indirect inquiry of the Romanian Academy Folk Archive, Sătmar and the Western Plain, with a third irradiating center in Țara Beiușului and Partium, whose influence extends to Țara Zarandului and all over Banat. We discuss the schoolboys and seminarists’ major contribution to the indirect inquiry, their involvement being the result of a special “experiment” promoted by Ion Mușlea and designed with the aim to extend the territorial reach of his inquiry during the late stages of his research activity. The paper argues for the continuation of this research project, stressing the importance of digitalization of all the answers to the Romanian Academy Folk Archive’s questionnaires, an achievement that would allow the integration within a broader scientific circuit of this resource.","Ion Mușlea, ancheta indirectă, Transilvania și ținuturile românești intracarpatice, indirect inquiry, Transylvania and the inter‑Carpathian lands, structure and","Ion Mușlea, ancheta indirectă, Transilvania și ținuturile românești intracarpatice, indirect inquiry, Transylvania and the inter‑Carpathian lands, structure and",39,56,,ro,published
62,2,Răspunsurile la Chestionarul VII. Instrumente muzicale al Muzeului Limbii Române – Destinul unor manuscrise interbelice,Cosmina‑maria Berindei,"Institutul de Lingvistică și Istorie Literară „Sextil Pușcariu”, Cluj‑Napoca.",,,"The Replies to The Romanian Language Museum’s Questionnaire No. 7. Musical Instruments – the Destiny of a Collection of Interwar Manuscripts The present paper’s purpose is to re‑enact the history of a valuable collection of documents, obtained as replies to Questionnaire No. 7. Musical Instruments within the indirect linguistic survey of The Romanian Language Museum in Cluj. The linguistic survey about the musical instruments was conducted during 1935– 1937 based on a questionnaire drawn up by the linguist Ștefan Pașca and musicologist Augustin Bena. The survey was replied by 49 correspondents; thus, a highly valuable documentary fund was created, a fund that includes in most of its part replies of some of the most efficient participants to the surveys of The Romanian Language Museum. After the manuscripts’ registration in Registrul actelor intrate ale ALR 1927–1938 (The Register of the Entered Documents of the ALR 1927–1938), because of unknown reasons, they have never been processed. There are no research traces of this documentary fund in literature, neither in The Dictionary of the Romanian Language whose Bibliography Appendix does not include the replies to Questionnaire No. 7. Musical Instruments nor by the ethnologist Ion Mușlea who briefly dealt with the Romanians’ musical instruments, or any other specialist within the domains of linguistics and organology for that matter. For a very long time, the specialists considered these manuscripts lost, and in 2015 Elena Comșulea noted their absence in a study published in a specialized journal. However, in the spring of 2022 while processing the Emil Petrovici archive fund, the manuscripts were found in a small suitcase, which showed they had never been lost but misplaced. We believe the reason might have something to do with the 1940–1945 refuge to Sibiu of King Ferdinand Ist University as a consequence of The Second Vienna Award, University which the Romanian Language Museum was part of. At present, the documents are digitised and are being evaluated for the purpose of proposing a project for their recovery and insert in the scientific research circuit. The information they include is valuable not only for linguistics, but also for ethnology, musicology and organology, especially as they are the result of the most extensive institutional survey about musical instruments until the end of the interwar period.","ancheta lingvistică indirectă, instrumente muzicale, organologie, Muzeul Limbii, indirect linguistic inquiry, musical instruments, organology, Romanian Language","ancheta lingvistică indirectă, instrumente muzicale, organologie, Muzeul Limbii, indirect linguistic inquiry, musical instruments, organology, Romanian Language",57,70,,ro,published
63,2,Construcția casei: locuri faste și nefaste,Anamaria Lisovschi,"Institutul „Arhiva de Folclor a Academiei Române”, Cluj‑Napoca, email: anmarylis@yahoo.it.",anmarylis@yahoo.it,,"La costruzione della casa: luoghi benedetti e luoghi malvagi (Riassunto) Le risposte trovate nei manoscritti Mușlea sono inedite, altre invece sono uniche, rendendo interesante questo studio dedicato al questionario X. In queste pagine ho scelto solo una piccola parte delle informazioni raccolte nei manoscritti, che rappresentano solo una tessera del mosaico delle tradizioni e costumi popolari dei nostri villaggi. Parola chiave: casa, mura, sogno, premonizione, luogo benedetto, luogo malvagio.","casă, zid, vis, premoniție, loc fast, loc blestemat","casă, zid, vis, premoniție, loc fast, loc blestemat",71,84,,ro,published
64,2,Fondul Fonograf al Arhivei de Folclor a Academiei Române,Liviu‑ovidiu Pop,"Institutul „Arhiva de Folclor a Academiei Române”, Cluj‑Napoca.",,,"This research explores the Fonograf Collection of the Romanian Academy’s Folklore Archive, the first to include sound recordings. The collection consists of 542 wax cylinders, some of which have sadly deteriorated or are lost. The wax cylinders and music transcriptions are stored in the Romanian Academy’s Branch in Cluj Napoca. The oldest recordings date back to 1949 by Jagamas János, with the last ones done in 1954 by Ioan R. Nicola. Apart from cataloged cylinders, 100 uncatalogued cylinders exist with unknown content. The article breaks down the catalog’s structure and looks at the digitization of the collection.","Fondul Fonograf, Arhiva de Folclor, cilindri de ceară, înregistrări, transcrieri muzicale, Fonograf Collection, Folklore Archive, Wax Cylinders, Recordings, Music Transcriptions","Fondul Fonograf, Arhiva de Folclor, cilindri de ceară, înregistrări, transcrieri muzicale, Fonograf Collection, Folklore Archive, Wax Cylinders, Recordings, Music Transcriptions",85,88,,ro,published
65,2,In Memoriam Hanni Markel (1939–2023),Sanda Ignat,"Institutul „Arhiva de Folclor a Academiei Române”, Cluj‑Napoca.",,,,,,89,100,,ro,published
66,2,Introducere la „Maxima Varia” a etnoantropologiei sexului,Marin Marian‑bălașa,"Institutul de Etnografie și Folclor „Constantin Brăiloiu” al Academiei Române, București.",,,"These are just a few words explaining the “quest” of what had started in the mid-2015 to act/perform/ profess like a Study Group (of ethno‑anthropology), especially since the 2019 occasion (ASER National Conference) was the third one in which, within the framework of a workshop panel, we tackled the wide field of sexuality. Details are shared on the contents of those three occasions (2016, 2017, 2019) and the way they were projected to open as many aspects and niches as possible – either starting from major contributions such as books, or from historic documents such as medieval laws, church iconography, early 20th century matrimonial advertisement or virginity certificate. Hence, papers going to be published within this section are introduced in wider both cultural and academic contexts.","studii culturale, sexualitate, etnoantropologie, ASER, „Caietele ASER”, cultural studies, sexuality, ethnoanthropology","studii culturale, sexualitate, etnoantropologie, ASER, „Caietele ASER”, cultural studies, sexuality, ethnoanthropology",101,104,,ro,published
67,2,"Reglementarea sexualității în lumea românească veche: amestecarea de sânge, malahia, curvia și alte săblazne",Astrid Cambose,"Institutul de Filologie Română „A. Philippide”, Iași.",,,"Old Romanian Legislation on Sexual Conduct: Incest, Masturbation, Whoredom and Other With regard to human sexuality, many facets and intertwining factors must be analysed in order to get an overall view, and no matter how far the search goes, there will always be some investigation that still awaits its scholar. In this paper we try to address the question of mundane sexuality from a philosophical and anthropological perspective, and to stress the connection between Christianity and ancient Greek metaphysics in the matter of the human sperm as carrier of the divine pneúma. From this point of view, masturbation appeared as the most grievous of the sexual debaucheries, because it wasted the divine seed. Illegitimate copulation included various relationships, some of which we tried to tackle by means of philological and anthropological interpretation. But is there a clear rationale for why some sexual dispositions have been considered more appropriate than others? We believe there have been some consequential constructs that have shaped the sexual habitudes of the traditional Romanian society in the former centuries and we set on our course to detect them.","reglementări religioase, lumea veche românească, roluri sexuale tradiționale, desfrâu, religious legislation, old Romanian world, traditional sexual roles, debauchery, sexual","reglementări religioase, lumea veche românească, roluri sexuale tradiționale, desfrâu, religious legislation, old Romanian world, traditional sexual roles, debauchery, sexual",105,116,,ro,published
68,2,O introducere în etologia folclorului pornografic,Mircea Păduraru,"Universitatea „Alexandru Ioan Cuza”, Iași.",,,"The article deals with the Romanian folkloric pornographic imaginary, focusing on what it does to and with the participants who perform/actualize it in the context of a real folkloric interaction. Distinguishing between feast (numenal, complex event in participants and resources etc.) and party (modest, less complex, sacred‑free event etc., as a kind of gathering where pornographic folklore is particularly performed, by which participants experience transgressions from the usual social rules as well as pauses from the personal inhibitory structures), the analysis explores the conditions and the sensorial‑psycho‑somatic and discursive complexities that work together to achieve the pornographic project: sexual arousal/ erotic pleasure. Involving dance, music, group dynamic and masculine‑feminine interaction etc., this kind of folkloric event generates an erotic community, actualizes the disciplinary powers of the sexual habitus, despite its witz‑like and anti‑establishment air, and by continually operating the desecretization of sex, produces a folkloric way of handling the sexual body.","senzorialitate, habitus, desecretizarea sexului, performativ, obscenitate, sensoriality, desecretization of sex, performative, obscenity","senzorialitate, habitus, desecretizarea sexului, performativ, obscenitate, sensoriality, desecretization of sex, performative, obscenity",117,136,,ro,published
69,2,"Sexualitate, ascetism și teatralitate la comunitățile Hijra din subcontinentul indian",Daria Ioan,"Departamentul de Cinematografie și Media, Facultatea de Teatru și Film, Universitatea Babeș‑Bolyai,",,,"In this paper some aspects of creative ascetism within hijra community in India are presented. This third sex, recognized as such, whether it comprises hermaphrodites or eunuchs, supposes beliefs and practices, marked by a sacred aura, implying both the stigmatization and the unicity conferred by this sexual and social identity. The position of hijra between two worlds in which they cannot fully take part allows them to use ritualistic gestures and magical practices (fulfillment of wishes, blessing, curse). In the magic mastered by hijras, in the social or sexual activities performed by them (including prostitution) a big amount of theatricality is included.","al treilea sex, sexualitate, ascetism creator, puteri sacre, emasculare, teatralitate, magie, third sex, sexuality, creative ascetism, sacred powers, emasculation, theatricality, magic","al treilea sex, sexualitate, ascetism creator, puteri sacre, emasculare, teatralitate, magie, third sex, sexuality, creative ascetism, sacred powers, emasculation, theatricality, magic",137,142,,ro,published
70,2,Oglinzi ale realismului civic și ale interculturalității (etnoantropologie prismatică),Marin Marian‑bălașa,"Institutul de Etnografie și Folclor „Constantin Brăiloiu” al Academiei Române, București.",,,"Mirrors of Civil Realism and Interculturality (Prismatic Ethnoantropology) This is a sample of what I call applied prismatic ethnoanthropology. Hereby filmography samples are used for what I call „civil realism”, meaning veridic mirroring or illustration of the anthropological‑cultural realm. Often, in spite of „documenting” ethnic, apparently specific social situations or mentalities, such films actually illustrate transnational, transcultural and transreligious human values, gestures, prejudice, attitudes, ideas, universally valid/discernable cultural frames and motives. Throughout these pages I underline the Romanianness of moments within a Turkish and a Libanese film (Mustang and Ghadi) just in order to demonstrate the universality of (many) cultural paradigms. The demo here ends up by stressing the value of multiculturally informed interpretation and interdiciplinary analysis of cultural forms, expressions, and gestures.","etnoantropologie, realismul civic, interculturalitate, mentalitate, virginitate, filmografie, ethnoantropology, civil realism, interculturality, mentality, virginity, filmography","etnoantropologie, realismul civic, interculturalitate, mentalitate, virginitate, filmografie, ethnoantropology, civil realism, interculturality, mentality, virginity, filmography",143,154,,ro,published
71,2,"Neputincios din Iele. Un caz de boală culturală în Țara Românească, sfârșit de secol XVIII",Bogdan Neagota,"Universitatea Babeș‑Bolyai, Cluj‑Napoca.",,,"The paper presents a case of cultural illness recurrent in southern rural Romanian society from the past centuries; what makes it salient this time is its attested presence within other social groups than the peasant: such as the mercenary army (seimeni) from the Phanariot Age, the local nobility, and even the upmost level of the Prince himself. It speaks of a cultural illness with neurological symptoms: being afflicted or frail from the Iele, caused by the Iele, dangerous feminine daemons responsible for a range of afflictions, mostly neurologic and psychiatric. In this case, the victim is Ene, a mercenary (seimen) of old age, who paralyzed due to having witnessed a daemonic epiphany (having seen the iele / fairies dancing) and is therefore unable to work for living, and has even accumulated debt: ”first and foremost I am a poor old man, my feet taken by the Ele [Iele – n.n.], and am unable to gain my daily bread.” He therefore makes a plea in Oct. 1794, begging to be discharged from duty (a fi iertat de slujbă) and to be protected against the assessed taxes (carte de apărare). The Phanariot Prince Alexandru Cost. Moruzi orders the case investigation (Feb. 1795), and, given the favorable result (the official civil servant (spătar) responsible with the case confirms the illness, as well as the palsy/ailment of seimen Ene), he grants the plea (carte de apărare), with all resulting rights to the supplicant.","boală culturală, neputincios din Iele, Valahia, seimen (mercenar din Țara Românească), cultural ilness, Wallachia, seimen (Wallachian mercenary), The","boală culturală, neputincios din Iele, Valahia, seimen (mercenar din Țara Românească), cultural ilness, Wallachia, seimen (Wallachian mercenary), The",155,164,,ro,published
72,2,"„Robul Măriei tale, Ene Seimenu, neputincios din Ele”. Notele imperfecte istoric... pe marginea unui fapt cultural",Nicolae Mihai,Le mulțumesc prietenilor Bogdan Neagota și Ileana Benga pentru dubla invitație onorantă: de a arunca,,,"Notele imperfecte istoric... pe marginea unui fapt cultural* “Your Majesty’s Servant, Ene the Mercenary, Helpless because of the Fairies”. The Imperfect The present material contains some comments on an unusual case from the 18th century, starting from the analysis of the complaint of an old mercenary (seimen), Ene, to the Phanariot prince, Alexandru Moruzi. The way he signs “himself”, admitting his helplessness as provoked by Iele, puts us in front of a surprising confrontation of cultural codes. His gesture that brings him out of anonymity at the very moment of his biography challenges us to a reading from which we understand, through indirect reflection, his place in a society where the prince, the saint thaumaturgist, the poor and Ielele coexist without being bother to each other too much.","istorie culturală, regim fanariot, Țara Românească, povestea lui Ene seimenul, cultural history, Phanariot regime, Wallachia, story of Ene the mercenary (seimen)","istorie culturală, regim fanariot, Țara Românească, povestea lui Ene seimenul, cultural history, Phanariot regime, Wallachia, story of Ene the mercenary (seimen)",165,174,,ro,published
73,2,Portretul fotografic ca imagine a actorului ritual,Cătălin Alexa,"Textul de față reprezintă o formă restrânsă a studiului introductiv la volumul Portret de călușar I,",,,"This paper stems from the research conducted on the Căluș ritual, which has mainly focused on the visual documentation of the performance. Spanning a period of six years, my research centred upon photographing the performers of the ritual dance within the framework of an experiment aimed to reveal how the contemporary ritual practice is enacted. The new data gathered display how the contemporary Căluș ritual is performed and perceived within the community, as well the ways in which the present day Călușari (the Căluș ritual performers) make up their own identity as ritual actors.","Căluș, ritual, portret, fotografie, vizual, imagine, portrait, photography, visual, image","Căluș, ritual, portret, fotografie, vizual, imagine, portrait, photography, visual, image",175,192,,ro,published
74,2,Etnologul și cele mai bune intenții ale cercetării,Elena Bărbulescu,"Institutul „Arhiva de Folclor a Academiei Române”, Cluj‑Napoca.",,,"This paper is bringing into discussion the fieldresearches done by the author in the past thirty years. Starting these researches as an undergraduate student at the Faculty of Letters, the author is taking the reader through the major crises and conundrums she had to face along these years. In the beginning all was beautiful and fine, and the researcher was confident about the path to follow. The past years though, show that the radical changes that have taken place in Romanian society at large have brought negative influences upon the ethnological methodology. The article is aiming to initiate a discussion about how ethnological research looks like at present, and how should we expect it to be in the future.","etnologie, cercetare de teren, rural, metodologie, crize, ethnology, fieldresearch, methodology, crisis","etnologie, cercetare de teren, rural, metodologie, crize, ethnology, fieldresearch, methodology, crisis",193,204,,ro,published
75,2,Interferențe culturale în muzica și dansul tradițional din Transilvania,Zamfir Dejeu,"Institutul „Arhiva de Folclor a Academiei Române”, Cluj‑Napoca.",,,"Traditional cultural values must not be judged according to ethnic or linguistic criteria. They need to be seen as products of the human spirit and soul, able to generate genuine artistic experiences. According to this perspective, we consider that, as part of an initial research stage, the folklore in Transylvania needs to be analysed comparatively and for this we need to start from those general formal factors which proved to be common to the four or five repertoires in this area: Romanian, Hungarian, German, Slovakian and that belonging to the Roma community. However, in order to know the Romanian traditional folklore we need to study the folklore of the ethnic groups living in this region and in the neighbouring countries, because they deeply influenced Romanian folklore and, given the common living circumstances, have enriched it with valuable artistic creations. The present study analyses some interconnections manifest in the musical‑choreographic culture of the Romanians and of other ethnic groups in the region. The information is based on personal experience and the limited bibliography which can be read in Romanian language. The topics we approach here can be, undoubtedly, better represented, confirmed, revised, as part of different other researches, by studying various and complex phenomena of traditional culture which, fortunately, is still active in this region. However, we believe that we have managed to draw attention in this study to various aspects which the future researchers will not be able to observe directly, since their historical and comparative research activity will have to be mainly based on documentaries, notes, books and materials in the archives.1.","interconexiuni, frăție, ritmul copiilor‑ritm universal, aspect bilingv, auftact sincopat, interconnections, brotherhood, the rhythm of children‑universal rhythm, bilingual","interconexiuni, frăție, ritmul copiilor‑ritm universal, aspect bilingv, auftact sincopat, interconnections, brotherhood, the rhythm of children‑universal rhythm, bilingual",205,254,,ro,published
76,2,Contribuția școlii etnomuzicologice clujene la sistematica repertorială tipologică,Constanța Cristescu,"Centrul Cultural „Bucovina”, Centrul pentru Conservarea și Promovarea Culturii Tradiționale, Suceava.",,,"The Contribution of the Cluj Ethnomusicological School to the Typological Repertorial The progress of ethnomusicology depends on the progress of the research methodology. After decades of methodological accumulation and widening of ethnomusicological knowledge in the process of repertoire systematization, the typological systematization of genre aspects has become an opportunity and a persistent preoccupation for scholars in the last six decades. The proposed methodological synthesis study aims to survey the achievements of ethnomusicologists at the national level, as well as to highlight the substantial contribution of the Cluj ethnomusicological school to this field. The contribution of an ethnomusicological school may be assessed qualitatively and quantitatively. At the qualitative level, the school’s contribution is reflected, on the one hand, in methodological creativity and, on the other, in the quality of the methods elaborated by specialists. From a quantitative point of view, it is reflected in the richness of genre typologies, published as monographic works or as studies in academic journals. The contribution of the Cluj school – from a qualitative point of view – resides in the creation and implementation of a typological method of a very high degree of generality for the fixed‑form and free‑form vocal folkloric repertoires. The creator of this method is the team of musicologists made up of Professor Ilona Szenik, Ph.D., and scientific researcher Lucia Iștoc, Ph.D. The foremost criterion in typological classification is the melodic profile, analyzed through several phases, from the general to the particular. This is followed by gradually subordinated criteria, according to the diverse profile models.","etnomuzicologie, sistematizare tipologică, metodă, școală etnomuzicologică, criteriu, ethnomusicology, typological systematization, method, ethnomusicological school","etnomuzicologie, sistematizare tipologică, metodă, școală etnomuzicologică, criteriu, ethnomusicology, typological systematization, method, ethnomusicological school",255,262,,ro,published
77,2,Jocuri feciorești cu fată în Transilvania,Paul‑alexandru Remeș,"Institutul „Arhiva de Folclor a Academiei Române”, Cluj‑Napoca.",,,"When we speak about the Transylvanian choreographic culture we speak about two separately distinguished dances that can be found in almost all areas. Feciorescul – Lad’s dance and Învârtita – the most common couple dance. Those two types of dances a solo and a couple dance, have merged during the last two centuries giving birth to newly developed dances called differently in each dialect area and gathered under one main title “Feciorescul cu fată” – Lad’s dance with the girl. These dances are placed in the cycle of dances usually before or after the Lad’s dance so they make the connection between those two types of dances. The main motifs that can be found are turning as a couple and the men’s kicks and slaps using different parts of the leg. As in the Învârtita, the syncretic process is complemented by different kinds of shouts about various topics such as love, wealth, well‑being, and also commands. The most interesting fact is that the presence of the two dances at the same time in the dance cycle did not lead to the disappearance of either original dance thus contributing to the enrichment of the national dance repertoire.","dansul fecioresc, dansul de cuplu, evoluția unor dansuri, îmbogățirea repertoriului, men’s dance, couple dance, dance evolutions, enrichment of the dance repertoire","dansul fecioresc, dansul de cuplu, evoluția unor dansuri, îmbogățirea repertoriului, men’s dance, couple dance, dance evolutions, enrichment of the dance repertoire",263,286,,ro,published
78,2,Câteva considerații despre cercetarea muzicii populare în secolul XXI,Zoltan Gergely,"Institutul „Arhiva de Folclor a Academiei Române”, Cluj‑Napoca.",,,"The article discusses the challenges of preserving traditional culture, with a focus on folk music in Romania. While there is concern about the loss of traditional culture, there are also positive examples of efforts to preserve and revalue it. It is important to avoid a nostalgic and static approach to traditional culture and recognize that it can be reinterpreted and revalued in the context of the present time. The article also briefly touches on various themes related to ethnomusicology, including the challenges faced by researchers in the field, the importance of developing unique research methodologies for Romanian folk music, the need to create a databases of all Romanian melodies documented throughout history, and the potential of using artificial intelligence (AI) in ethnomusicology research.","cultură tradițională, muzică populară, conservare, etnomuzicologie, sistematizare, traditional culture, folk music, preservation, ethnomusicology, systematization, artificial","cultură tradițională, muzică populară, conservare, etnomuzicologie, sistematizare, traditional culture, folk music, preservation, ethnomusicology, systematization, artificial",287,294,,ro,published
79,2,"SVETLANA BADRAJAN, VITALIE GRIB Lidia Severin – o promotoare a cântecului folcloric în a doua jumătate a secolului XX, începutul secolului XXI",Zoltan Gergely,"Academia de Muzică, Teatru și Arte Plastice, Chișinău, Republica Moldova.",,,"Lidia Severin – a Promoter of Folk Song in the Second Half of the 20th Century and the Beginning Starting with the second half of the 20th century, two directions are taking shape in the field of vocal folk interpretive art – on the one hand, we have the singer for whom the vocal performance becomes a profession and source of income, and on the other hand, we have the traditional singer who performs folk songs as a casual activity, for leisure. The latter becomes involved in various activities, such as those related to protecting and promoting authentic creations and the intangible musical heritage or those involving participation in music folklore competitions and festivals, their repertoire remaining unaffected. Some of them studied music, but even this fact did not have negative repercussions on their repertoire and their performance style. Lidia Severin belongs to the last category. Her recorded repertoire is preserved in the Folk Music Archive of the Academy of Music, Drama and Fine Arts in Chisinau and in various edited folklore collections. It is valuable material both from the point of view of the genre and of the performance style. Those interested – such singers or researchers, will be able to benefit from a “direct contact”, years from now, with the bearer of folklore – Lidia Severin, by accessing an original informational support when necessary.","cântec folcloric, investigații de teren, interpretare, creare, promovare, folk song, field investigations, interpretation, creation, promotion","cântec folcloric, investigații de teren, interpretare, creare, promovare, folk song, field investigations, interpretation, creation, promotion",295,306,,ro,published
80,2,Fantomele turcului mecanic. Imaginația populară față în față cu automatizarea,Liviu‑ovidiu Pop,"Institutul „Arhiva de Folclor a Academiei Române”, Cluj‑Napoca.",,,"The Phantoms of the Mechanical Turk. About Golem and Robots. The Collective Mind versus This article provides an analysis of the development and representation of artificial intelligence (AI) in various historical events and elements of popular culture, focusing on the impact of these advances on society’s perceptions and expectations. Microsoft’s investment in OpenAI, which led to the creation of Chat GPT, serves as a starting point to explore the evolution of AI from the 18th century Mechanical Turk to modern AI‑driven products like Google Duplex and Amazon’s Alexa. The article examines how the concept of AI has been shaped by its presentation in popular culture and the narratives created by large corporations and startups. It also discusses the importance of maintaining a critical perspective on the potential implications and limitations of AI, particularly as we approach the singularity – the point at which artificial general intelligence surpasses human cognitive abilities. By revisiting the past and examining the present, the article aims to better understand the ever‑evolving landscape of AI and its impact on humanity.","Inteligența artificială, reprezentări populare ale inteligenței artificiale, Turcul Mecanic, Artificial intelligence, popular representations of AI, the Mechanical Turk, humans","Inteligența artificială, reprezentări populare ale inteligenței artificiale, Turcul Mecanic, Artificial intelligence, popular representations of AI, the Mechanical Turk, humans",307,320,,ro,published
81,2,Câteva considerații privind interviul cu profesorul universitar și cercetătorul Virgiliu Florea (1941–2019),Alina Branda,"Universitatea Babeș‑Bolyai, Cluj‑Napoca.",,,"Some Considerations on the Interview with Professor and Researcher Virgiliu Florea (1941– The following pages are a brief presentation of an interview with Virgiliu Florea (University Professor in Folklore Studies and scientific researcher at the Cluj Folklore Archive). The questions addressed in the interview, as well as the responses, are summarized systematically. The aims of the interview have been to collect autobiographical data, focusing on mostly the researcher’s scientific career. References to the institutional millieus in which Folklore Studies have been present, before and after 1989, as well as an analysis on the place of Folklore studies among other socio‑human sciences (in various decades of the above mentioned periods) are on the agenda.","Virgiliu Florea, interviu, studii de folclor, România comunistă și post‑comunistă, interview, Folklore Studies, communist and post‑communist Romania","Virgiliu Florea, interviu, studii de folclor, România comunistă și post‑comunistă, interview, Folklore Studies, communist and post‑communist Romania",321,326,,ro,published
82,2,„Din activitatea mea de folclorist” interviu realizat de conf. univ. dr. Alina Branda,Virgiliu Florea,Institutului de Etnografie și Folclor din,,,,,,327,342,,ro,published
83,2,Memoriu de activitate,Virgiliu Florea,"Institutului Pedagogic de 3 ani din Cluj‑Napoca, unde",,,,,,343,361,,ro,published
84,2,Curriculum Vitae,Virgiliu Florea,Institutul „Arhiva de Folclor a Academiei,,,,,,362,368,,ro,published
85,2,"Despre o masă rotundă: Rafinament și putere de pătrundere în Folclor, etnologie, antropologie de Sanda Golopenția",Ileana Benga,Institutul „Arhiva de Folclor a Academiei Române”.,,,,,,369,372,,ro,published
86,2,Cuvânt înainte,Sanda Golopenția,"Brown University, S.U.A.",,,,,,373,374,,ro,published
87,2,Intermemoria etnologică,Elena Platon,"Universitatea Babeș‑Bolyai, Cluj‑Napoca.",,,"In the address written in honour of the great master Sanda Galopenția, I borrowed the generous concept of intermemory (shared memory), as used by the author to define how oral culture is built in traditional communities, and I transferred it to the community of ethnologists. Thus, when I refer to an ethnological intermemory, I must explain the strange feeling of compatibility with the master, despite the fact that we were never in “verbal contact”. This feeling is perhaps rooted in some simple gestures that bring us together, gestures that are inscribed in the affective and intellectual register, even without the possibility of having a round table talk until now. We shared fascinating stories about the human being and the ethnologist Sanda Galopenția, we walked on the same paths during our ethnographic inquiries, and everyone felt fortunate enough to be guided by the same great ethnologists, to be concerned with deciphering the conceptual schemes that support the linguistic imaginary of the folklore productions or to be shaped by her writings. These are, of course, sufficient reasons to feel close to this great master ethnologist.","intermemorie, imaginar lingvistic, burg semantic, metaforă, scheme conceptuale, intermemory, linguistic imaginary, semantic burg, figure of speech, conceptual schemes","intermemorie, imaginar lingvistic, burg semantic, metaforă, scheme conceptuale, intermemory, linguistic imaginary, semantic burg, figure of speech, conceptual schemes",375,380,,ro,published
88,2,Plante și scenarii magice,Eleonora Sava,"Universitatea Babeș‑Bolyai, Cluj‑Napoca.",,,"The article analyzes the major contribution of Sanda Golopenția to the field of love charms research, scenarios) in the general context of Romanian ethnobotany and in the particular context of research dedicated to magic plants in Romanian ethnology. First, the article scans the bibliography, in order to identify the points of convergence and to reveal the elements of novelty brought by the study discussed in relation to previous writings. Next, the text integrates the analyzed study into the ensemble of the author’s works on Romanian charms. This double bibliographic reporting allows for a nuanced analysis that highlights both the consistent and systematic research, as well as the essential mutations – in methodological, conceptual and interpretive terms – that the ethnologist proposes, documents and demonstrates through the volumes published over several decades. The analysis provides 10 arguments that support the idea that the exegesis of Sanda Golopenția articulates a renewed perspective on love charms, and the study Despre plante în descântatul de dragoste. Scenarii magice (Plants in love charms. Magic scenarios) is a reference text in this field.","Folclor românesc, analiză etnologică, etnobotanică, descântatul de dragoste, Romanian folklore, ethnological analysis, ethnobotany, love charms, magic scenario","Folclor românesc, analiză etnologică, etnobotanică, descântatul de dragoste, Romanian folklore, ethnological analysis, ethnobotany, love charms, magic scenario",381,386,,ro,published
89,2,Explorări teoretice: în dialog cu etnologia Sandei Golopenția,Ioana‑ruxandra Fruntelată,"Facultatea de Litere, Universitatea din București; Institutul de Etnografie și Folclor „Constantin Brăiloiu”",,,,,,387,398,,ro,published
90,2,"Mihai Pop – Repere identitare, influențe cosmopolite, reflectări afective",Mihaela Călinescu,Biblioteca Județeană „Alexandru și Aristia Aman” – Institutul Exilului Românesc.,,,"The volume “Folklore, Ethnology, Anthropology” signed by Sanda Golopenția was discussed on occasion of the roundtable on the theme Elevate and high–value knowledge: Folklore, Ethnology, Anthropology moderated by Ileana Benga at the Conferences of the Institute “The Archive of Romanian Folklore of the Romanian Academy”. From a massive corpus of theoretical topics we selected for discussion the chapters dedicated to Mihai Pop and then highlighted the epistolary and telegraphic material between correspondents, published by Sanda Golopentia. The research emphasizes the relationship between the Golopenția family and Mihai Pop, as well as his interventions in delicate moments of their lives. At the same time, the image of professor Mihai Pop is constructed through the eyes of specialist Sanda Golopenția and corresponds to confession in the context of confrontation not always desired with otherness. Pieces of the past are set into light through the remembrance of some tension‑filled sequences from their past or by assembling an epistolary exchange, a true cultural treasure. In the same time, we set out to bring the attention upon The Romanian Book and Exile Museum from Craiova, that is meant to bring light into the reunification of Romanian culture with the cultural heritage created outside the country, from the years of post‑war Romanian exile caused by the communist regime.","Mihai Pop, corespondență, exil, sprijin, moștenire culturală, regimul comunist, correspondence, exile, support, cultural heritage, communism regime","Mihai Pop, corespondență, exil, sprijin, moștenire culturală, regimul comunist, correspondence, exile, support, cultural heritage, communism regime",399,412,,ro,published
91,2,Spre altă minte transmisă,Ileana Benga,"Institutul „Arhiva de Folclor a Academiei Române”, Cluj‑Napoca”.",,,"Dwelling on Sanda Golopenția’s fundamental research and subsequent conceptualisations on ethnological problems pertaining, ultimately, to longitudinal transmissions of culturally relevant bonds of community life, this commentary intends to highlight the importance of the fine‑grained analysis on exclusively observable facts, as compared to broader temporalities of ethnology and anthropology, out of the reach of historical document.","transmitere culturală, interacțiune în cercetarea de teren, fapt folcloric, temporalități, cultural transmission, field‑research interaction, folklore facts, temporalities, diachrony","transmitere culturală, interacțiune în cercetarea de teren, fapt folcloric, temporalități, cultural transmission, field‑research interaction, folklore facts, temporalities, diachrony",413,424,,ro,published
92,2,Iconografia vrăjitoriei în arta religioasă românească. Eseu de antropologie vizuală,Bogdan Neagota,"Ioan Pop‑Curșeu, Ștefana Pop‑Curșeu: Iconografia vrăjitoriei în arta religioasă românească. Eseu de",,,"Notes on the margin of a book: The Iconography of Witchcraft in Romanian Religious Art. This commentary addresses the methodology used by the target book to engage with various components of the documentary set, on multiple levels: history of arts (iconography, religious art), late antique and medieval literature (apocrypha), ethno‑anthropology (stemming into visual anthropology, ethnology, folk‑lore studies) and history of mentalities (witchcraft being addressed primarily by historical anthropology).","magie, vrăjitorie, eschatologie, iconografie, pedeapsă, magic, witchcraft, eschatology, iconography, punishment","magie, vrăjitorie, eschatologie, iconografie, pedeapsă, magic, witchcraft, eschatology, iconography, punishment",425,432,,ro,published
93,2,"„Revista de etnografie și folclor / Journal of Ethnography and Folklore”, 1–2, 2022, București, Editura Academiei Române, 281 p., ISSN 0034–8198 (Marin Marian‑Bălașa)",Marin Marian‑Bălașa,"Institutului de Etnografie şi Folclor „Conastantin Brăiloiu”, 23,",,,,,,433,435,,ro,published
94,2,"Revista de etnografie și folclor / Journal of Ethnography and Folklore” 1–2/2023, București, Editura Academiei Române, 303 p., ISSN 0034–8198 (Marin Marian‑Bălașa)",Marin Marian‑Bălașa,Academia Română. Rândurile care,,,,,,436,438,,ro,published
95,2,"Ross Cole, The Folk. Music, Modernity and the Political Imagination, Berkley, University of California Press, 2021, 276 p. (Theodor Constantiniu)",Theodor Constantiniu,,,,,,,439,442,,ro,published
96,2,"Constanța Cristescu, Un secol de etnomuzicologie românească. Parcurs și perspectivă în sistematica repertorială, București, Editura Muzicală, 2021, 241 p. (Theodor Constantiniu)",Theodor Constantiniu,,,,,,,443,446,,ro,published
97,2,"Sabrina Tosi Cambini, Altri confini. Storia, mobilità e migrazioni di una rete di famiglie rudari tra la Romania e l’Italia, Milano‑Udine, Mimesis, 2021, 274 p. (Stelu Șerban)",Stelu Șerban,Institutul „Arhiva de Folclor a Academiei Române”,,,,,,447,449,,ro,published
98,2,"Antoaneta Olteanu, Mitologie română, Târgoviște, Editura Cetatea de Scaun, 2021, I, 509 p.; II, 354 p.; III, 421 p. (Iordan Datcu)",Iordan Datcu,,,,,,,450,451,,ro,published
99,2,"Constanța Vintilă, Giulia Calvi, Mária Pakucs‑Willcocks, Nicoleta Roman, Michał Wasiucionek, Lux, modă și alte bagatele politicești în Europa de Sud‑Est în secolele XVI‒XIX, București, Editura Humanitas, 2021, 431 p. (Maria Aldea)",Maria Aldea,,,,,,,452,458,,ro,published
100,2,"Marin Marian‑Bălașa, Ochiul dracului și al lui Dumnezeu (mentalități economice tradiționale), București, Editura Muzicală, 2021, 620 p. (Elena Bărbulescu)",Elena Bărbulescu,Institutul de Etnografie și Folclor,,,,,,459,462,,ro,published
101,2,"Valer Simion Cosma, Emanuel Modoc (edit.), Culese din rural, Sibiu, Editura Universității „Lucian Blaga”, 2022, 207 p. (Elena Bărbulescu)",Elena Bărbulescu,Institutul „Arhiva de Folclor a Academiei Române”,,,,,,463,465,,ro,published
102,2,"Vasile Mathe, Nicolae Cristea. Ultimul ceteraș din Poienile Mogoșului, comuna Mogoș (Alba). Film etnografic, Orma Sodalitas Anthropologica, 2022, 90 min. (Bogdan Neagota)",Bogdan Neagota,,,,,,,466,466,,ro,published
103,2,"Hortensia Pop, Calna – Studiu etnografic și folcloric, Cluj‑Napoca, Editura Risoprint, 2022, 271 p. (Bogdan Neagota)",Bogdan Neagota,Universitatea Babeș‑Bolyai,,,,,,467,469,,ro,published
104,2,"„Anuarul Institutului de Etnografie și Folclor «Constantin Brăiloiu»”. Serie nouă, tomul 32, 2021, București, Editura Academiei Române, 341 p. (Ileana Benga)",Ileana Benga,Institutului de Etnografie și Folclor «Constantin Brăiloiu»”.,,,,,,470,482,,ro,published
105,2,"Ioana‑Ruxandra Fruntelată, Despre interpretarea etnologică, București, Editura Etnologică, 2020, 218 p. (Ileana Benga)",Ileana Benga,Institutului de Etnografie și Folclor,,,,,,483,500,,ro,published
106,2,"Astrid Cambose, Cealaltă grădină. Cultura tradițională a morții la români, Cluj‑Napoca, Editura Argonaut, 2019, 630 p. (Ileana Benga)",Ileana Benga,Institutul „Arhiva de Folclor a Academiei Române”,,,,,,501,512,,ro,published
107,2,"Cătălin Alexa, Ritualul Călușului în contextul sociocultural actual, Cluj‑Napoca, Editura MEGA, 2022, 420 p. (Ileana Benga)",Ileana Benga,Institutul „Arhiva de Folclor a Academiei Române”,,,,,,513,522,,ro,published
108,2,ACAD. MIHAI BĂRBULESCU Răzvan Theodorescu (1939–2023),N/A,"Institutul „Arhiva de Folclor a Academiei Române”, Cluj‑Napoca.",,,,,,523,526,,ro,published
109,3,Ion Taloș și dimensiunea europeană a culturii noastre tradiționale,Ilie Moise,"Institutul de Cercetări Socio-Umane, Sibiu.",,,,,,11,14,,ro,published
110,3,"Istoricul apariției unei cărți: „Meșterul Manole” (1973, de Ion Taloș)",Iordan Datcu,București.,,,,,,15,26,,ro,published
111,3,Păstrarea memoriei imateriale în Transilvania ultimului secol. Schiță și jaloane,Liviu Pop,"Institutul Arhiva de Folclor a Academiei Române, Cluj-Napoca.",,,"Preserving the Intangible Memory in Transylvania of the Last Century: Outline and Milestones. In recent decades, the preservation and transmission of intangible cultural memory have become subjects of major interest among researchers and cultural institutions. This concern is particularly relevant in the context of Transylvania, a region rich in traditions and customs that reflect its ethnic and historical diversity. This article explores the relationships between various entities and centers of influence in the conservation of intangible cultural heritage in Transylvania throughout the 20th century and the beginning of the 21st century, highlighting the importance of a coordinated and sustained approach to this topic.","patrimoniu cultural imaterial, folclor transilvănean, păstrarea memoriei colective, intangible cultural heritage, Transylvanian folklore, collective memory preservation","patrimoniu cultural imaterial, folclor transilvănean, păstrarea memoriei colective, intangible cultural heritage, Transylvanian folklore, collective memory preservation",27,34,,ro,published
112,3,Gând pios de rămas bun Domnului Profesor Ion Cuceu,Anamaria Lisovschi,"Institutul Arhiva de Folclor a Academiei Române, Cluj-Napoca.",,,,,,35,36,,ro,published
113,3,Fondul/colecția discurilor de sticlă din Arhiva de Folclor a Academiei Române,Liviu Pop,"Institutul Arhiva de Folclor a Academiei Române, Cluj-Napoca.",,,"This article describes the discovery and analysis of a collection of glass discs from the Folklore Archive of the Romanian Academy. These discs, dating from 1952, contain audio recordings inscribed on a fragile emulsion applied to one side of each glass disc. The collection comprises 27 discs, with 23 successfully digitized. The recordings include both Romanian and Hungarian folk music and were likely made by researchers Ioan R. Nicola and Jagamas János. The article discusses the physical characteristics of the discs, their storage conditions, and the information available on their labels. It also explores the challenges in cataloging and preserving this unique and experimental mini-archive, which represents a fascinating legacy of the Cluj Folklore Archive.","înregistrări pe discuri de sticlă, folclor românesc, folclor maghiar, conservare audio, glass disc recordings, Romanian folklore, Hungarian folklore, audio preservation","înregistrări pe discuri de sticlă, folclor românesc, folclor maghiar, conservare audio, glass disc recordings, Romanian folklore, Hungarian folklore, audio preservation",37,44,,ro,published
114,3,"Identități feminine implicite/explicite în răspunsurile la Chestionarul VI – Nașterea, botezul și copilăria",Elena Bărbulescu,"Institutul Arhiva de Folclor a Academiei Române, Cluj-Napoca.",,,"Implicit/Explicit Feminine Identities in the Answers to Questionnaire VI – Birth, Baptism and The present paper, is merging three approaches coming from a gender studies perspective of the manuscripts that have been drawed as answers to Questionnaire VI: Birth, baptism and childhood in the third decade of the past century. The author’s interpretation reaches the conclusion that the feminine identiy is implicit due to the nature of the material while the masculine, national and religious identities are the main identities expressed by the manner in which the questions were answered.","studii de gen, manuscrise, nașterea, botezul, copilăria, gender studies, manuscripts, birth, baptism, childhood","studii de gen, manuscrise, nașterea, botezul, copilăria, gender studies, manuscripts, birth, baptism, childhood",45,58,,ro,published
115,3,Fenomenele atmosferice (Chestionarul Mușlea VIII),Anamaria Lisovschi,"Institutul Arhiva de Folclor a Academiei Române, Cluj-Napoca.",,,"The present study aims to highlight a series of unique answers, received to the questions of the questionnaire VIII made by Ion Mușlea, with examples directly from the source. As is clear from the catalog of manuscripts, in the archive of the Institute ”Archive of Folklore of the Romanian Academy” from Cluj- Napoca, there are 53 manuscripts-answers to the questionnaire mentioned before, which has the title: ”Earth, water, sky and atmospheric phenomena according to the beliefs and the stories of the people”. In the following pages we will refer to a small part of the answers obtained through the indirect investigation led by Mușlea, after that, the material dedicated to this subject will be typologized and rendered entirely in the volume dedicated to the atmospheric phenomena, as an integral part of ”The Corpus of the Answers from the Ion Mușlea Questionnaires”.","pământ, apa, cer, soare, lună, meteorologie, earth, water, sky, sun, moon, meteorology","pământ, apa, cer, soare, lună, meteorologie, earth, water, sky, sun, moon, meteorology",59,72,,ro,published
116,3,De la teatrul popular la teatrul euphorionist: „Drumul magilor” de Radu Stanca,Ionucu Pop,"Universitatea „Babeș-Bolyai”, Cluj-Napoca.",,,"Only published in 2000, when the volume Turnul Babel [The Tower of Babel] was edited, Drumul magilor [The Path of the Magi] by Radu Stanca, subtitled Viflaim tragic în 3 acte [Tragic “Viflaim” in 3 acts] is one of the least commented works of the Transylvanian author. The preface of the aforementioned volume, signed by Irina Petraș, expeditiously treats the play in question, dedicating a single rather derogatory and limited paragraph to it. The present article aims to revitalize the interest in “The Path of the Magi”, emphasising the complexity of the work written by the main playwright of the Sibiu Literary Circle and of the Euphorion Project. The play possesses visible bonds with the folk drama, which is a rather confusing fact, considering the ideals that marked the Euphorion Project and which Radu Stanca formulated. We will try to analyse how the playwright treats a subject characteristic of the folk drama of winter customs and how this folkloric origin is reconciled with the Euphorion Project’s drama, whose founding father is Radu Stanca himself.","Radu Stanca, teatrul popular, studii culturale, Cercul Literar de la Sibiu, studii literare, folk drama, cultural studies, the Sibiu Literary Circle, literary studies","Radu Stanca, teatrul popular, studii culturale, Cercul Literar de la Sibiu, studii literare, folk drama, cultural studies, the Sibiu Literary Circle, literary studies",73,94,,ro,published
117,3,Bradul – semn funerar și semnificații în sudul județului Hunedoara,Gabriel-Cătălin Stoian,"Muzeul Național al Satului „Dimitrie Gusti”, București.",,,"The paper addresses the place and role of the funerary fir tree among the other tombal signs that can be found in the south of Hunedoara County, the significances of the fir placed at the grave being conveyed: the communication of the fact that a young person died (unmarried), the marriage of the deceased, the bringing of the two together (the man and his double, the fir). As any sepulchral sign, the fir contains a coded text that can be read by observing the ornamentation made during the ritual, but also after the funeral, from which data on the deceased can be found, besides the simple writing of the name and life period. Also, the fir/the funerary assembly with a fir tree is analysed as a projection of the world in which the deceased lived (and should have still lived) and that he takes with him, thus reducing the risk of coming back as a revenant.","brad, ritual funerar, monument funerar, cruce, stâlp funerar, teama de strigoi, fir tree, funerary ritual, funerary monument, cross, funerary post, fear of revenants","brad, ritual funerar, monument funerar, cruce, stâlp funerar, teama de strigoi, fir tree, funerary ritual, funerary monument, cross, funerary post, fear of revenants",95,110,,ro,published
118,3,Patrimoniu cultural și storytelling. Tulburătoarele povești ale caselor de pe Valea Barcăului,Camelia Burghele,Muzeul Județean de Istorie și Artă Zalău.,,,"Cultural heritage and storytelling. The disturbing stories of houses from the Barcău Valley The ethnographic research focused on the traditional architecture of the most conservative villages of Sălaj has carried out under the sign of emergency ethnography. An attempt was made to support a targeted research, specific to the area the villages of Valea Barcăului, materialized in a diachronic and synchronic anthropological approach to everyday life and of social changes, with a special focus on the houses mnierăi (blue) and their stories. The information taken from the field is the basis of an extensive study about the traditional houses of Sălaj and about their specifics but also about the peasant’s skill in building sustainable homes. The storytelling process favorably positions the interlocutor in relation to the field ethnographer and the story becomes fabulous, worthy of a novel of life and home, and contributes decisively to the complex description of the traditional home.","patrimoniu cultural, arhitectură tradițională, storytelling, comunitate, muncă, sat, cultural heritage, traditional architecture, community, work, traditional","patrimoniu cultural, arhitectură tradițională, storytelling, comunitate, muncă, sat, cultural heritage, traditional architecture, community, work, traditional",111,124,,ro,published
119,3,"Relația cercetător – informator de teren, paradigme și informație relevantă",Gabriela Boangiu,"Institutul de Cercetari Socio-Umane „C.S. Nicolăescu-Plopșor”, Craiova.",,,"The relationship between researcher and field informant is one of the most debated topics addressed in the social sciences. Its centrality opens up avenues of research, orients approaches, groups topics. The same centrality gives rise to continuous interrogations that activate the research process. Two coordinates must be taken into account in this regard, on the one hand, the optimization of the selection process of field informants, but also of the communication process, so as to obtain relevant information, and on the other hand, the need for constant repositioning of the researcher towards the investigated material so that his perspective is as comprehensive as possible.","informator de teren, informație relevantă, cercetare de teren, folcloristica, field informant, relevant information, fieldwork, folkloristics","informator de teren, informație relevantă, cercetare de teren, folcloristica, field informant, relevant information, fieldwork, folkloristics",125,130,,ro,published
120,3,Culesul viilor în tradițiile europene,Antoaneta Olteanu,Universitatea din București.,,,"This study is a fragment of a larger research on wine and viticulture in Romania. In this material I presented a short history of wine, with a greater emphasis on the celebrations occasioned by this culture, on the existing popular traditions of cutting the vines, picking them and especially on the production of wine. Even if it is only a few cultural areas researched, one can see a certain common heritage coming from the great civilizations that knew the vine and wine. We note from the beginning the use of the drink especially in religious ceremonies and in funeral rituals, to then reach consumption on a wider scale. It was then used as a medical remedy, then for profane consumption. Later, in Europe, echoes of Dionysian-reminiscent processions were preserved: processions of participants, the election of a king of the feast, feasts and supported consumption of wine, even allegorical chariots, which were organized during the grape harvest.","culesul viilor, consum ceremonial, consum profan, procesiuni alegorice, grape harvest, winemaking, ceremonial consumption, profan consumption, allegorical","culesul viilor, consum ceremonial, consum profan, procesiuni alegorice, grape harvest, winemaking, ceremonial consumption, profan consumption, allegorical",131,142,,ro,published
121,3,Pietrarii venețieni. Contribuția lor la crearea Republicii până la cucerirea napoleoniană,Ileana Kisilewicz,"Universitatea Politehnica, Timișoara.",,,"I tagliapietra veneziani. Il loro contributo alla creazione della Repubblica fino alla conquista napoleonica (Riassunto) Al di la dei limiti oggettivi e oltre le omissioni di una storiografia disattenta, Venezia rappresenta nell’arco di tempo tra 15 e 19 secolo un luogo di significative convergenze intellettuali; secondo Guido Zucconi, forse più che in qualsiasi altra città italiana, vi si incontrano, o semplicemente si incrociano, idee pratiche, personaggi, teorie critico-estetiche tra le più innovative che in quel settore di studi potessero allora essere offerte. A questo proposito affiora un quesito sul giudizio storico-critico che possiamo formulare: quanto vi è di antico, in questa idea un po’enciclopedica di realizzare l’unità del sapere e di cercare di ricostruire, in una descrizione coerente, il rapporto arte/mestiere da una parte e arte/tecnica dall’altra parte? Quel proposito di ricucire i frammenti di informazioni e stata già avviata nei secoli passati. Sono ricerche di grande ampiezza che hanno trovato più spazio nel secolo XX, soffermandosi, grazie ai moderni saperi scientifici, sulle ipotesi nuove riguardando le tecniche del lavoro dei materiali, nei secoli passati a Venezia.","pietrari, școli de meserii, pietra d’Istria, Veneția, arhitectură, tagiapiera, schola, schola grande, Venezia, architettura","pietrari, școli de meserii, pietra d’Istria, Veneția, arhitectură, tagiapiera, schola, schola grande, Venezia, architettura",143,156,,ro,published
122,3,70 de ani după Darwin: fuegienii lui Emil Racoviță,Marin Constantin,"Institutul de Antropologie „Francisc I. Rainer” al Academiei Române, Bucureşti.",,,"Our text makes a comparison between the travel accounts of Charles Darwin and Emil Racoviţă during their scientific voyages to the geographic extremities of South America, in 1832–1833 and 1897–1899, respectively. Indeed, beyond their basic specialization in the natural history (as a classical paradigm including a variety of disciplines like biology, geology or oceanography), Darwin and Racoviţă were constantly interested also in the way of life and cultural traits of Fuegians (or Indians, in Racoviţă’s journal), that is, the native inhabitants of Tierra del Fuego. The ethnographic information thus provided by the author of the theory of evolution and the founding father of biospeology is (in our argument) a major contribution to the making of modern discipline of cultural anthropology worldwide and in Romania as well. Of a particular importance are, for instance, the details referring (both in Darwin’s and Racoviţă’s “travelogues”) to the “civilizing” work of European missionaries and farmers among the indigenous groups living in the Tierra del Fuego. The two journey journals (written at a 70-years distance from one another) therefore might be seen as a “chronicle” of European acculturation over the Fuegian people and their primitive culture.","Charles Darwin, Emil Racoviţă, Tierra del Fuego, etnografie, populaţii indigene, ethnography, indigenous groups","Charles Darwin, Emil Racoviţă, Tierra del Fuego, etnografie, populaţii indigene, ethnography, indigenous groups",157,172,,ro,published
123,3,Notația obișnuită versus notația sinoptică – ipostaze diverse ale transcrierilor Marianei Kahane,Lavinia Gheorghe,"Institutul de Etnografie și Folclor „Constantin Brăiloiu”, București.",,,"Regular versus Synoptic Transcription – Different Aspects of Mariana Kahane’s Transcriptions Mariana Kahane is recognised among ethnomusicologists as a talented musician and transcriber. Her musical transcriptions are, by far, among the most accurate and detailed ones and many times I have found different versions of the same transcription, made several years apart, in the Archive of the Institute of Ethnography and Folklore “Constantin Brăiloiu”. My study presents three such transcriptions of funeral ritual songs (collected by Constantin Brăiloiu in the 1930s, in Gorj region), which Kahane made both in ordinary and synoptic manner. Through a brief comparative analysis, I have tried to highlight the melodic, rhythmic and structural differences between the two versions, and how these can sometimes change the perception of the songs.","Mariana Kahane, arhiva de folclor, cântece funebre, transcriere obișnuită, transcriere, folklore archive, funeral songs, regular transcription, synoptic","Mariana Kahane, arhiva de folclor, cântece funebre, transcriere obișnuită, transcriere, folklore archive, funeral songs, regular transcription, synoptic",173,184,,ro,published
124,3,Tipologia baladei din Bucovina istorică,Constanța Cristescu,"Centrul Cultural Bucovina, Suceava.",,,"The ballad from Bucovina presents itself, musically, as a mosaic of multiple genres, since the epic text is associated with songs borrowed from various genres, such as: doina, carol, lyric song, vocal dance song, romances. Therefore, the Bucovina ballad can be called an epic song, behaving similar to the Transylvanian epic song. The musical documents upon which the present typological model was created are the ballads contained in the fourth volume of the monographic series entitled Alexandru Voevidca – Musical Folklore from Bucovina1. Since the ballad as a genre is not typologically classified in this volume, the typology of the ballad from historical Bucovina is presented in the present study. Here I do not wish to insist on the details of musical structure of the genres associated with the epic texts, as these were analyzed in detail for each genre in the volumes already published. The melodic typology of the ballad is done by recognizing each of its melodic types within the typological catalog of the specific genre that the ballad might borrow its melody from. The melodic types are grouped by the genres of provenance, coded and described in the form of tables, consistently respecting the methodology presented in the previous volumes.","balada, doina, colinda, cântecul liric, cântecul vocal de joc, romanța, cântec epic, ballad, carol, lyric song, vocal dance song, romances, epic song, Bucovina, melodic","balada, doina, colinda, cântecul liric, cântecul vocal de joc, romanța, cântec epic, ballad, carol, lyric song, vocal dance song, romances, epic song, Bucovina, melodic",185,194,,ro,published
125,3,Hora satului. Locul de joc sau de danț,Zamfir Dejeu,"Institutul Arhiva de Folclor a Academiei Române, Cluj-Napoca.",,,"The village dance was and, in some places, still is, a premarital custom with a ceremonial function where the youth of a certain age publicly manifest their preferences towards a potential marriage partner. The village dance has different names in different regions, but it was a practice that was spread throughout the country. In this paper we intend to provide a detailed description of what the village dance was in different Romanian regions and an assessment of its present state.","hora satului, obicei premarital, dansuri tradiționale românești, cete de feciori, tradiții, village dance, premarital custom, Romanian folk dances, youth group, Romanian folk","hora satului, obicei premarital, dansuri tradiționale românești, cete de feciori, tradiții, village dance, premarital custom, Romanian folk dances, youth group, Romanian folk",195,214,,ro,published
126,3,Harry Brauner și începuturile antropologiei media,Mirela Miron,"Universitatea „Babeș-Bolyai”, Cluj-Napoca.",,,"Harry Brauner replenishes the scientific perspective of research on the Romanian villages under the role of music in social life, starting from the interwar period with the operational side of Dimitrie Gusti’s program, using the entire range of media supports: performance, discography, radio, theater, music, films and ethno-musicological documentary film. The beginnings of Brauner’s efforts towards media anthropology start with Maria Tănase in the 30s and end in the 70s with his author film called “The Sound of the Earth”, a ethno-musicological film documentary, after he is released from the communist prison. Under the influence of Harry Brauner, Maria Tănase enlarged her vision from the Bucharest slum repertoire to the village song, which, at that time, could be sung only at the country side, by anonymous singers. Subsequently, Maria Tănase became herself a folklore collector, constantly enriching her repertoire and succeeding in asserting the village song or village-inspired songs even upon the most pretentious music lovers.","antropologia media, Maria Tănase, etno-antropologie rurală, supraviețuitor al, media anthropology, rural ethno- anthropology, survivor of communist","antropologia media, Maria Tănase, etno-antropologie rurală, supraviețuitor al, media anthropology, rural ethno- anthropology, survivor of communist",215,228,,ro,published
127,3,Despre Bartók Béla și Cântecul țărănesc maghiar,Gergely Zoltán,"Institutul Arhiva de Folclor a Academiei Române, Cluj-Napoca.",,,"The Romanian translation of Hungarian Peasant Songs by Béla Bartók, released almost a century after the original, is a valuable resource for researchers and enthusiasts of folk music. This work provides 320 melodies with additional critical notes, exploring both old and new Hungarian peasant music styles. Bartók’s classification, based on rhythmic and metric patterns rather than melodic structure, offers fresh insights into ethnomusicological research. The translation opens up new opportunities for comparative studies in Eastern Europe, emphasizing Bartók’s significant contribution to the field of traditional music.","etnomuzicologie, muzică populară maghiară, analiză ritmică, Béla Bartók, cântece, ethnomusicology, Hungarian folk music, rhythmic analysis, Folksongs","etnomuzicologie, muzică populară maghiară, analiză ritmică, Béla Bartók, cântece, ethnomusicology, Hungarian folk music, rhythmic analysis, Folksongs",229,236,,ro,published
128,3,"Lidia Trăuşan-Matu, editor, Iuliu Barasch. Medicină de pionierat în Ţara Românească, Corint, Bucureşti, 2023, 364 p., (colecţia Istorie cu blazon) (Elena Bărbulescu)",Elena Bărbulescu,,,,,,,237,239,,ro,published
129,3,"Corina Mihăescu, Știință și simbol în ceramica de Horezu – element de patrimoniu UNESCO, Cluj-Napoca, Editura Mega, 2023, 464 p. (Narcisa Știucă)",Narcisa Știucă,,,,,,,240,241,,ro,published
130,3,"Dorina Dragnea, Obiceiurile și folclorul sărbătorilor de primăvară, vară, toamnă. Studiu introductiv, selecție, îngijirea textelor, surse bibliografice, indici și note, Editura Polisalm, Chișinău, 2023. (Ileana Benga)",Ileana Benga,Institutului de Filologie Romînă „Bogdan Petriceicu-Hasdeu” și,,,,,,242,247,,ro,published
131,3,"Mircea Păduraru, Fondul interzis. Incursiune în antropologia folclorului licenţios, vol. I, Editura Universităţii „Alexandru Ioan Cuza”, Iaşi, 2023, 301 p. (Elena Bărbulescu)",Elena Bărbulescu,Universitatea Alexandru,,,,,,248,250,,ro,published
132,3,"Meda Mucundorfeanu, Die deutschsprachige Presse in Rumänien während der kommunistischen Zeit. Fallstudie: die Zeitung „Neuer Weg” [Presa de limbă germană din România în perioada comunistă. Studiu de caz: ziarul „Neuer Weg”], Cluj-Napoca, Editura Accent, 2022, 216 p., fig., tab. (Sanda Ignat)",Sanda Ignat,,,,,,,251,254,,ro,published
133,4,Ion Muşlea şi Arhiva de Folklor a Academiei Române,Liviu-Ovidiu Pop,"Institutul Arhiva de Folclor a Academiei Române, Cluj-Napoca.",,,"This article reconstructs the formative decades (1930–1948) of the Folklore Archive of the Romanian Academy (AFAR) through the biography and professional networks of its founder, Ion Mușlea (1899–1966), the most influential figure in the institution’s history. Drawing on unpublished correspondence, institutional memoranda, field notebooks and early issues of Anuarul Arhivei de Folklor, the study traces how Mușlea’s training in Cluj, doctoral work under George Vâlsan, and study sojourns at the Sorbonne, the Bibliothèque Nationale de France and northern-European folklore archives shaped the archive’s organisation and scholarly agenda. The analysis shows that Mușlea combined French comparative-folklore approaches with Germanic principles of systematic documentation, creating an innovative system of thematic, geographic and typological indexing that brought the dispersed Romanian oral tradition into a coherent research corpus. By mobilising a nationwide network of teachers, priests and students via large-scale questionnaires – a form of early crowdsourcing – he assembled and meticulously catalogued 1,221 manuscripts, about 500 drawings and dozens of early photographs. Supported institutionally by Sextil Puşcariu and Ion Bianu, Mușlea also launched the archive’s flagship journal (seven volumes, 1932–1945) and integrated Romanian folklore studies into international bibliographies and research exchanges. The article argues that Mușlea’s dual career as university librarian and archive director was decisive for AFAR’s modern information infrastructure and for the professionalisation of Romanian ethnology. Although post-war political reforms curtailed the archive’s autonomy, Mușlea’s methods and collections continued to underpin folklore scholarship in Romania. The study thus positions AFAR as both a national cultural repository and a node in the inter-war European network of ethnographic knowledge.","Arhiva de Folklor, Ion Mușlea, Documentare etnografică, Metoda Chestionarelor, Folklore Archive, Ethnographic Documentation, Questionnaire Method","Arhiva de Folklor, Ion Mușlea, Documentare etnografică, Metoda Chestionarelor, Folklore Archive, Ethnographic Documentation, Questionnaire Method",11,22,,ro,published
134,4,O perspectivă documentară asupra cooperării științifice între Institutul de Folclor din Cluj și Grupul de cercetare a muzicii populare din Budapesta,Gergely Zoltán,"Institutul Arhiva de Folclor a Academiei Române, Cluj-Napoca.",,,"A documentary perspective on the scientific cooperation between the Folklore Archive in Cluj This study offers both a historical reconstruction and a reflective reading of the cooperation between the Folklore Archive in Cluj and the Folk Music Research Group in Budapest from the early 1950s to the present. Based on recently rediscovered administrative records ‒ requests, correspondence, fieldwork reports, and acknowledgements of receipt ‒ it retraces a complex history shaped by ideological constraints, personal initiatives, and long-term professional friendships. The narrative follows key episodes: the early student exchanges and joint fieldwork campaigns of the 1950s, the political rupture of 1959, the gradual resumption of collaboration in the late 1960s, and the post-1989 partnerships that opened new avenues for archival access, digitization, and joint publications. By combining archival evidence with the author’s perspective as both researcher and institutional heir, the article sheds light on how, even under restrictive political regimes, scholarly dialogue could persist and later flourish. The visual integration of photographs and facsimiles of archival documents serves not only as illustration but as an active component of the historical argument.","cooperare științifică, etnomuzicologie, arhive de folclor, relații româno-maghiare, scientific cooperation, ethnomusicology, folklore archives, Romania-Hungary relations","cooperare științifică, etnomuzicologie, arhive de folclor, relații româno-maghiare, scientific cooperation, ethnomusicology, folklore archives, Romania-Hungary relations",23,40,,ro,published
135,4,Din istoria culturii orale românești: codex Calixtinus (sec. XII),Ion Taloș,Universität zu Köln.,,,"Aus der mündlichen Kultur der Rumänen im 12. Jh.: Codex Calixtinus (Zusammenfassung). Im ersten Teil des Artikels untersucht der Verf. die lateinischen Begriffe „Daker“ und „Römer“ aus dem Codex Calixtinus (12. Jahrhundert). Er widerspricht seinem italienischen Kollegen Carlo Pulsoni, der schreibt, dass als Daker nicht die Bewohner Südosteuropas, sondern die Dänen aus dem Baltikum gemeint seien. Sein Hauptargument ist, dass Papst Calixtus II. im Codex bekennt, die Geschichte eines Wunders des Apostels Jakobus in Galizien, Frankreich, Deutschland, Italien, Ungarn und Dakien aufgezeichnet zu haben. Es ist klar, dass der Papst die Legende in der Nähe Ungarns, also in Dakien in Südosteuropa, erwähnte. Pulsoni wird außerdem für die Aussage kritisiert, dass der lateinische Begriff „Romanen“ die Bezeichnung für Rumänen, sondern für Einwohner Roms oder einige Bewohner des Byzantinischen Reiches verstanden werden kann. Sein Argument: Rumänen wurden immer Walachen gennant. Erst Mitte des 16. Jhs. erscheint der erste Beleg über Rumänen mit diesem Namen. Verf. zeigt dass dieser Name schon im 10. Jh. belegt wurde. Im zweiten Teil zeigt der Autor, dass die Chronik des Pseudo-Turpin, in der es heißt, der dakische König habe mit 10.000 tapferen Männern am Krieg in Spanien teilgenommen, als König des südosteuropäischen Dakien und nicht als König Dänemarks interpretiert werden könnte, denn im 12. Jahrhundert gab es noch ein Dakien, das in der Antike so genannt wurde, und Dänemark begann, diesen Namen zu tragen, der sich erst zwischen 1229 und 1235 durchsetzte, die Chronik des Pseudo-Turpin wurde aber auf Mitte des 12. Jahrhunderts datiert.","Codex Calixtinus, Liber Sancti Iacobi, Veneranda dies, Otgerius rex Dacie, miracol, Kodex von Calixtus, Buch des Heiligen Jakob, Otgerius König von","Codex Calixtinus, Liber Sancti Iacobi, Veneranda dies, Otgerius rex Dacie, miracol, Kodex von Calixtus, Buch des Heiligen Jakob, Otgerius König von",41,56,,ro,published
136,4,Câteva mărturii etnoistorice despre târgurile de fete din Munții Apuseni (1793–1881),Ela Cosma,Institutul de Istorie „George Barițiu” al Academiei Române din Cluj-Napoca.,,,"Several Ethnohistorical Testimonies regarding the Girls’ Fairs from the Western Carpathians The present study aims to present a few ethnohistorical testimonies from the 18th-19th centuries, written in German language, which mention and describe the Romanian inhabitants living in the Transylvanian Western Carpathians (moți) and at the foot of these mountains (crișeni), as well as their unique custom of the so-called „girls’ fairs” (târguri de fete). The latter were held yearly, on the Mountain Găina („Hen”), but also on further mountain plateaus of Cucurbăta, Gheleșoaia or Piatra Grăitoare (Speaking Stone) beneath the peak Bihor. To these is to be added the not less interesting „kissing fair” (târgul de sărutat) of Hălmagiu. The oldest description of the „girls’ fairs”, realised by the Saxon memory writer Michael Conrad von Heydendorff Senior in 1793, is followed by those signed by Austrian speologist and ethnographer Adolf Schmidl in 1863, and by the Romanian classic and novelist Ioan Slavici in 1881, in his little known first imagology study of the Romanian literature, dedicated to Die Rumänen in Ungarn, Siebenbürgen und der Bukowina (The Romanians in Hungary, Transylvania and Bukovina).","târgurile de fete, moți și crișeni, Munții Apuseni, mărturii etnoistorice din 1793–1881, „Girls’ fairs”, moți and crișeni, Romanian Western Carpathians, ethnohistorical testimonies","târgurile de fete, moți și crișeni, Munții Apuseni, mărturii etnoistorice din 1793–1881, „Girls’ fairs”, moți and crișeni, Romanian Western Carpathians, ethnohistorical testimonies",57,82,,ro,published
137,4,De-ale carnavalului. Cu mască – fără mască în spectacolul lumii,Anamaria Lisovschi,"Institutul Arhiva de Folclor a Academiei Române, Cluj-Napoca.",,,"The mask originally had well-defined roles: it concealed, protected and transformed. In the Venice Carnival, it erased social status and freed individuals from constraints. In Romanian traditions, the mask was a weapon against evil spirits, a code of communication between humans and nature. Each mask was created for a specific purpose: to frighten, protect, satirize, heal, or bring fertility. This is precisely why they were not mass-produced, being unique not only in form but also in function—as part of a spiritual dialogue with the surrounding world. Used in rituals, performances, and celebrations, the mask reflects cultural values, beliefs, and aesthetics specific to each community. Between Venetian and traditional Romanian masks lies a distance not only geographical but also symbolic, aesthetic, and functional. Nevertheless, they remain authentic expressions of the cultural and artistic heritage of the peoples they come from.","carnaval, mască, spectacol, sărbătoare, universalitate, carnival, mask, performance, celebration, universality","carnaval, mască, spectacol, sărbătoare, universalitate, carnival, mask, performance, celebration, universality",83,98,,ro,published
138,4,"Măști îmbrăcate, măști jucate și comportamentele aferente în câteva ceremonialuri populare românești",Ileana Benga,"Institutul Arhiva de Folclor a Academiei Române, Cluj-Napoca.",,,"Wear and Bear the Mask: Behaving and Misbehaving or the Many Faces of Popular Customs and The article confines the analysis to solely popular customary ceremonials observed along rich field and archival research. Be it behavioural or objectual, the role identity in the tradition-bound screenplay is assumed and ”worn” precisely as a mask, rendering the presence or the absence of the true features of the adjoined mask, optional. Carnivalesque behaviour thus becomes the unit, to be considered in relation with its counterpart, the solemn behaviour. The function they both serve – successively or simultaneously – within the enactment and performance of traditional customs and celebrations, is accounted for, together with the permanent inquiry on whether their complementarity does or does not say the full story about the transmission of cultural celebratory facts.","mascare, ceremonialuri populare, comportament carnavalesc și comportament solemn, masking, popular celebrations, carnivalesque and hieratic behaviour, role identity, cultural","mascare, ceremonialuri populare, comportament carnavalesc și comportament solemn, masking, popular celebrations, carnivalesque and hieratic behaviour, role identity, cultural",99,114,,ro,published
139,4,Masca populară – univers al tradițiilor maramureșene,Bianca Maria Pop,"Facultatea de Istorie și Filosofie, Universitatea Babeș-Bolyai, Cluj-Napoca.",,,"Throughout the research, traditional masks from Maramureș – a deeply tradition-rooted ethnographic region – were brought into focus. Particular attention was given to the masks used during the winter holidays, when they play a central role in ritualistic and theatrical performances. The study of these customs revealed how masks are perceived within the worldview of rural communities, emphasizing their uniqueness, singularity, and symbolic significance. Moreover, the mask holds a distinct place within folk theatre, where it becomes the core of the entire artistic act. To complete this perspective, the research included an interview with a folk artisan – an essential figure in the existence of the mask. Through his imagination and creativity, he succeeds in elevating the mask to the level of a true work of art.","masca, tradiție populară, identitate culturală, Maramureș, patrimoniu imaterial, mask, folk tradition, cultural identity, intangible heritage","masca, tradiție populară, identitate culturală, Maramureș, patrimoniu imaterial, mask, folk tradition, cultural identity, intangible heritage",115,130,,ro,published
140,4,Între femei – despre femei – cu femei. Povești de viață la feminin,Elena Bărbulescu,"Institutul Arhiva de Folclor a Academiei Române, Cluj-Napoca.",,,"This paper is using three axes of approach in order to bring forward the lifestories of women. The author is mingling ideas coming out from the praxis of interviews in the fieldresearch regarding the relation between the researcher and interviewee with ideas regarding the topics of discussion preferred by the interviewees. At the same time, the approach is framed in the gender category, trying to highlight what importance may have the fact of being of the same gender when doing fieldresearch on some specific topics.","femei, studii de gen, muncă, îngrijire, rural, women, gender studies, work, care","femei, studii de gen, muncă, îngrijire, rural, women, gender studies, work, care",131,144,,ro,published
141,4,Zur traditionellen Küche der Dobrudschadeutschen. Interview mit Anna Schaal aus Regensburg (Deutschland),Sanda Ignat,Institut „Folklorearchiv der Rumänischen Akademie“ Klausenburg/Cluj-Napoca.,,,"Despre bucătăria tradițională a germanilor dobrogeni. Interviu cu Anna Schaal din Regensburg, Germania (Rezumat) În prezenta lucrare oferim transcrierea și analiza etno-culinară a unui interviu ce ne-a fost acordat în aprilie 2025 de d-na Anna Schaal (69 ani), descendentă de coloniști germani din localitatea Mihail Kogălniceanu (fostă Caramurat), jud. Constanța. Familia interlocutoarei a făcut parte dintre etnicii germani relocați din Dobrogea în Cehia în anul 1941 printr-un acord între regimul nazist și cel antonescian, iar în urma celui de-Al Doilea Război Mondial s-a stabilit în RFG. Aici, generația bunicilor și părinților a continuat în mare măsură stilul de viață din Dobrogea, caracterizat prin grădinărit și autogospodărire, precum și prin valori socio-culturale specifice. Interlocutoarea aparține generației secunde de migrație, respectiv prima născută în Germania. Deși nu a trăit în Dobrogea, prin educația familială i-a fost transmisă o bună parte din cultura germanilor dobrogeni. Este semnificativ că ea păstrează multe din obișnuințele culinare ale părinților, între care rețete tradiționale cu influențe rusești și românești. În prezent, aprofundează pe cont propriu acest stil de gătit, apelând la cărți de bucate și cursuri de gastronomie românească. În același timp, se consideră o continuatoare a tradițiilor acestei comunități, care în România este în disoluție de câteva decenii. Interviul s-a desfășurat online și este parte a proiectului de cercetare GAR 2023–029 ADELIS, finanțat de Academia Română.","coloniștii germani din Dobrogea, etnologie culinară, bucătăria tradițională, ospitalitate, deutsche Siedler in der Dobrudscha, kulinarische Ethnologie, traditionelle","coloniștii germani din Dobrogea, etnologie culinară, bucătăria tradițională, ospitalitate, deutsche Siedler in der Dobrudscha, kulinarische Ethnologie, traditionelle",145,172,,de,published
142,4,Cântecul Bradului în cadrul repertoriului funerar din sudul județului Hunedoara,Gabriel-Cătălin Stoian,"Muzeul Național al Satului „Dimitrie Gusti”, București.",,,"The study addresses the main folkloric categories of the funeral repertoire in the southern part of Hunedoara County, also proposing a hypothesis regarding their circulation within the researched area— namely, that the few attestations of the „song of dawn” in the region are rather the result of interference with the Banat area. By correlating the bibliography with field data gathered over more than 20 years of research, the relationship between the different literary-musical genres of the funeral repertoire is also analysed. At the same time, the study discusses the history of the scholarly approach to funeral verses, identifying the causes of their (unjust) disregard and providing arguments for their importance in understanding both the dynamics of the funeral ritual and the rural view on death.","cântecul bradului, cântecul zorilor, bocet, cântări funerare, verșuri funebre, song of the fir tree, song of dawn, lament, funeral chants, funeral verses","cântecul bradului, cântecul zorilor, bocet, cântări funerare, verșuri funebre, song of the fir tree, song of dawn, lament, funeral chants, funeral verses",173,182,,ro,published
143,4,Considerații despre unele motive mitologice clasice prezente în basmul fantastic românesc. (III) Motivul Herakles-Nessus,Costel Cioancă,"Academia Română, Muzeul de Artă Veche Apuseană ing. Dumitru Furnică-Minovici, Bucureşti.",,,"Considerations about some classical mythological motifs in Romanian fantastic fairy tale. (III) The presence of motifs from classical mythology in products of the Romanian traditional imagination, such as the fantastic fairy tale, should not surprise the reader. From the beginning of collecting and editing these products of the popular imagination, some exegetes noticed the proximity of some themes/motifs to the classical ones, mentioned by the different mythographers of Antiquity. As such, it seemed natural that one of the theories regarding the appearance of these products of the popular imagination (fairy tales) claims their origin in some classic myths known once/somehow disseminated in the area where this fairy tale will be born. Sometime/somehow such a myth entered the collective mentality, influencing the epic of some fairy tales to the point of losing originality and taking over, processing or just promoting a classic subject. As it seemed almost natural that some local authors systematize their folklore materials on the fundamental patterns, of great typological-cultural stability, of mythological mentions. The present study aims to mirror the old myth of the Herakles versus Nessus, respectively its presence at the level of the Romanian fantastic fairy tale. This one was soon followed by other mythological motifs present at the level of the Romanian fairytale.","imaginar, mitologie, basm fantastic românesc, mitanaliză, motivul Herakles-Nessus, imaginary, mythology, Romanian fairy tale, mythanalysis, Herakles-Nessus motif","imaginar, mitologie, basm fantastic românesc, mitanaliză, motivul Herakles-Nessus, imaginary, mythology, Romanian fairy tale, mythanalysis, Herakles-Nessus motif",183,196,,ro,published
144,4,Cercetări etnografice adresate tinerilor în Transilvania (1921–1948),Miklós Alpár,"Institutul Arhiva de Folclor a Academiei Române, Cluj-Napoca.",,,"This study focuses on youth-conducted ethnographic research and fieldwork during the period 1921–1948, within the historical context of the development of leisure-time culture among Hungarians in Transylvania under changing regimes—under Romanian rule (1921–1940), then, in the case of Northern Transylvania, under Hungarian rule (1940–1944), and again under Romanian rule (1944–1948). The topic is examined through three chapters: youth-conducted ethnographic fieldwork as reflected in the youth magazine Ifjú Erdély (1923–1944); ethnographic fieldwork within the Hungarian scouting movement in Transylvania (1910–1948); and youth-conducted ethnographic fieldwork in the activities of prominent figures of the Transylvanian Carpathian Society (1891–1948), the most important Hungarian tourism and outdoor organization of the period. The study concludes that the calls for ethnographic fieldwork published in the Ifjú Erdély led to youth-conducted investigations that are highly relevant for contemporary ethnological studies. It further highlights that the practice of publishing competition calls, which motivated youth to engage in ethnographic fieldwork—a practice that later resulted in numerous youth-conducted investigations of Hungarian culture during Romania’s socialist period—was already in use during the interwar period. Within the Hungarian scouting movement, there was a strong interest in ethnography, with specific forms of ethnographic fieldwork developing. These practices also appeared in the scouting movement in Transylvania, although the outcomes of these fieldworks still need to be identified and analyzed. Finally, the study shows that during the period investigated, the prominent members of the Transylvanian Carpathian Society consistently encouraged both youth and adults involved in tourism and outdoor activities to undertake ethnographic fieldwork.","culegere etnografică, tineret, turism, drumeție, excursii școlare, cercetășie, ethnographic fieldwork, youth, tourism, nature excursions, school trips, scouting","culegere etnografică, tineret, turism, drumeție, excursii școlare, cercetășie, ethnographic fieldwork, youth, tourism, nature excursions, school trips, scouting",197,216,,ro,published
145,4,Cântecul propriu-zis din Munții Apuseni: o privire de ansamblu asupra evoluției sale de la începutul secolului XX și până astăzi,Theodor Constantiniu,"Institutul Arhiva de Folclor a Academiei Române, Cluj-Napoca.",,,"The lyrical song from the Apuseni Mountains: an overview of its evolution from the beginning of The folk music of the Apuseni Mountains has benefited from the interest of many researchers, most notable being Béla Bartók, Ioan R. Nicola and Ioan Bocșa. Bartók travelled the region in the second decade of the 20th century and collected about 100 pieces of vocal music from 7 villages. In the 1950s, Ioan R. Nicola covered a much larger area and recorded a significant number of melodies. About 100 years after Bartók, Ioan Bocșa launched a field campaign in the same region. This study intends to benefit from the existence of the aforementioned Apuseni collections in order to delineate the evolution of the lyrical song in the region in the last century. We will highlight the changes that have occured from one collection to another, as well as pointing to the continuities regarding the repertoire and the structural characteristics that can be observed in all the available material.","Munții Apuseni, cântec propriu-zis, colecții de folclor muzical, evoluția folclorului, Apuseni Mountains, lyrical song, folk music collection, folk music evolution","Munții Apuseni, cântec propriu-zis, colecții de folclor muzical, evoluția folclorului, Apuseni Mountains, lyrical song, folk music collection, folk music evolution",217,232,,ro,published
146,4,"Consacrarea comunitară a casei: haidaț la dripeliște! și cea religioasă, feștania",Camelia Burghele,"Muzeul Județean de Istorie și Artă, Zalău.",,,"In the villages of Valea Barcăului – Sălaj, at the end of the construction of houses, the young people of the village were called to level the earthen floor. They did it by dancing barefoot, to the music of musicians paid by the host. The moment was one of great joy for the young people and of great utility for the owners of the house. The dance of the young people in the new house consecrated a kind of community legitimization of the house, the sign that the construction was finished and that the future inhabitants could prepare to move into the new house. The meeting of young people and the dance in pairs was called „dripeliște” (from the verb „a dripili”, which means to tread lightly). The present material bears witness to the antiquity, relevance and importance of this custom directly related to the construction of houses. The moment of „dripeliște” is seen in a broader context, that of marking the completion of construction with ritual foundations (placing the bouquet of flowers on the top of the roof) and religious (festival, the blessing of the house with holy water, by the village priest). We believe that „the beating of the house”, as the „dripeliște” are called in other areas, is yet another proof of the cleverness with which the peasant in the traditional village knew how to balance the work- fun ratio.","satul traditional, construirea caselor, tineretul, legitimarea comunității, antropologie, traditional village, construction of houses, young people, community legitimization, cultural","satul traditional, construirea caselor, tineretul, legitimarea comunității, antropologie, traditional village, construction of houses, young people, community legitimization, cultural",233,242,,ro,published
147,4,"Muzeu.com, adică muzeu și comunitate. Cazul bisericii din Topla, centrul spiritual al Muzeului Satului Bănățean Timișoara",Borco Ilin,"Muzeul Satului Bănățean, Timișoara.",,,"The museum-community connection develops in both directions and gives life to both entities: the community is the one that generates the museum, demands it and builds it institutionally, and the museum, in turn, is the one that puts itself at the service of the community, by mirroring its history, culture, art and ethnicity. The museum is the one that tells the stories of the community, often taking over the stories of one generation and transferring them to the next. This is the case of the Banat Village Museum, which tells the stories of the traditional Banat village, of the houses and households, of the courtyards, the church and its believers, to children from the urban community or the peri-urban countryside. For the Banat Village Museum in Timisoara, the church at Topla is a kind of open-air exhibition, a living exhibition that was visited by both visitors interested in local culture and believers who attended the Sunday service in the place of worship. In the spring of 2025, on a fateful April night, the wooden church in Topla burned down, to a significant extent. We believe it is essential that the story of the church and all the stories it has generated over time remain alive. The museum opens itself to the community, among other things, informing the community about the current situation of this hard-hit heritage site.","relații muzeu-comunitate, satul bănățean tradițional, cultura tradițională, marketing, museum-community connection, traditional Banat village, traditional culture, cultural","relații muzeu-comunitate, satul bănățean tradițional, cultura tradițională, marketing, museum-community connection, traditional Banat village, traditional culture, cultural",243,256,,ro,published
148,4,O lectură intertextuală a filmului sociologic „Un sat basarabean – Cornova”,Mirela Miron,"Facultatea de Teatru și Film, Cinematografie și Media, Universitatea „Babeș-Bolyai”, Cluj-Napoca.",,,"An intertextual approach of the sociological monograph film „A Bessarabian village – Cornova” Conceived as a new genre in cinematography by Dimitrie Gusti, the sociological film has a script based on his theory of frames and manifestations. Co-directed with his collaborators, it suggestively reveals both the Romanian rural world that has changed its aspect over time and the dynamics of field research with the help of multidisciplinary teams coordinated by the sociologist. Our hermeneutical analysis focuses on fragments of the documentary film made in one of the campaigns of sociological monograph, in the interwar period, by Dimitrie Gusti and his collaborators, who conducted research on Romanian villages, within the Romanian Social Institute, in 1931: „A Bessarabian village – Cornova”. We relate this sociological documentary to other texts, especially written ones, containing testimonies both about the making of the documentary and about the members of the research team who appear, self-referentially, in the film. Thus, almost 100 years after it was made and after the film was not accessible to the public for a long period until recently, the images become complementary to the text and they render „fragments of life” and people’s faces.","filmul documentar sociologic, Dimitrie Gusti, scenariu sociologic gustian, Cornova, sociological documentary film, Gusti’s sociological script","filmul documentar sociologic, Dimitrie Gusti, scenariu sociologic gustian, Cornova, sociological documentary film, Gusti’s sociological script",257,270,,ro,published
149,4,"Românism, românitate, reprezentări socio-culturale și alte forme de perenitate în exilul românesc",Anca Stângaciu,"Facultatea de Studii Europene, Universitatea „Babeș-Bolyai”, Cluj-Napoca.",,,"Romenismo, romenità, rappresentazioni socio-culturali e altre forme di permanenza nell’esilio rumeno (Riassunto). Attraverso il ritrovamento nella cosiddetta Mondo Libero oppure la Romania Alternativa come gli stessi esuli l’hanno definita, si è costituito in tutti quelli anni del secondo dopoguerra, in Europa e in America, il quadro per una cultura romena autenticamente libera, nelle democrazie che hanno facilitato integrazione, la doppia identità, apertura all’universalità, ma anche conservazione del senso del romenismo. Sotto questo simbolo, si sono organizzati in parrocchie, associazioni, società culturali, hanno fondato riviste, tipografie e case editrici e soprattuto si sono riuniti in occasione di feste, eventi culturali ecc. L’esilio, nella sua espressione culturale, si è rivelato il più delle volte sottile, talvolta latente, ma comunque presente, anche militante e alcune volte criticamente combativo. Infatti, è stato contraddistinto da un’attenzione al romenismo, ma anche da una dimensione internazionale, grazie a realizzazioni di eccezione, antidittatoriale e soprattuto resistente, in parte restituito, dopo il 1989, alla cultura romena intera e alla Romania. Parole chiave: esilio, identità, resistenza culturale, associazioni, pratiche, democrazia.","exil, identitate, rezistență culturală, asociații, practici, democrație","exil, identitate, rezistență culturală, asociații, practici, democrație",271,284,,ro,published
150,4,Cititul de cărți – o „iscusită zăbavă”. Note de lectură,Nicolae Constantinescu,Universitatea din București.,,,,,,285,288,,ro,published
151,4,Ion Taloș și romanitatea orientală,Mihai Bărbulescu,"Institutul Arhiva de Folclor a Academiei Române, Cluj-Napoca.",,,,,,289,294,,ro,published
152,4,"Petru Caraman, Literatură populară. Ediție, introducere, note, corpus de texte, indici și bibliografie de Ion H. Ciubotaru și Silvia Ciubotaru, Iași, Editura Universității „Alexandru Ioan Cuza”, 2024, 688 p. cu ilustrații (Anamaria Lisovschi)",Anamaria Lisovschi,,,,,,,295,298,,ro,published
153,4,"Annemarie Sorescu-Marincović, Monica Huţanu, The Vlachs of Eastern Serbia. Language and Society, Austrian Academy of Sciences Press, edited by the Commission Vanishing Languages and Cultural Heritage (head Thede Kahl), volume 3, Vienna 2023, 257 p. (Elena Bărbulescu)",Elena Bărbulescu,,,,,,,299,301,,ro,published
154,4,"Ivan Neciui-Levyțkyi, Concepția despre lume a poporului ucrainean. Schiță de mitologie ucraineană. Traducere din ucraineană și note de Cristina Silaghi și Mihaela Herbil, Prefață de Mihaela Herbil, București, Editura RCR Editorial, 2022, 152 p. (Maria Aldea)",Maria Aldea,,,,,,,302,304,,ro,published
155,4,"Revista „Boabe de Grâu”. Repere etnologice, selecţie de texte, introducere şi notă asupra ediţiei de Florenţa Popescu-Simion, Editura Academiei Române, Bucureşti, 2023, 607 p. (Elena Bărbulescu)",Elena Bărbulescu,Institutul de Etnografie şi Folclor „Constantin,,,,,,305,306,,ro,published
156,4,"Valer Simion Cosma, Molitve, Cetanii şi Afurisenii. Preotul în lumea ţărănească a românilor ardeleni (sec. XVIII–XIX), Editura Universităţii „Lucian Blaga”, Sibiu, Editura Mega, Cluj-Napoca, 2024, 388 p. (Elena Bărbulescu)",Elena Bărbulescu,,,,,,,307,309,,ro,published
157,4,"Mariana Kahane, Muzica Gorjului de altădată. Cu privire la cercetările de folclor întreprinse și valorificate de Constantin Brăiloiu, ediție îngrijită de Lavinia Gheorghe, Editura Universității Naționale de Muzică din București, 2022, 178 p., 6 planșe. (Theodor Constantiniu)",Theodor Constantiniu,institutul bucureștean.,,,,,,310,311,,ro,published
158,4,"Macarie (Marius-Dan) Drăgoi, Lucia-Augusta Iștoc, Folclor muzical de pe văile Țibleșului, vol. I, Cântece ocazionale, Editura Curs, Cluj-Napoca, 2023, 329 p. (Theodor Constantiniu)",Theodor Constantiniu,"Institutul Arhiva de Folclor a Academiei Române, Cluj-Napoca",,,,,,312,313,,ro,published
159,4,"Dumitru Irimieș, Istorii și destine, Editura Napoca Star, Cluj-Napoca, 2023, 562 p. (Doina Ișfănoni)",Doina Ișfănoni,Muzeul Etnografic al Transilvaniei i-au,,,,,,314,314,,ro,published
160,4,Prof. univ. (e) dr. Nicolae Constantinescu: o viață exemplară în slujba culturii românești,Ioana-Ruxandra Fruntelată,"Facultatea de Litere, Universitatea din București; Institutul de Etnografie și Folclor „Constantin Brăiloiu”,",,,,,,315,320,,ro,published
161,4,In memoriam Georgeta Stoica,Narcisa Știucă,Universitatea București.,,,,,,321,324,,ro,published
