id,issue_id,title,authors,affiliations,emails,abstract_ro,abstract_en,abstract_de,abstract_fr,keywords_ro,keywords_en,keywords_de,keywords_fr,pages_start,pages_end,doi,language,status,section,series,pdf_path,md_path,conf_title,conf_authors,conf_keywords_ro,conf_keywords_en,conf_abstract,is_review,extract_front_source,extract_full_source,extract_quality
"1","1","Un nou început","Ion Taloș","Institutul Arhiva de Folclor, păstrându‑și profilul stabilit în 1964.","","","","","","","","","","13","16","","ro","published","","seria-3","ingest/issues/aaf-xxv-xxvi-2022/articles/001-un-nou-inceput.pdf","ingest/issues/aaf-xxv-xxvi-2022/md/001-un-nou-inceput.md","0.98","0.96","0.20","0.20","0.20","false","fitz","fitz","0.95"
"2","1","Cercetările etnologice zonale la Cluj","Ion Cuceu","Institutul „Arhiva de Folclor a Academiei Române”, Cluj‑Napoca.","","","In 2003–2004, the author of the article has initiated the published series: The Monographs of The Folklore Archive of the Romanian Academy. Regional Ethnographic Research, intended to foster monographic texts written by founder Ion Mușlea and the stipendees of the Folklore Archive Institute (between 1930 and 1948–1949). Many documents attest the utmost importance Ion Mușlea attached to those collections, such as: the annual activity reports, the correspondence with the authors, the full bibliographic lists around every field trip. Collecting every data surrounding regional research campaigns not only sheds light on the evolution of Cluj ethnography and folkloristics, but also brings forth the important theoretical‑methodological acquisitions thus obtained, together with the development of local modern ethnological field research. Less than half the number of the stipendees have entrusted their productions to their legitimate owner, the Folklore Archive of the Romanian Academy (FARA). The remaining extant collections represent wholesome archival funds, subsequent (second phase) to the indirect questionnaire collections of the first phase of FARA. Other national initiatives (Ioan Micu Moldovan, V.A. Urechia, B.P. Hasdeu, Ovid Densusianu, Ion Bianu, Dimitrie Gusti) from nearby timeframes are being duly and thoroughly considered in the article and framed together with the FARA heritage. The goal of every endeavour stood in the creation of the Ethnographical Atlas, the Encyclopaedia of Romanian Traditional Civilization, and the Folklore Corpus. Special focus is being given to Ovid Densușianu’s choice of region, marking a breakthrough in folklore methodology; FARA itself is originally his project, meant for Bucharest, eventually settled in Cluj (1930). Its journal, “The Yearbook of the Folklore Archive”, would publish monographic material right from the beginning. The second ground‑breaking epistemic change was brought by Ion Mușlea’s monographic enterprise in Folklore Research in Oaș County (1932). He later appealed to the Romanian Academy for the right to publish monographs as such (Oaș, Lăpușna, Almăj, Nistru Lower Valley, Scărișoara, Romanian Ugocea, Gurghiu Valley), yet was denied (1940). The monographic programme has officially been halted in 1948, to be resumed in the fifties and then halted again, in 1960–1962. The author states that, among the many virtues, Ion Mușlea has pioneered the research of Romanian magic traditions.","","","Arhiva de Folclor a Academiei Române, Ion Mușlea, monografie, etnologie regională, The Folklore Archive of the Romanian Academy, monograph, regional","Arhiva de Folclor a Academiei Române, Ion Mușlea, monografie, etnologie regională, The Folklore Archive of the Romanian Academy, monograph, regional","","","17","28","","ro","published","ARHIVA DE FOLCLOR A ACADEMIEI ROMÂNE LA 90 DE ANI","seria-3","ingest/issues/aaf-xxv-xxvi-2022/articles/002-cercetarile-etnologice-zonale-la-cluj.pdf","ingest/issues/aaf-xxv-xxvi-2022/md/002-cercetarile-etnologice-zonale-la-cluj.md","0.98","0.96","0.95","0.95","0.97","false","fitz","fitz","0.95"
"3","1","Arhiva de Folclor Cluj – O realitate acceptată","Elena Hlinca Drăgan","Institutul „Arhiva de Folclor a Academiei Române”, Cluj‑Napoca.","","","This paper follows the history of the folklore archive, from birth and growth of archival inclinations, all the way to the present‑day institution. The red line lies in the author’s ethnomusicological background, allowing her to encompass the paramount width covered by archival materials collected by many means, through multiple methodologies, for the entire existence of ninety years of our Folklore Archive of the Romanian Academy, of which she has been the custodian for 36 years (1966–2002). Beginning with a short outline of musical and choreutical folklore mentions throughout local history, the author is concentrating on the principles at the foundation of several local archival funds or collections, then follows the evolution of every taxonomical effort to them dedicated, to eventually state the present‑day structure of the Folklore Archive from Cluj (FAC/ AFC in Romanian). Proper attention is being given to the prominence of AFC as the first folklore‑tending institution to have offered locally index‑based systemic organization of folklore information.","","","arhiva de folclor, etnomuzicologie, index analitic, index pe genuri și specii muzicale, folklore archive, ethnomusicology, analytical index, musical genre index, thematic","arhiva de folclor, etnomuzicologie, index analitic, index pe genuri și specii muzicale, folklore archive, ethnomusicology, analytical index, musical genre index, thematic","","","29","44","","ro","published","ARHIVA DE FOLCLOR A ACADEMIEI ROMÂNE LA 90 DE ANI","seria-3","ingest/issues/aaf-xxv-xxvi-2022/articles/003-arhiva-de-folclor-cluj-o-realitate-acceptata.pdf","ingest/issues/aaf-xxv-xxvi-2022/md/003-arhiva-de-folclor-cluj-o-realitate-acceptata.md","0.98","0.96","0.94","0.94","0.96","false","fitz","fitz","0.94"
"4","1","ION H. CIUBOTARU Un vrednic urmaș al lui Ion Mușlea","Elena Hlinca Drăgan","Institutul de Filologie Română „A. Philippide” al Academiei Române, Iași.","","","","","","","","","","45","58","","ro","published","ARHIVA DE FOLCLOR A ACADEMIEI ROMÂNE LA 90 DE ANI","seria-3","ingest/issues/aaf-xxv-xxvi-2022/articles/004-ion-h-ciubotaru-un-vrednic-urmas-al-lui-ion-muslea.pdf","ingest/issues/aaf-xxv-xxvi-2022/md/004-ion-h-ciubotaru-un-vrednic-urmas-al-lui-ion-muslea.md","0.98","0.96","0.20","0.20","0.20","false","fitz","fitz","0.96"
"5","1","Etnologul Ion Cuceu la 80 de Ani. O viață închinată Arhivei de Folclor","Sanda Ignat","Institutul „Arhiva de Folclor a Academiei Române”, Cluj‑Napoca.","","","","","","","","","","59","63","","ro","published","ARHIVA DE FOLCLOR A ACADEMIEI ROMÂNE LA 90 DE ANI","seria-3","ingest/issues/aaf-xxv-xxvi-2022/articles/005-etnologul-ion-cuceu-la-80-de-ani-o-viata-inchinata-arhivei-de-folclor.pdf","ingest/issues/aaf-xxv-xxvi-2022/md/005-etnologul-ion-cuceu-la-80-de-ani-o-viata-inchinata-arhivei-de-folclor.md","0.98","0.96","0.20","0.20","0.20","false","fitz","fitz","0.93"
"6","1","Sándor Varga, Two Traditional Central Transylvanian Dances and Their Economic and Cultural/ Political Background, in “Acta Ethnographica Hungarica” vol. 65, issue 1, 2020, p. 39–","N/A","","","","","","","","","","","64","66","","ro","published","Petru Caraman, Restituiri etnologice, ediție îngrijită, introducere și notă asupra ediției de Ion","seria-3","ingest/issues/aaf-xxv-xxvi-2022/articles/006-sandor-varga-two-traditional-central-transylvanian-dances-and-their-economic-and-cultural-political-background-in-acta-e.pdf","ingest/issues/aaf-xxv-xxvi-2022/md/006-sandor-varga-two-traditional-central-transylvanian-dances-and-their-economic-and-cultural-political-background-in-acta-e.md","0.98","0.55","0.20","0.20","0.20","false","fitz","fitz","0.93"
"7","1","In honorem Sabina Ispas","Ileana Benga","Institutul „Arhiva de Folclor a Academiei Române”, Cluj‑Napoca.","","","","","","","","","","67","88","","ro","published","ARHIVA DE FOLCLOR A ACADEMIEI ROMÂNE LA 90 DE ANI","seria-3","ingest/issues/aaf-xxv-xxvi-2022/articles/007-in-honorem-sabina-ispas.pdf","ingest/issues/aaf-xxv-xxvi-2022/md/007-in-honorem-sabina-ispas.md","0.98","0.96","0.20","0.20","0.20","false","fitz","fitz","0.94"
"8","1","Sanda Golopenția: modelul și modelele","Nicolae Constantinescu","Universitatea din București.","","","","","","","","","","89","98","","ro","published","ARHIVA DE FOLCLOR A ACADEMIEI ROMÂNE LA 90 DE ANI","seria-3","ingest/issues/aaf-xxv-xxvi-2022/articles/008-sanda-golopentia-modelul-si-modelele.pdf","ingest/issues/aaf-xxv-xxvi-2022/md/008-sanda-golopentia-modelul-si-modelele.md","0.98","0.96","0.20","0.20","0.20","false","fitz","fitz","0.93"
"9","1","In memoriam István Almási (1934–2021)","Zoltán Gergely","Institutul „Arhiva de Folclor a Academiei Române”, Cluj‑Napoca.","","","","","","","","","","99","104","","ro","published","ARHIVA DE FOLCLOR A ACADEMIEI ROMÂNE LA 90 DE ANI","seria-3","ingest/issues/aaf-xxv-xxvi-2022/articles/009-in-memoriam-istvan-almasi-1934-2021.pdf","ingest/issues/aaf-xxv-xxvi-2022/md/009-in-memoriam-istvan-almasi-1934-2021.md","0.98","0.96","0.20","0.20","0.20","false","fitz","fitz","0.95"
"10","1","Profesorul Virgiliu Florea și Sibiul","Ilie Moise","Institutul de Cercetări Socio‑Umane al Academiei Române, Sibiu.","","","L’étude est un hommage à Virgiliu Florea à la célébration de huit décennies de sa naissance. Contributeur exceptionnel du périodique « Studii și comunicări de etnologie » depuis long temps avec des études d’une profondeur idéologique particulière, Virgiliu Florea a été en même temps un bon collègue et ami de tous les ethnologues de Sibiu, quelle que soit l’institution dans laquelle ils travaillaient: le Musée ASTRA, l’Université « Lucian Blaga » ou l’Institut de Recherche Socio‑Humaine de l’Académie Roumaine. Avec son style unique, sobre et rigoureux, Virgiliu Florea a servi, comme peu de gens ont réussi à le faire, le folklore roumain, la nation et le pays. Ses lettres que nous publierons ci‑dessous vont renforcer et confirmer nos déclarations.","","","etnologie, arhive de folclor, identitate etnică, scrisori, ethnologie, archives de folklore, identité ethnique, lettres","etnologie, arhive de folclor, identitate etnică, scrisori, ethnologie, archives de folklore, identité ethnique, lettres","","","105","114","","ro","published","ARHIVA DE FOLCLOR A ACADEMIEI ROMÂNE LA 90 DE ANI","seria-3","ingest/issues/aaf-xxv-xxvi-2022/articles/010-profesorul-virgiliu-florea-si-sibiul.pdf","ingest/issues/aaf-xxv-xxvi-2022/md/010-profesorul-virgiliu-florea-si-sibiul.md","0.98","0.96","0.95","0.95","0.97","false","fitz","fitz","0.94"
"11","1","Relația dintre Gh. Pavelescu și Ion Mușlea – de la devenire, la roade, în studierea culturii tradiționale și desăvârșirea unei frumoase prietenii","Amalia Pavelescu","Facultatea de Științe Socio‑Umane, Universitatea „Lucian Blaga”, Sibiu.","","","The article presents the productive relationship between two researchers in ethnography and folklore. Ion Mușlea, the director of the “Folklore Archive of the Romanian Academy”, wrote an appeal to the villages’ intellectuals to help him in collecting folklore by distributing folkloric questionnaires. The teachers at the “Aurel Vlaicu” high school in Orăștie asked their pupils if they would be interested in helping. One of the students, being born in a mountain village and having folklore in his blood, offered to complete the questionnaire. His name was Gheorghe Pavelescu and he did an excellent job. Pavelescu became a skilled collector and Mușlea rewarded him with social prestige, books, and money. By chance, another person young student. Pavelescu took this as a good sign and enrolled at the University of Cluj. While he was an undergraduate, Mușlea helped him with living expenses and research. They worked together for many years and the relationship between the two personalities is a remarkable example of how such academic collaborations can become life‑long friendship.","","","chestionar folcloric, culegere de folclor, Gheorghe Pavelescu, Ion Mușlea, Arhiva de, folkloric questionnaire, collecting folklore, The Folklore","chestionar folcloric, culegere de folclor, Gheorghe Pavelescu, Ion Mușlea, Arhiva de, folkloric questionnaire, collecting folklore, The Folklore","","","115","122","","ro","published","ARHIVA DE FOLCLOR A ACADEMIEI ROMÂNE LA 90 DE ANI","seria-3","ingest/issues/aaf-xxv-xxvi-2022/articles/011-relatia-dintre-gh-pavelescu-si-ion-muslea-de-la-devenire-la-roade-in-studierea-culturii-traditionale-si-desavarsirea-une.pdf","ingest/issues/aaf-xxv-xxvi-2022/md/011-relatia-dintre-gh-pavelescu-si-ion-muslea-de-la-devenire-la-roade-in-studierea-culturii-traditionale-si-desavarsirea-une.md","0.98","0.96","0.94","0.94","0.96","false","fitz","fitz","0.93"
"12","1","G.T. Kirileanu și Petru Caraman","Iordan Datcu","Membru titular al Uniunii Scriitorilor din România.","","","The article is following an exemplary intellectual relationship between Petru Caraman and relating to the work of the two esteemed personalities of Romanian folklore studies.","","","G.T. Kirileanu, Petru Caraman, Ion H. Ciubotaru, descolindatul, lingvistică etnografică, uncarolling, ethnographic linguistics","G.T. Kirileanu, Petru Caraman, Ion H. Ciubotaru, descolindatul, lingvistică etnografică, uncarolling, ethnographic linguistics","","","123","126","","ro","published","ARHIVA DE FOLCLOR A ACADEMIEI ROMÂNE LA 90 DE ANI","seria-3","ingest/issues/aaf-xxv-xxvi-2022/articles/012-g-t-kirileanu-si-petru-caraman.pdf","ingest/issues/aaf-xxv-xxvi-2022/md/012-g-t-kirileanu-si-petru-caraman.md","0.98","0.96","0.95","0.95","0.97","false","fitz","fitz","0.94"
"13","1","Itinerariu bibliografic","Rodica Raliade","Institutul de Etnografie și Folclor „Constantin Brăiloiu” al Academiei Române, București.","","","The paper is diligently tracing the history of the complex intellectual endeavour of a Romanian bibliography of ethnography and folklore, originally designed in the Folklore Archive of the Romanian Academy. Since bibliology as a field of study became an independent university object in the years 1920, the bibliographic school in Cluj first succeeded to foster a current bibliography of Romanian ethnography and folklore, which appeared in the journal “Dacoromania”, founded by Sextil Pușcariu, published in Cluj (1920–1940), Bucharest (1941–1942), and Sibiu (1943–1948). Due credit is given to the emergence of the “Yearbook of the Folklore Archive”, wherein Ion Mușlea annually kept track of the current bibliography of folklore, up to 1939; the journal continues to publish a bibliography until 1945 (when yearbook was ceased). Publishing the bibliography was resumed in Bucharest in the pages of the “Folklore Journal” (1956–1963), later renamed “Journal of Ethnography and Folklore”, where it has maintained the bibliographic tradition set by Ion Mușlea and Adrian Fochi. In 2005 the yearly basis has been retroactively replaced by a five‑year unit, which appeared in the “Yearbook of the Institute of Ethnography and Folklore” (always in author’s contribution). With bibliographic year 2001, the ten‑year base has been established, giving eventually rise to two volumes of the “Romanian Bibliography of Ethnography and Folklore (RBEF)”, both coordinated by article author, the first part 2001–2010/2015 being awarded the prestigious Prize „Simion Florea Marian” of the Romanian Academy in 2017. The second part of RBEF 2001–2010/2020 is including Hungarian and Moldavian publications relevant to Romanian folklore studies. The resulting instrument for bibliographic research is invaluable as a method and a synthesis.","","","Bibliografia românească de etnografie și folclor, Anuarul Arhivei de Folclor, Ion, Romanian Bibliography of Ethnography and Folklore, The Yearbook of the Folklore","Bibliografia românească de etnografie și folclor, Anuarul Arhivei de Folclor, Ion, Romanian Bibliography of Ethnography and Folklore, The Yearbook of the Folklore","","","127","132","","ro","published","ARHIVA DE FOLCLOR A ACADEMIEI ROMÂNE LA 90 DE ANI","seria-3","ingest/issues/aaf-xxv-xxvi-2022/articles/013-itinerariu-bibliografic.pdf","ingest/issues/aaf-xxv-xxvi-2022/md/013-itinerariu-bibliografic.md","0.98","0.96","0.94","0.94","0.96","false","fitz","fitz","0.93"
"14","1","Gânduri la apariția Anuarului Arhivei de Folklor, seria a 3-a","Lucia Cireș","Institutul de Filologie Română „A. Philippide” al Academiei Române, Iași.","","","mind echoes that take her back to the Cluj of her childhood and adolescence. She starts with a few personal memories, without which the evocation of her relationships with the academic world of Cluj‑Napoca would be incomplete. In fact, she does not mean her lines to be a “scientific contribution,” but a retrospective personal note on some representative figures of the academic school of Cluj, especially the school of ethnology. The author intends these notes to be a “laudatio” for the academic élite of Cluj, who offered her intellectual models in many respects. Since many of those evoked here unfortunately passed away, though their works are landmark contributions to the scientific bibliography of this school, these memories are a posthumous tribute at the same time.","","","Anuarul Arhivei de Folklor, The Folklore Archive Yearbook, Ethnography and Folklore Section of Cluj Branch of","Anuarul Arhivei de Folklor, The Folklore Archive Yearbook, Ethnography and Folklore Section of Cluj Branch of","","","133","144","","ro","published","ARHIVA DE FOLCLOR A ACADEMIEI ROMÂNE LA 90 DE ANI","seria-3","ingest/issues/aaf-xxv-xxvi-2022/articles/014-ganduri-la-aparitia-anuarului-arhivei-de-folklor-seria-a-3-a.pdf","ingest/issues/aaf-xxv-xxvi-2022/md/014-ganduri-la-aparitia-anuarului-arhivei-de-folklor-seria-a-3-a.md","0.98","0.96","0.95","0.95","0.97","false","fitz","fitz","0.94"
"15","1","„Vechea și noua Dacie Germană”, de Johannes Tröster, sursă documentară pentru antropologia culturală a secolului al XVII-lea la români","Ion Taloș","Universitatea din Köln, Germania.","","","","","","","","","","145","166","","ro","published","STUDII ȘI CERCETĂRI","seria-3","ingest/issues/aaf-xxv-xxvi-2022/articles/015-vechea-si-noua-dacie-germana-de-johannes-troster-sursa-documentara-pentru-antropologia-culturala-a-secolului-al-xvii-lea.pdf","ingest/issues/aaf-xxv-xxvi-2022/md/015-vechea-si-noua-dacie-germana-de-johannes-troster-sursa-documentara-pentru-antropologia-culturala-a-secolului-al-xvii-lea.md","0.98","0.96","0.20","0.20","0.20","false","fitz","fitz","0.93"
"16","1","Considerații privind procesul istoric al configurării identităților zonale rurale în nord vestul Transilvaniei","Ioan Augustin Goia","Muzeul Etnografic al Transilvaniei, Cluj‑Napoca.","","","Betrachtungen zum historischen Vorgang der Herausbildung ländlicher zonaler Identitäten im Infolge der Geländeuntersuchungen, die zwischen 1974–1990 in den Dörfern des heutigen Kreises Sălaj stattfanden, identifizierte der Verfasser hier zwei deutlich unterschiedliche ethnographische Zonen, die er als Meseș und Sălaj benannte. Da die kulturellen Unterschiede zwischen den beiden Gebieten betont waren, obgleich sie benachbart und beide von Rumänen bewohnt waren, nahm sich der Verfasser vor, aufgrund dieser Fallstudien den allgemeinen Herausbildungsvorgang der zonalen Identitäten im Nordwesten Siebenbürgens zu rekonstruieren. Die Untersuchung der historischen Vergangenheit der beiden Gebiete führte den Verfasser zur Bemerkung, dass es zwei Faktoren gegeben habe, die der Ausbildung unterschiedlicher zonaler Identitäten zugrunde liegen: 1. Die langanhaltende Einschließung der beiden Kulturareale in unterschiedliche Verwaltungs- (Komitate) und rechtliche Einheiten (Lehensgüter), die territorial deutlich voneinander abgegrenzt waren. 2. Die relative demographische Stabilität, die im Laufe der Zeit vom Gesetz des Jahres 1517 begründet wurde, das den freien Verkehr der abhängigen Bauern untersagte und sie somit langzeitlich in demselben begrenzten Areal (Komitat, Lehensgut) festhielt. Der Verfasser vertritt die Ansicht, dass diese beiden Faktoren die kulturelle Vereinheitlichung im besprochenen Areal förderten und eine Reihe gemeinsamer Werte schufen, die, ausreichend oder minimal, genügend zusammenhängend waren, um den späteren demografischen Sekundärbewegungen standzuhalten Schließlich bemerkt der Verfasser, dass die Identität im behandelten dörflichen Milieu und im erwähnten Zeitabschnitt mehrere wesentliche Facetten besaß: a) die persönliche; b) die gemeinschaftlich‑dörfliche; c) die zonale; d) die provinzielle; e) die ethnische; f) die nationale.","","","geneza identităților rurale zonale, aportul factorilor administrativ și juridic, die Entstehung zonaler ländlicher Identitäten, der Beitrag der Verwaltungs","geneza identităților rurale zonale, aportul factorilor administrativ și juridic, die Entstehung zonaler ländlicher Identitäten, der Beitrag der Verwaltungs","","","167","184","","ro","published","STUDII ȘI CERCETĂRI","seria-3","ingest/issues/aaf-xxv-xxvi-2022/articles/016-consideratii-privind-procesul-istoric-al-configurarii-identitatilor-zonale-rurale-in-nord-vestul-transilvaniei.pdf","ingest/issues/aaf-xxv-xxvi-2022/md/016-consideratii-privind-procesul-istoric-al-configurarii-identitatilor-zonale-rurale-in-nord-vestul-transilvaniei.md","0.98","0.96","0.96","0.96","0.98","false","fitz","fitz","0.97"
"17","1","Trei cuvinte magice","Sanda Golopenția","Brown University, S.U.A.","","","We discuss three magic words that belong to a future volume on the vocabulary of magic. The first two detail the semantic fields of magic integrity and magic disintegration. The last refers to a superlative magic plant, generally known as mandrake.","","","vocabularul magiei, agent magic, plantă magică, integritate magică, dezintegrare, the vocabulary of magic, magic agent, magic plant, magic integrity, magic","vocabularul magiei, agent magic, plantă magică, integritate magică, dezintegrare, the vocabulary of magic, magic agent, magic plant, magic integrity, magic","","","185","194","","ro","published","STUDII ȘI CERCETĂRI","seria-3","ingest/issues/aaf-xxv-xxvi-2022/articles/017-trei-cuvinte-magice.pdf","ingest/issues/aaf-xxv-xxvi-2022/md/017-trei-cuvinte-magice.md","0.98","0.96","0.93","0.93","0.95","false","fitz","fitz","0.92"
"18","1","Proiecții lexicografice asupra gândirii contemporane","Cristina Florescu","Institutul de Filologie Română „Alexandru Philippide” al Academiei Române, Iași.","","","L’article fait référence à la perspective théorique qui se trouve à la base de trois dictionnaires de nature différente, significatifs – chacun à son tour – pour l’étude de la langue et de la culture roumaine: Lexiconul de de Buda [Le Lexicon de Buda], les deux séries du Dicționarul limbii române [Le Dictionnaire de la langue roumaine], trésor lexical, rédigé sous l’égide de l’Académie roumaine (DA et DLR) et Dicționarul fenomenelor atmosferice [Le Dictionnaire des phénomènes atmosphériques]. Il tient compte du contexte des décèlements lexicographiques contemporains entraînés dans le processus de l’informatisation. L’importance linguistique des termes régionaux qui désignent, en roumain, les dénominations des phénomènes atmosphériques se constitue comme un pont d’exégèse entre l’histoire de la langue, la dialectologie et l’ethnologie.","","","dicționar, lexicografie, purism, termeni regionali, fenomen atmosferic, dictionnaire, lexicographie, purisme, terme régional, phénomène atmosphérique","dicționar, lexicografie, purism, termeni regionali, fenomen atmosferic, dictionnaire, lexicographie, purisme, terme régional, phénomène atmosphérique","","","195","202","","ro","published","STUDII ȘI CERCETĂRI","seria-3","ingest/issues/aaf-xxv-xxvi-2022/articles/018-proiectii-lexicografice-asupra-gandirii-contemporane.pdf","ingest/issues/aaf-xxv-xxvi-2022/md/018-proiectii-lexicografice-asupra-gandirii-contemporane.md","0.98","0.96","0.95","0.95","0.97","false","fitz","fitz","0.95"
"19","1","Metafore ale facerii în imaginarul folcloric","Elena Platon","Universitatea Babeș‑Bolyai, Cluj‑Napoca.","","","Normally, we are not aware of our own conceptual system. In everyday life, we think and we act more or less automatically and our linguistic behaviour follows directions that are not easily comprehended. In order to have access to the conceptual schemes that substantiate the way we think and represent our world, we resort to language. It is not only a passive instrument, which reflects a worldview, but rather an active principle imposing upon the thought a set of distinctions and values. Thus, the foundation of the newly invented words is strengthened by a fundamental cognitive process, of metaphoric nature, which is not specific only to the poetic way of thinking. This paper makes use of linguistic imaginary theories, a concept that is relatively new to us and reunites ideas that originate in the philosophy of language, ethnolinguistics or cognitive linguistics. Thus, a “backwards” analysis of the folkloric imaginary is proposed, based on linguistic data, in order to get to the great conceptual schemes that order the universe of representations attributed to the traditional communities, encapsulated in and through this type of information. The analysis of the lexicon that conceals a system of concepts and images elaborated collectively and the delivery of a common and relatively stable scale of interpretation of the world will bring into focus some conceptual metaphors that show how the idea of creation is represented in the folkloric imaginary, at different levels of existence: human, vegetable, animal or mineral.","","","imaginar lingvistic, metaforă conceptuală, etnolingvistică, creație, cosmogonie, linguistic imaginary, conceptual metaphor, ethnolinguistics, creation, cosmogony, seed","imaginar lingvistic, metaforă conceptuală, etnolingvistică, creație, cosmogonie, linguistic imaginary, conceptual metaphor, ethnolinguistics, creation, cosmogony, seed","","","203","218","","ro","published","STUDII ȘI CERCETĂRI","seria-3","ingest/issues/aaf-xxv-xxvi-2022/articles/019-metafore-ale-facerii-in-imaginarul-folcloric.pdf","ingest/issues/aaf-xxv-xxvi-2022/md/019-metafore-ale-facerii-in-imaginarul-folcloric.md","0.98","0.96","0.95","0.95","0.97","false","fitz","fitz","0.94"
"20","1","Etnogonie mitică și etnogeneză istorică în spațiul românesc. teorie, metode, izvoare","Ela Cosma","Institutul de Istorie „George Barițiu” al Academiei Române, Cluj‑Napoca.","","","Mythical Ethnogony and Historical Ethnogenesis in the Romanian Area. Theory, Methods, The study approaches the mythical ethnogony and the historical ethnogenesis of the Romanians. After analysing the specific terminology which includes concepts like: ethnogony, ethnogenesis, eponym heroes, ethnonyms, endonym and exonym, mythonym, we reveal the state of art in the field of the researches dedicated to the topic of the foundations. We show the historical and mythical sources of the Romanian “dismounting” (descălecat) and the evolution of the scholars’ preoccupations dedicated to the genesis of the Romanians. In the end, we explain the mythical significance attributed to Romanian ethnogony, comprising the utilitarian function, the spiritual meaning, the moral responsibility and the transcendental sense connected with the foundation of the people, as well as the historical imaginary of the Romanian ethnogenesis, insisting on: the ontological value of the name by which people found their existence, the politicization of geography and the nationalization of geographical differences, the teleological interpretation with regard to the Romanian ethnogenesis and the Vlach “colonization”.","","","mituri ale fondarii ethnogonice, etnogeneza istorică, „colonizarea” Vlahilor, ethnogonical foundation myths, historical ethnogenesis, Vlach “colonization”, significance","mituri ale fondarii ethnogonice, etnogeneza istorică, „colonizarea” Vlahilor, ethnogonical foundation myths, historical ethnogenesis, Vlach “colonization”, significance","","","219","228","","ro","published","STUDII ȘI CERCETĂRI","seria-3","ingest/issues/aaf-xxv-xxvi-2022/articles/020-etnogonie-mitica-si-etnogeneza-istorica-in-spatiul-romanesc-teorie-metode-izvoare.pdf","ingest/issues/aaf-xxv-xxvi-2022/md/020-etnogonie-mitica-si-etnogeneza-istorica-in-spatiul-romanesc-teorie-metode-izvoare.md","0.98","0.96","0.95","0.95","0.97","false","fitz","fitz","0.94"
"21","1","Patrimoniul imaterial valorificat într-un geoparc","Anamaria Iuga","Muzeul Național al Țăranului Român, București.","","","The article focuses on the way intangible heritage, a symbolic system that creates cultural identity, is used in the heritage‑making process in order to reinforce the social cohesion of local communities. It is based on the research activity, and cultural interventions, of the researchers from the National Museum of the Romanian Peasant, in collaboration with specialists from the Faculty of Geology (University of Bucharest), when creating small local exhibitions and cultural events in the communities situated in two geoparks: UNESCO International Geopark “Country of Hațeg”, and the aspiring UNESCO Geopark, “Buzău Land”.","","","patrimoniu imaterial, geoparc, cercetare interdisciplinară, identitate culturală, intangible heritage, geopark, interdisciplinary research, cultural identity, community","patrimoniu imaterial, geoparc, cercetare interdisciplinară, identitate culturală, intangible heritage, geopark, interdisciplinary research, cultural identity, community","","","229","242","","ro","published","STUDII ȘI CERCETĂRI","seria-3","ingest/issues/aaf-xxv-xxvi-2022/articles/021-patrimoniul-imaterial-valorificat-intr-un-geoparc.pdf","ingest/issues/aaf-xxv-xxvi-2022/md/021-patrimoniul-imaterial-valorificat-intr-un-geoparc.md","0.98","0.96","0.94","0.94","0.96","false","fitz","fitz","0.93"
"22","1","Antropologia franceză între două colocvii cardinale (1977-2003)","Nicolae Panea","Facultatea de Litere a Universității din Craiova.","","","Après la Seconde Guerre mondiale, l’anthropologie française connaît un développement si intense qu’il faut un consensus de tous les scientifiques sur la nature de la science, le domaine de la recherche, ses méthodes. Ce consensus est né en 1977 à l’occasion de l’organisation par le CNRS d’un colloque véritablement cardinal. L’auteur présente la manière dont l’anthropologie française évolue, après le colloque historique de 1977 (Anthropologie en France. Situation actuelle et avenir), vers un autre colloque cardinal, celui de 2003, consacré à l’anthropologie et à l’hypermodernité. À travers des personnalités iconiques (Maurice Godelier, Marc Augé, David Le Breton), qui ont contribué essentiellement à la création de nouveaux champs de recherche (anthropologie économique, urbaine, sensorielle) et de nouvelles méthodes, l’évolution se dessine d’une science extrêmement adaptative. La société hypermoderne représente non seulement un défi épistémique, mais une occasion de méditer sur la probabilité de changer le type humain, donc, une nouvelle anthropologie. Le colloque de 2003 (L’Individu hypermoderne) annonce une nouvelle prospection de l’avenir de la science après d’autres années de développement explosif de l’anthropologie française.","","","antropologie franceză, evoluție, colocvii istorice, noi metode, noi terenuri, anthropologie française, évolution, colloques historiques, nouvelles méthodes","antropologie franceză, evoluție, colocvii istorice, noi metode, noi terenuri, anthropologie française, évolution, colloques historiques, nouvelles méthodes","","","243","260","","ro","published","STUDII ȘI CERCETĂRI","seria-3","ingest/issues/aaf-xxv-xxvi-2022/articles/022-antropologia-franceza-intre-doua-colocvii-cardinale-1977-2003.pdf","ingest/issues/aaf-xxv-xxvi-2022/md/022-antropologia-franceza-intre-doua-colocvii-cardinale-1977-2003.md","0.98","0.96","0.95","0.95","0.98","false","fitz","fitz","0.96"
"23","1","Fotografia, martor vizual în cercetarea de teren","Narcisa Știucă","Universitatea din București.","","","Our paper aims to highlight some interesting aspects regarding the production of static images in anthropological and ethnological research. We are interested in the way in which traditional societies relate to documentary photography, which we consider a witness of research and a working tool for the future. We also want to present a research technique specific to oral history through which, based on the analysis of the family album, the interests of the researcher can be harmonized with the reluctance of the informant.","","","fotografie, cercetare de teren, comunicare, abordare narativă, photography, field research, communication, narrative approach","fotografie, cercetare de teren, comunicare, abordare narativă, photography, field research, communication, narrative approach","","","261","266","","ro","published","STUDII ȘI CERCETĂRI","seria-3","ingest/issues/aaf-xxv-xxvi-2022/articles/023-fotografia-martor-vizual-in-cercetarea-de-teren.pdf","ingest/issues/aaf-xxv-xxvi-2022/md/023-fotografia-martor-vizual-in-cercetarea-de-teren.md","0.98","0.96","0.95","0.95","0.97","false","fitz","fitz","0.95"
"24","1","Cercetarea tipologică a folclorului literar: perspective actuale asupra tipologiilor narative","Ioana‑ruxandra Fruntelată","Universitatea din București; Institutul de Etnografie și Folclor „Constantin Brăiloiu” al Academiei Române.","","","Typologies are specific methodological tools for folklore scholars, as they provide thematic inventories of all the available (i.e. archived and/ or edited) variants of a certain folkloric genre/ category. In literary folklore, the historical‑geographic method of the so‑called Finnish school developed typologies to chart especially epic categories. The study presents Aarne’s international typology of folk narratives, updated by Stith Thompson and Hans‑Jörg Uther and also the Enzyklopädie des Märchens coordinated by Kurt Ranke and Rolf Wilhelm Brednich and completed in 2015. A brief review and update of Romanian typologies of folk narratives (Lazăr Șăineanu, Adolf Schullerus, Sabina‑Cornelia Stroescu, Tony Brill) sets into light the permanent work of Romanian scholars to connect their scientific results to international tendencies and also to observe the characteristics of an autochtonous rich and complex material. A special attention is directed towards the critical and applied contributions of Ion Mușlea, Dumitru Caracostea and Ovidiu Bîrlea, three outstanding folklorists who have created models for Romanian typologies of literary folklore.","","","folclor literar, etnologie filologică, catalog tipologic, tipologie narativă, literary folklore, philological ethnology, type catalogue, narrative typology","folclor literar, etnologie filologică, catalog tipologic, tipologie narativă, literary folklore, philological ethnology, type catalogue, narrative typology","","","267","278","","ro","published","STUDII ȘI CERCETĂRI","seria-3","ingest/issues/aaf-xxv-xxvi-2022/articles/024-cercetarea-tipologica-a-folclorului-literar-perspective-actuale-asupra-tipologiilor-narative.pdf","ingest/issues/aaf-xxv-xxvi-2022/md/024-cercetarea-tipologica-a-folclorului-literar-perspective-actuale-asupra-tipologiilor-narative.md","0.98","0.96","0.95","0.95","0.97","false","fitz","fitz","0.95"
"25","1","Cunoștințe și valori ale unei femei din Europa de Răsărit la începutul mileniului trei","Otilia Hedeșan","Universitatea de Vest, Timișoara.","","","Analiză de caz: M. V. / Doamna Mia din Kuštilj / Coștei An East European Woman’s Knowledge and Values at the Beginning of the Third Millennium. Case The article studies the know‑how and the life story of Maria Vrănianț (1956–2019) from Kuštilj / Coștei, a small village with a Romanian population from Vojvodina (Serbia). There are presented and analyzed five long interviews (total time: 10 h 48 minutes) made by the author in a series of field researches, between 2015 and 2019, with Maria Vrănianț – a remarkable woman, with an excellent memory, a good knowledge of a local traditions, and a special sense of humor. Starting from the texts produced following these discussions, the analyze focuses on three main aspects: the transformations of the daily life of a woman originated from a small village situated in the south‑eastern part of Europe after some periods of migration work abroad; the most relevant topics discussed (the family, the house and the household, the local food, the traditional manner to do agriculture in the region, the local beliefs in magical practices, the local rituals of passage variants, the local narratives about muroń / vampires); the particularities of the oral discourse, the special rhetoric of a talented storyteller.","","","comunitatea românească din Banatul sârbesc, Kuštilj / Coștei, povestea vieții, povestit, Romanian population in Vojvodina, life history, storytelling, muroń","comunitatea românească din Banatul sârbesc, Kuštilj / Coștei, povestea vieții, povestit, Romanian population in Vojvodina, life history, storytelling, muroń","","","279","294","","ro","published","STUDII ȘI CERCETĂRI","seria-3","ingest/issues/aaf-xxv-xxvi-2022/articles/025-cunostinte-si-valori-ale-unei-femei-din-europa-de-rasarit-la-inceputul-mileniului-trei.pdf","ingest/issues/aaf-xxv-xxvi-2022/md/025-cunostinte-si-valori-ale-unei-femei-din-europa-de-rasarit-la-inceputul-mileniului-trei.md","0.98","0.96","0.94","0.94","0.96","false","fitz","fitz","0.93"
"26","1","Sărbători, obiceiuri, credințe la românii din satul Gradskovo (Serbia)","Emil Țîrcomnicu","Institutul de Etnografie și Folclor „Constantin Brăiloiu” al Academiei Române; Facultatea de Litere,","","","Holidays, Customs, Beliefs at the Population of Romanian Origin from Gradskovo (Serbia) In this paper we show elements of traditional culture, specific to the population of Romanian origin from Gradskovo (Serbia) village, which are present in the cultural immaterial heritage (holidays, customs, believes) as well as self‑identification elements of oral history.","","","sărbători, obiceiuri, credințe, Valea Timocului, istorie orală, holidays, customs, beliefs, Timok Valley, oral history","sărbători, obiceiuri, credințe, Valea Timocului, istorie orală, holidays, customs, beliefs, Timok Valley, oral history","","","295","312","","ro","published","STUDII ȘI CERCETĂRI","seria-3","ingest/issues/aaf-xxv-xxvi-2022/articles/026-sarbatori-obiceiuri-credinte-la-romanii-din-satul-gradskovo-serbia.pdf","ingest/issues/aaf-xxv-xxvi-2022/md/026-sarbatori-obiceiuri-credinte-la-romanii-din-satul-gradskovo-serbia.md","0.98","0.96","0.93","0.93","0.95","false","fitz","fitz","0.91"
"27","1","Biserică, religiozitate populară și oameni ai locului. O perspectivă din Serbia de Răsărit","Annemarie Sorescu‑marinković","Institutul de Studii Balcanice, Academia Sârbă de Științe și Arte, Belgrad, Serbia","","","Starting from the observation that researchers have often uncritically opposed vernacular religiosity to official, teologic religion, either minimizing the importance of popular religious behaviour of the Vlachs of Eastern Serbia or totally dismissing the role played the church in the life of this community, the author advocates for a change of perspective. This change of perspective is meant to bring about a different reading of the situation in the region, in which the local people become the focus of research, not church, religion or customs as abstract concepts. The first part of the article briefly discusses the role of the church in Eastern Serbia during the last two centuries, the co‑existence of vernacular and official religion, as well as the recent reintroduction of the religious service in Vlach Romanian in several churches. The second part of the article presents archival documents and testimonies of people who have met Mother Măndălina, the patron of the Malajnica Monastery, the first Vlach monastery in Eastern Serbia. The transcribed testimonies are crucial in understanding the rural world of this region in the first half of the 20th century, where, contrary to the common belief, Vlachs and Serbs together frequented with a certain regularity the church. The testimonies are even more valuable for a future tracing of the beginning of the cult of Mother Măndălina, who belongs to both communities and environments, Vlach and Serbian, vernacular and theologic.","","","Serbia de Răsărit, religie, biserică, vlahi, limba română, Eastern Serbia, religion, church, Vlachs, Romanian language","Serbia de Răsărit, religie, biserică, vlahi, limba română, Eastern Serbia, religion, church, Vlachs, Romanian language","","","313","332","","ro","published","STUDII ȘI CERCETĂRI","seria-3","ingest/issues/aaf-xxv-xxvi-2022/articles/027-biserica-religiozitate-populara-si-oameni-ai-locului-o-perspectiva-din-serbia-de-rasarit.pdf","ingest/issues/aaf-xxv-xxvi-2022/md/027-biserica-religiozitate-populara-si-oameni-ai-locului-o-perspectiva-din-serbia-de-rasarit.md","0.98","0.96","0.95","0.95","0.97","false","fitz","fitz","0.94"
"28","1","Cântarea bunului păstor","Paul Drogeanu","Institutul de Etnografie și Folclor „Constantin Brăiloiu” al Academiei Române, București.","","","Cette note vient en marge des questions que l’ethnologie européenne a commencée a se poser vers la fin du XXe siècle. Elle ne forme pas un vrai texte de recherche. On se demande ce que l’observation directe des faits de culture peut apporter à la lecture d’un texte folklorique noté et annoté. Une anthropologie européene peu‑telle aboutir sur une ethnologie du christianisme vu comme religion populaire? On compare la légende et la fête d’un saint local des Alpes avec la narration chantée Mioritza.","","","religie populară, sărbătoare, legende hagiografice, poveste cântată, religion populaire, fête, légendes hagiographiques, narration chantée","religie populară, sărbătoare, legende hagiografice, poveste cântată, religion populaire, fête, légendes hagiographiques, narration chantée","","","333","338","","ro","published","STUDII ȘI CERCETĂRI","seria-3","ingest/issues/aaf-xxv-xxvi-2022/articles/028-cantarea-bunului-pastor.pdf","ingest/issues/aaf-xxv-xxvi-2022/md/028-cantarea-bunului-pastor.md","0.98","0.96","0.95","0.95","0.97","false","fitz","fitz","0.94"
"29","1","Propunere metodologică pentru abordarea integrativă a fenomenelor religioase. O perspectivă folcloristică","Laura Jiga Iliescu","Institutul de Etnografie și Folclor „Constantin Brăiloiu” al Academiei Române, București; Facultatea de","","","O PERSPECTIVĂ FOLCLORISTICĂ1 The article aims to problematize the term popular religion as a strategic concept for folkloristic and to explore its potential for understanding religion as part of the ritual performance events and of transmitting knowledge that include the supernatural.","","","religie populară, religie vernaculară, practici religioase, supranatural și sacru, context, popular religion, vernacular religion, religious practices, supernatural","religie populară, religie vernaculară, practici religioase, supranatural și sacru, context, popular religion, vernacular religion, religious practices, supernatural","","","339","352","","ro","published","STUDII ȘI CERCETĂRI","seria-3","ingest/issues/aaf-xxv-xxvi-2022/articles/029-propunere-metodologica-pentru-abordarea-integrativa-a-fenomenelor-religioase-o-perspectiva-folcloristica.pdf","ingest/issues/aaf-xxv-xxvi-2022/md/029-propunere-metodologica-pentru-abordarea-integrativa-a-fenomenelor-religioase-o-perspectiva-folcloristica.md","0.98","0.96","0.95","0.95","0.97","false","fitz","fitz","0.95"
"30","1","Prezentul crucilor de jurământ din Oltenia – între tradiție, ordine și interdicție","Astrid Cambose","Institutul de Filologie Română „A. Philippide” al Academiei Române, Iași.","","","Swear crosses are one of the most interesting types of the Romanian popular crosses. They differ from all the other crosses either by the inscription of words like “swear”, “oath” and related synonims, or by the places they occupy. Starting from the geographical presence of such crosses in rural Oltenia, we will research the local peculiarities of the custom of placing such crosses on the fence of the deceased’s house, on trees and other high places, near or inside cemeteries, in church courtyards, on the roadside, in the field or by the forest. Most swear crosses are raised for the dead on the occasion of the 40 days sacrificial offerings. Ethnological fields can offer more valuable information as to how exactly are such crosses ordered, produced, installed and used within the popular worship. Our research aims for a better understanding of the inner motivation of rising the swear crosses, which seems to vary from one case to another: some informers say the swearing cross is meant to undo the harm of former false oaths willingly or unwillingly taken by the dead, some say it is meant to redeem the soul of a liar, some say it is a means of ascension to heaven, a kind of stair for the soul, some say the custom has no significance at all. The dynamics of the phenomenon is also an issue we are interested in. We will approach the matter of swear crosses from yet another perspective: the impact of the “hard words” (oaths and profanities y compris) uttered by the deceased on the pragmatics of the funeral rituals, in view of what has been called a “social collective intentionality”.","","","moarte, cultura populară, crucea de jurământ, pragmatica ritualului funerar, death, Romanian popular culture, swear crosses, pragmatics of funeral rituals","moarte, cultura populară, crucea de jurământ, pragmatica ritualului funerar, death, Romanian popular culture, swear crosses, pragmatics of funeral rituals","","","353","372","","ro","published","STUDII ȘI CERCETĂRI","seria-3","ingest/issues/aaf-xxv-xxvi-2022/articles/030-prezentul-crucilor-de-juramant-din-oltenia-intre-traditie-ordine-si-interdictie.pdf","ingest/issues/aaf-xxv-xxvi-2022/md/030-prezentul-crucilor-de-juramant-din-oltenia-intre-traditie-ordine-si-interdictie.md","0.98","0.96","0.94","0.94","0.96","false","fitz","fitz","0.93"
"31","1","Sisteme normative în Țara Oașului: crima ca indice al unității morale comunitare","Corina Iosif","Muzeul Național al Țăranului Român, București.","","","Des phénomènes récents tels que l’expansion explosive des migrations de main‑d’œuvre au cours des 20 dernières années et, par conséquent, la perturbation des systèmes économiques zonaux (formels et informels) ont inévitablement affecté les systèmes normatifs (sociaux, économiques, notamment moraux) caractéristiques des cultures locales. Ils portent les marques de dissolutions et de reconfigurations qui, dans bien des cas, tendent à maintenir le lien social. Ce texte se concentre sur la notion d’honneur, avec son corollaire: la honte, comme champ sociologique principal et facteur important de la cohésion du groupe. Je propose une discussion sur la place du meurtre dans le système de valeurs morales qui caractérise la culture régionale du Pays d’Oach et comment elle participe à la construction de l’identité socioculturelle de l’individu.","","","comunități țărănești, onoare, tradiții, omor, Țara Oașului, communautés paysannes, honneur, traditions, meurtre, Pays d’Oaș","comunități țărănești, onoare, tradiții, omor, Țara Oașului, communautés paysannes, honneur, traditions, meurtre, Pays d’Oaș","","","373","382","","ro","published","STUDII ȘI CERCETĂRI","seria-3","ingest/issues/aaf-xxv-xxvi-2022/articles/031-sisteme-normative-in-tara-oasului-crima-ca-indice-al-unitatii-morale-comunitare.pdf","ingest/issues/aaf-xxv-xxvi-2022/md/031-sisteme-normative-in-tara-oasului-crima-ca-indice-al-unitatii-morale-comunitare.md","0.98","0.96","0.95","0.95","0.97","false","fitz","fitz","0.94"
"32","1","Criză și disconfort moral: păcatul unei femei bătrâne, fost cantor romano-catolic","Tünde Komáromi","Universitatea Károli Gáspár, Institutul pentru Studii Sociale și Științele Comunicării, Budapesta (Ungaria).","","","FOST CANTOR ROMANO-CATOLIC1 The paper presents the case of a Hungarian Catholic clerk, an 81 year old lady from the Transylvanian countryside. Her daughter has sent her a bigger amount of money, but she understood soon that the post officer, a woman herself, has stolen a significant part of it. A procedure of reclamation followed, but the case remained unsolved. The director of the post‑office and the local policemen did not help. Then she turned to the Romanian Orthodox priest for help and offered some money in change. Although it is quite widespread among the local Hungarians of different religious affiliation (but almost never Orthodox) to ask Romanian Orthodox priests for help in times of personal crisis (or the crisis of a family member), this is a highly contradictory solution for a pious Catholic clerk. She’s never been before to any Orthodox priest, but she was aware of similar help seeking activities among the local Hungarian, Romanian or Roma. The same is true for the use of magic during her long lifetime. But using magic is regarded less sinful by the old clerk, than going to the Orthodox priest for the solution of a legal case. She senses God’s intention behind her failure.","","","criză personală, pedeapsă divină, disconfort moral, preotul ortodox, relații interetnice, personal crisis, divine punishment, moral discomfort, Orthodox priest, interethnic and","criză personală, pedeapsă divină, disconfort moral, preotul ortodox, relații interetnice, personal crisis, divine punishment, moral discomfort, Orthodox priest, interethnic and","","","383","392","","ro","published","STUDII ȘI CERCETĂRI","seria-3","ingest/issues/aaf-xxv-xxvi-2022/articles/032-criza-si-disconfort-moral-pacatul-unei-femei-batrane-fost-cantor-romano-catolic.pdf","ingest/issues/aaf-xxv-xxvi-2022/md/032-criza-si-disconfort-moral-pacatul-unei-femei-batrane-fost-cantor-romano-catolic.md","0.98","0.96","0.95","0.95","0.97","false","fitz","fitz","0.94"
"33","1","Cin’ să țeasă cămașă de COVID? O uliță de sat transilvan în fața pandemiei","Elena Bărbulescu","Institutul „Arhiva de Folclor a Academiei Române”, Cluj‑Napoca.","","","This paper is presenting the results of a research done in one village by using direct observation of twelve households as the main method. After a brief introduction presenting the three discourses upon pandemy circulating in the public area, and a short reference to the „Plague Shirt”, I would continue with a presentation of the twelve households, and what happened inside them during the past year. The paper continues with an exploration of the changes that occurred during three burial rituals as also of how two ethnic groups (Romanian and Rroma) related to the authorities requests due to the pandemy.","","","covid, epidemie, etnologie, înmormântare, pomană, epidemy, ethnology, burial, offering","covid, epidemie, etnologie, înmormântare, pomană, epidemy, ethnology, burial, offering","","","393","402","","ro","published","STUDII ȘI CERCETĂRI","seria-3","ingest/issues/aaf-xxv-xxvi-2022/articles/033-cin-sa-teasa-camasa-de-covid-o-ulita-de-sat-transilvan-in-fata-pandemiei.pdf","ingest/issues/aaf-xxv-xxvi-2022/md/033-cin-sa-teasa-camasa-de-covid-o-ulita-de-sat-transilvan-in-fata-pandemiei.md","0.98","0.96","0.95","0.95","0.97","false","fitz","fitz","0.94"
"34","1","De-ale casei și gospodăriei. Chestionarul X din Fondul „Ion Mușlea”","Anamaria Lisovschi","Institutul „Arhiva de Folclor a Academiei Române”, Cluj‑Napoca.","","","Casa e vita quotidiana (credenze, usi e racconti popolari). Questionario X dal repertorio di manoscritti di Ion Mușlea (Riassunto) Lo studio presenta importanti aspetti che riguardano le risposte al Questionario X: Casa e vita quotidiana (Credenze, usi e racconti popolari) dal repertorio di manoscritti di Ion Mușlea dell’Instituto Archivio del Folclore dell’Accademia Romena di Cluj. Il questionario X tratta 7 aspetti della vita tradizionale, negli anni compresi tra il 1936 e il 1940. Gli aspetti analizzati sono: la Casa, il Cibo, il Sonno, i Vestiti, la Cura del corpo, le Strade ed il Lavoro. Nell’archivio dell’Instituto di Cluj esistono 34 manoscritti, che in questo momento stanno per essere digitalizzati ed organizzati. Verranno utilizzati per il prossimo volume dedicato a questo argomento cosi ricco e interessante. Parole‑chiave: casa, cibo, sonno, vestito, lavoro, racconti, usi e costumi.","","","casa, hrana, somnul, îmbrăcămintea, munca, povestri, obiceiuri și practici","casa, hrana, somnul, îmbrăcămintea, munca, povestri, obiceiuri și practici","","","403","412","","ro","published","STUDII ȘI CERCETĂRI","seria-3","ingest/issues/aaf-xxv-xxvi-2022/articles/034-de-ale-casei-si-gospodariei-chestionarul-x-din-fondul-ion-muslea.pdf","ingest/issues/aaf-xxv-xxvi-2022/md/034-de-ale-casei-si-gospodariei-chestionarul-x-din-fondul-ion-muslea.md","0.98","0.96","0.94","0.94","0.96","false","fitz","fitz","0.94"
"35","1","Succese feminine. Fals tratat despre făcutul gârtenilor și keoaștelor (sarmalelor) în satele de pe Valea Barcăului (Sălaj)","Camelia Burghele","Muzeul Județean de Istorie și Artă Zalău.","","","Feminine Succes. False Treaty on Making “Garteni” and “Sarmale” in the Barcau Valley (Salaj Marriage strategies used to follow rules and well affixed customs in the Romanian traditional village. Girls were raised so that they would handle agricultural activities and also chores around the house and in the kitchen. They would accumulate know‑how that made them competitive and eligible for marriage. This paper tackles the process of getting the girls ready for marriage – a sort of training course – as rules required in the traditional Romanian village. The ideas are backed up by information taken from the Romanian villages, following a field inquiry. The myth that girls would have never been able to get married unless they mastered pretentious processes for cooking food has been busted due to aggressive urban influences under the eternal lack of spare time. This feminine know‑how is only valuable for defining life in the traditional village.","","","sat tradițional, căsătorie, bucătărie, femeie, gospodină, succes, traditional village, marriage, kitchen, woman, housewife, success","sat tradițional, căsătorie, bucătărie, femeie, gospodină, succes, traditional village, marriage, kitchen, woman, housewife, success","","","413","424","","ro","published","STUDII ȘI CERCETĂRI","seria-3","ingest/issues/aaf-xxv-xxvi-2022/articles/035-succese-feminine-fals-tratat-despre-facutul-gartenilor-si-keoastelor-sarmalelor-in-satele-de-pe-valea-barcaului-salaj.pdf","ingest/issues/aaf-xxv-xxvi-2022/md/035-succese-feminine-fals-tratat-despre-facutul-gartenilor-si-keoastelor-sarmalelor-in-satele-de-pe-valea-barcaului-salaj.md","0.98","0.96","0.95","0.95","0.97","false","fitz","fitz","0.94"
"36","1","Familia la masă. Memorie individuală și memorie familială în caietele cu rețete culinare","Eleonora Sava","Facultatea de Litere, Universitatea Babeș‑Bolyai, Cluj‑Napoca.","","","This paper explores family cookbooks using the memory studies research model. Its main goal is to analyse the ways in which these objects shape family memory, helping to preserve and transmit it from one generation to the next. The first section articulates the theoretical framework, discussing the multiple layers of content and meaning in homemade cookbooks, the similarities between them and scrapbooks, as material carriers of memories. Other theoretical issues that are essential for the problem in question are also examined: the complex relationships between meals and family (the ways in which family meals shape family memory), the relationship between individual memory and family memory, the layers that make up family memory. As the practices and roles used in family kitchen, as well as the act of writing and preserving family recipes/ cookbooks/scrapbooks are gender specific activities, the article also stresses some gender issues. The second part proposes a case study that explores the particular way in which the aspects discussed in the theoretical section are illustrated by two recipe notebooks belonging to a woman who was born in a Romanian town in 1944. As regards the research methodology, the case study is based on a life‑story interview and the qualitative analysis of the two notebooks.","","","cărți de bucate de familie, meniuri de familie, memorie individuală, memorie de, family cookbooks, family meals, individual memory, family memory, objects of memory","cărți de bucate de familie, meniuri de familie, memorie individuală, memorie de, family cookbooks, family meals, individual memory, family memory, objects of memory","","","425","438","","ro","published","STUDII ȘI CERCETĂRI","seria-3","ingest/issues/aaf-xxv-xxvi-2022/articles/036-familia-la-masa-memorie-individuala-si-memorie-familiala-in-caietele-cu-retete-culinare.pdf","ingest/issues/aaf-xxv-xxvi-2022/md/036-familia-la-masa-memorie-individuala-si-memorie-familiala-in-caietele-cu-retete-culinare.md","0.98","0.96","0.95","0.95","0.97","false","fitz","fitz","0.95"
"37","1","Redescoperirea vieții și activității unei familii interbelice: Ion și Sanda Mateiu","Mihaela Bucin","Facultatea de Pedagogie „Juhász Gyula”, Universitatea din Szeged, Ungaria.","","","Rediscovering the Life and Work of a Family from the Interwar Period: Ion and Sanda American sociologists Janet Z. Giele and Glen H. Elder Jr defined the concept of life course as being “shaped by the interaction of cultural and social structural features with physical and psychological attitudes of the individual and by the commitments and purposive efforts of the individual”. We extended a part of the research model proposed by sociology from the individual to family level and completed it with an ethnological prospect. Using these tools, supported by investigations of the period’s documents and publications, we tried to reconstruct the life course of a family of intellectuals from the Romanian interwar period: the couple formed by husband Ion Matei (1884–1946), professor, theologist, lawyer and journalist, Rector of Commercial Academy from Cluj, and wife Sanda Ulubeanu Matei (1890–1949), writer, publisher, translator, missionary and teacher. The Matei couple carried out an impressive activity, dedicated to the ideal of stability for the disoriented Roumanian society, between the years 1930–1940, with emphasis on the spiritual and cultural education of the masses.","","","parcursul vieții, Ion Matei, Sanda (Ulubeanu) Matei, Bible Training Institute Glasgow, life course","parcursul vieții, Ion Matei, Sanda (Ulubeanu) Matei, Bible Training Institute Glasgow, life course","","","439","454","","ro","published","STUDII ȘI CERCETĂRI","seria-3","ingest/issues/aaf-xxv-xxvi-2022/articles/037-redescoperirea-vietii-si-activitatii-unei-familii-interbelice-ion-si-sanda-mateiu.pdf","ingest/issues/aaf-xxv-xxvi-2022/md/037-redescoperirea-vietii-si-activitatii-unei-familii-interbelice-ion-si-sanda-mateiu.md","0.98","0.96","0.94","0.94","0.96","false","fitz","fitz","0.93"
"38","1","„Ritual memorial” și „scenografie rurală”. O lectură etnologică a instrucțiunilor societății „Mormintele Eroilor căzuți în Război”, referitoare la organizarea zilei „Eroilor Neamului” (1920)","Nicolae Mihai","Mulțumesc invitației primite din partea doamnei Ileana Benga pentru a prezenta și comenta acest","","","‘Memorial Ritual’ and ‘Rural Scenography’. An Ethnological Reading of the Instructions of Society “Mormintele Eroilor căzuți în Război” [Tombs of the Fallen Heroes during the War], Regarding the The present article deals with the analysis of the ritual framework on which May 20th was built, the feast of the Ascension of the Lord, proclaimed ‘Heroes of the Nation’ Day’, starting from an unknown document, identified at the Districtual Service of National Archives from Râmnicu Vâlcea. A national holiday that, since 1920, enhanced the national festive landscape by introducing the commemoration of those who fell during the First World War, who became national heroes. The ceremonies to be held at the level of the entire Romanian national state reflected a need and a deficit of sacredness, the repair of a trauma that had hit the entire Romanian space, depriving many families of the ‘comfort’ of those who left their homes to fight, many buried away from home. An ethnological reading of such a historical document suddenly reveals not only the elements of a memorial policy that has become a ‘national affair’, but also the importance of the ‘village scenography’ that underlies a new codified memorial ritual. One that is based on the involvement of all the actors who created solidarity and on elements of popular culture, such as the feast and the final dance (hora) that unified the participating soldiers and the local peasants. Through a ‘memorial ritual’ (Rémi Dalisson), the ‘social frameworks’ of communitarian memory were stimulated and the transition from ‘organic solidarities’ (family, parish) to ‘organized solidarities’ (nation), in Durkheim’s terms, perfectly ensured.","","","politica comemorativă a Marelui Război în România, Ziua „Eroilor Neamului”, ritual, Great War Commemorative Politics in Romania, the Nation Heroes’ Day, Memorial Ritual","politica comemorativă a Marelui Război în România, Ziua „Eroilor Neamului”, ritual, Great War Commemorative Politics in Romania, the Nation Heroes’ Day, Memorial Ritual","","","455","466","","ro","published","STUDII ȘI CERCETĂRI","seria-3","ingest/issues/aaf-xxv-xxvi-2022/articles/038-ritual-memorial-si-scenografie-rurala-o-lectura-etnologica-a-instructiunilor-societatii-mormintele-eroilor-cazuti-in-raz.pdf","ingest/issues/aaf-xxv-xxvi-2022/md/038-ritual-memorial-si-scenografie-rurala-o-lectura-etnologica-a-instructiunilor-societatii-mormintele-eroilor-cazuti-in-raz.md","0.98","0.96","0.95","0.95","0.97","false","fitz","fitz","0.94"
"39","1","Pace și război. O privire asupra textelor Bibliei","Radu Toader","Institutul de Etnografie și Folclor „Constantin Brăiloiu” al Academiei Române, București.","","","Peace and war are inextricably linked, two halves of the same whole, creation and destruction each having its role. Recurring themes in the Old and New Testaments are vital themes for a community. Although in all ages and in all places people have wanted – most of the time – peace, the Bible shows us a long line of violence, fighting, destruction, war and murder. We are presented with a multitude of events, facts, phenomena, which, at least in appearance, defy ordinary logic. Canonical texts have been kept unchanged for a long time, which means that there must be a deeper meaning. Thus, it becomes obvious that this meaning, not only from a theological point of view, but even in terms of culture and civilization, is clearly required.","","","textele biblice, pace, război, niveluri de logică, înțelesuri ale Scripturii, Bible texts, peace, war, levels of logic, Senses of Scripture","textele biblice, pace, război, niveluri de logică, înțelesuri ale Scripturii, Bible texts, peace, war, levels of logic, Senses of Scripture","","","467","484","","ro","published","STUDII ȘI CERCETĂRI","seria-3","ingest/issues/aaf-xxv-xxvi-2022/articles/039-pace-si-razboi-o-privire-asupra-textelor-bibliei.pdf","ingest/issues/aaf-xxv-xxvi-2022/md/039-pace-si-razboi-o-privire-asupra-textelor-bibliei.md","0.98","0.96","0.95","0.95","0.97","false","fitz","fitz","0.94"
"40","1","Despre variațiune și ornamentică","Ioan Haplea","Academia Națională de Muzică „Gheorghe Dima”, Cluj‑Napoca.","","","This paper explores the much debated topic of ornamentation and variation in Romanian folk music. It starts by comparing the canonical techniques of variation established in the Western art music with the correspondent folkloric practice and by proposing a distinction between the two, a distinction concerned with the existence of clear‑cut thresholds between a base structure and the overlaying ornamentation. The main argument of the paper is that folk music should be considered as a natural product. To demonstrate this, we advance a series of arguments ranging from theology to anthropology and post‑structuralist theory that led us to conclude that the folk song is, in its entirety, an ornamented flow and that the multiple variants of a song are situated in a continuous, rather than discrete perspective. As a case study, we chose to illustrate these conclusions with a succinct analysis of a group of songs from the Apuseni mountains collected by Béla Bartók.","","","cântec popular, variație, ornamentică, teorie poststructuralistă, deconstrucție, folk song, variation, ornamentation, post‑structuralist theory, deconstruction","cântec popular, variație, ornamentică, teorie poststructuralistă, deconstrucție, folk song, variation, ornamentation, post‑structuralist theory, deconstruction","","","485","502","","ro","published","STUDII ȘI CERCETĂRI","seria-3","ingest/issues/aaf-xxv-xxvi-2022/articles/040-despre-variatiune-si-ornamentica.pdf","ingest/issues/aaf-xxv-xxvi-2022/md/040-despre-variatiune-si-ornamentica.md","0.98","0.96","0.94","0.94","0.96","false","fitz","fitz","0.93"
"41","1","Planul variațional în cântecul propriu-zis","Lucia Iștoc","Institutul „Arhiva de Folclor a Academiei Române”, Cluj‑Napoca.","","","The aim of the paper is to illustrate, within the genre of the lyrical song, the theory of the folk art researchers such as Bartók, Brăiloiu and Bîrlea. In broad terms, their idea was that variation, in conjunction with repetition, is the very reason for the existence of this art. After establishing the coordinates of the melodic type, both in a wide and a narrow sense, the author concentrates on the variation that occurs as a result of the repetition of different structural elements (cell, motif, phrase) at the level of the melodic stanza or the whole piece. The same approach is used when considering a distinct melodic type with different metric, rhythmic and sonic variants.","","","cântec popular, cântec propriu‑zis, stilistică muzicală, tip melodic, variație, folk song, lyrical song, musical stylistics, melodic type, variation","cântec popular, cântec propriu‑zis, stilistică muzicală, tip melodic, variație, folk song, lyrical song, musical stylistics, melodic type, variation","","","503","518","","ro","published","STUDII ȘI CERCETĂRI","seria-3","ingest/issues/aaf-xxv-xxvi-2022/articles/041-planul-variational-in-cantecul-propriu-zis.pdf","ingest/issues/aaf-xxv-xxvi-2022/md/041-planul-variational-in-cantecul-propriu-zis.md","0.98","0.96","0.93","0.93","0.95","false","fitz","fitz","0.91"
"42","1","Ritmul sincopat amfibrahic descendent în context muzical coregrafic","Zamfir Dejeu","Institutul „Arhiva de Folclor a Academiei Române”, Cluj‑Napoca.","","","This paper aims to explore the syncopated descendant amphibrach rhythm, a type that belongs to the broader category of the syncopated rhythms. It is composed by a combination of two metric feet: an amphibrach plus a dactyl, or an amphibrach plus a spondee. We provide multiple examples of its usage in various dances from different regions that span a large geographical area, from northwestern Romania (the Meseș basin, the Lăpuș area), to the Transylvanian plain and Someș valley, all the way down to the Subcarpathian Muntenia (Prahova valley). One of our conclusions is that all these dances have a common origin. In the end, we hope to demonstrate that the syncopated descendant amphibrach rhythm is specific for Romanian folk music and also that it is representative for its archaic stratum.","","","ritm sincopat, ritm amfibrahic descendent, dansuri populare românești, Învârtită, syncopated rhythm, descendant amphibrach rhythm, Romanian folk dances","ritm sincopat, ritm amfibrahic descendent, dansuri populare românești, Învârtită, syncopated rhythm, descendant amphibrach rhythm, Romanian folk dances","","","519","536","","ro","published","STUDII ȘI CERCETĂRI","seria-3","ingest/issues/aaf-xxv-xxvi-2022/articles/042-ritmul-sincopat-amfibrahic-descendent-in-context-muzical-coregrafic.pdf","ingest/issues/aaf-xxv-xxvi-2022/md/042-ritmul-sincopat-amfibrahic-descendent-in-context-muzical-coregrafic.md","0.98","0.96","0.95","0.95","0.97","false","fitz","fitz","0.94"
"43","1","Etnomuzicologia și obiectul ei de studiu. O încercare de evaluare și sistematizare","Theodor Constantiniu","Institutul „Arhiva de Folclor a Academiei Române”, Cluj‑Napoca.","","","Although a relatively young discipline, ethnomusicology has a consistent and diverse scientific tradition. Over time, it proved to be a fertile ground for testing and debating various theories and methodologies as it was able to accommodate different ideas from other areas of research. However, if we look closely at its research tradition, we can see that, no matter how different the scientific approaches are, they can all be incorporated in three major categories, based on what answers the researcher aims to extract from the tunes she collects and/or analyzes. Thus, the final goal of a research is to construe and explain music from the perspective of a cultural artifact, of a social product, or from that of a psychological process. In Romania, ethnomusicology had its own distinctive path of evolution, one that sometimes intersected the prevalent practices in the Western world. This article aims to review the theoretical trends that permeated the local ethnomusicology in order to understand what its dominant ideas were. Applying the above tripartite distinction, we conclude that most of the research was conducted within the premise that folk music is a kind of a cultural object, whose value resides mostly in its own configuration. We claim that this perspective is not suited anymore for ethnomusicological field research, and that a better way to understanding the musical life of contemporary rural Romania is the one which sees music as a process shaped by the interaction of various social forces.","","","teorie, metodologie, evaluare, sistematizare, cercetare etnomuzicologică, theory, methodology, evaluation, systematization, ethnomusicological research","teorie, metodologie, evaluare, sistematizare, cercetare etnomuzicologică, theory, methodology, evaluation, systematization, ethnomusicological research","","","537","550","","ro","published","STUDII ȘI CERCETĂRI","seria-3","ingest/issues/aaf-xxv-xxvi-2022/articles/043-etnomuzicologia-si-obiectul-ei-de-studiu-o-incercare-de-evaluare-si-sistematizare.pdf","ingest/issues/aaf-xxv-xxvi-2022/md/043-etnomuzicologia-si-obiectul-ei-de-studiu-o-incercare-de-evaluare-si-sistematizare.md","0.98","0.96","0.95","0.95","0.98","false","fitz","fitz","0.96"
"44","1","Urme preistorice în colinde din Ardeal","Traian Gherman","","","","of local indigenous culture, and of archaic structured carols respectively, built around cynegetic play‑scripts: the heroic youth and the ritual hunt of a beast of both biological and mythical ancestry. It is known a fact that in poetic texts with fixed form beholding ritual functions (augural, propitiatory, apotropaic, funerary), the geology of successive cultural strata is more visible than in orally transmitted texts with no such fixedness. In this sense, Gherman’s previously unpublished study holds a significant premonitory value, anticipating regressive ethnological research of Propp‑ian kind (devoted to the historical, prehistorical and protohistorical roots of fantastic folktales). The author identifies beyond the fabulous bestiary from Romanian cynegetic winter carols, a number of possible biological patterns which may have held significant part within the experiential ground of ritualised poetic affabulatory story‑telling: bos primigenius/ auroch, megaloceros giganteus/ antediluvian stag, panthera spelaea/ cave lion, aquila/ vulture. All those patterns are being approached as inherited prehistoric remnant motives mythificated and transformed by folkloric memory, resulted in fundamental mythical‑fictional units underlying initiatory scenarios within pre‑Christian archaic winter carols.","","","colinde, reminiscențe, preistorie, boul primitiv, boul sur, cerbul antediluvian, leul de, carols, remnants, prehistory, bos primigenius, bos auroch, megaloceros giganteus","colinde, reminiscențe, preistorie, boul primitiv, boul sur, cerbul antediluvian, leul de, carols, remnants, prehistory, bos primigenius, bos auroch, megaloceros giganteus","","","551","570","","ro","published","RESTITUIRI","seria-3","ingest/issues/aaf-xxv-xxvi-2022/articles/044-urme-preistorice-in-colinde-din-ardeal.pdf","ingest/issues/aaf-xxv-xxvi-2022/md/044-urme-preistorice-in-colinde-din-ardeal.md","0.98","0.96","0.95","0.95","0.97","false","fitz","fitz","0.94"
"45","1","Rădăcinile preistorice ale colindelor românești arhaice. Note pe marginea studiului lui Traian Gherman","Bogdan Neagota","Facultatea de Litere, Universitatea Babeș‑Bolyai, Cluj‑Napoca.","","","The small article accompanying Traian Gherman’s study (Prehistoric Traces in Transylvanian Winter Carols) is examining some epistemic connections circumscribing the Gherman‑ian approach of archaic winter carols with cynegetic structure present within Romanian folklore. Such connections include: the intellectual roots of Traian Gherman’s perspective (thematizations of prehistory and protohistory in the historical schools of the threshold between the 19th and the 20th century; the romantic and visionary historicism of Nicolae Densușianu); the anti‑historicist cultural thematizations of prehistory/protohistory as explanatory paradigm of folkloric culture (Lucian Blaga, Mircea Eliade, Constantin Noica), and the integratory methodological perspective, bringing together natural and spiritual sciences, and bringing physicist and priest Traian Gherman close to Pierre Teilhard de Chardin. Moreover, Traian Gherman’s hypothesis of examining pre-/ proto‑historical roots of winter carols, anticipates subsequent research (from Mircea Eliade and Octavian Buhociu to Ion Taloș) dedicated to describing and interpreting the archaic cultural layer, and opens generously toward future methodologic perspectives (such as the cognitive studies of culture).","","","colinde, organicism, preistorie, protoistorie, anti‑istoricism, științele naturii vs, carols, prehistory, protohistory, antihistoricism, natural sciences vs","colinde, organicism, preistorie, protoistorie, anti‑istoricism, științele naturii vs, carols, prehistory, protohistory, antihistoricism, natural sciences vs","","","571","580","","ro","published","RESTITUIRI","seria-3","ingest/issues/aaf-xxv-xxvi-2022/articles/045-radacinile-preistorice-ale-colindelor-romanesti-arhaice-note-pe-marginea-studiului-lui-traian-gherman.pdf","ingest/issues/aaf-xxv-xxvi-2022/md/045-radacinile-preistorice-ale-colindelor-romanesti-arhaice-note-pe-marginea-studiului-lui-traian-gherman.md","0.98","0.96","0.95","0.95","0.97","false","fitz","fitz","0.94"
"46","1","Eroism şi sacrificiu în Împăratul Traian și conștiința romanității românilor de Ion Taloş","Ileana Benga","Institutul „Arhiva de Folclor a Academiei Române”, Cluj‑Napoca.","","","Heroism and Self‑Sacrifice in „Emperor Trajan and the Romanians’ Awareness of their Roman Part of a succession of ground‑breaking works of Prof. Ion Taloș, addressing for decades a consistent number of fundamental themes of Romanian folklore, Emperor Trajan and the Romanians’ Awareness of their Roman Origin is a cynosure of method and diligence in deriving, from virtually all extant document attesting a link to the centuries‑old event of the Roman conquest of the Dacian kingdom, the coherent tale of its transmission along almost two millennia. Both intellectual traditions (Renaissance, Illuminism, Romanticism, Historicism) and popular‑culture collections of folklore (as gathered with the help of the four questionnaires: Al. Odobescu, B.P. Hasdeu, N. Densușianu and I. Mușlea) are being duly and thoroughly addressed. The absolute merit of the book is in identifying correctly the alleged crossed‑references between the two sets of traditions: oral traditions thus penetrate abundantly the remaining literary or historiographical sources; and the intellectual sources strain, by means of education, into folk traditions of end of the 19th century – beginning of the 20th century. Document with document, scientific truth is being discerned, and for the first time in our national intellectual history, folklore facts on this subject are shown their grained, particular, independent and indivisible relevance. My ethnological, historical and archaeological reading of the entire corpus of documents in the book has not only delved into this sieve of scientific relevance, but also, has identified the crystal‑clear cut ethnological evidence of a culturally inherited tradition going back all those centuries to the moment of the Roman conquest itself, of which the earthly remnants, like monuments and bridges, towns and fortresses, roads and defences, surely survived the centuries, landscaping local imaginary since the beginning. The rich body of folk‑lore evidence identified and presented extensively in the book (with the help of the Annexe) is centring Romanian lore even more soundly, within the wider circle of Balkan lore (following similar folk motives of Slavs, Neo‑Greeks, and Albanians). The complex collection of erudite discussions around folklore facts pertaining to the Roman origin of Romanians, attesting unequivocally sufficient intrinsic conscientious awareness of it, as to transmit it over and over across centuries, in multifarious yet consistently constant motives, is in itself a document of paramount significance, which shall stay important in ethnology for the duration of the discipline itself.","","","cucerirea Daciei de către împăratul Traian, tradiție orală, chestionare istorice, Trajan’s conquest of Dacia, oral tradition, Romanian historical ethnological questionnaires","cucerirea Daciei de către împăratul Traian, tradiție orală, chestionare istorice, Trajan’s conquest of Dacia, oral tradition, Romanian historical ethnological questionnaires","","","581","608","","ro","published","NOTE DE LECTURĂ","seria-3","ingest/issues/aaf-xxv-xxvi-2022/articles/046-eroism-si-sacrificiu-in-imparatul-traian-si-constiinta-romanitatii-romanilor-de-ion-talos.pdf","ingest/issues/aaf-xxv-xxvi-2022/md/046-eroism-si-sacrificiu-in-imparatul-traian-si-constiinta-romanitatii-romanilor-de-ion-talos.md","0.98","0.96","0.95","0.95","0.97","false","fitz","fitz","0.94"
"47","1","Nicolae Edroiu, Plugul în Țările Române (până în secolul al XVIII‑lea), Cluj‑Napoca, Editura Școala Ardeleană, 2017, 223 p. (Silvia Ciubotaru)","Silvia Ciubotaru","Academia Regală Daneză de Științe) și","","","","","","","","","","609","613","","ro","published","RECENZII","seria-3","ingest/issues/aaf-xxv-xxvi-2022/articles/047-nicolae-edroiu-plugul-in-tarile-romane-pana-in-secolul-al-xviii-lea-cluj-napoca-editura-scoala-ardeleana-2017-223-p-silv.pdf","ingest/issues/aaf-xxv-xxvi-2022/md/047-nicolae-edroiu-plugul-in-tarile-romane-pana-in-secolul-al-xviii-lea-cluj-napoca-editura-scoala-ardeleana-2017-223-p-silv.md","0.98","0.96","0.20","0.20","0.20","true","fitz","fitz","0.96"
"48","1","H. Ciubotaru, Iași, Editura Universității „Alexandru Ioan Cuza”, 2018, 688 p. cu ilustrații (Maria Aldea)","N/A","Institutul de Filologie Română „A. Philippide”, Iaşi","","","","","","","","","","614","618","","ro","published","Petru Caraman, Restituiri etnologice, ediție îngrijită, introducere și notă asupra ediției de Ion","seria-3","ingest/issues/aaf-xxv-xxvi-2022/articles/048-h-ciubotaru-iasi-editura-universitatii-alexandru-ioan-cuza-2018-688-p-cu-ilustratii-maria-aldea.pdf","ingest/issues/aaf-xxv-xxvi-2022/md/048-h-ciubotaru-iasi-editura-universitatii-alexandru-ioan-cuza-2018-688-p-cu-ilustratii-maria-aldea.md","0.98","0.55","0.20","0.20","0.20","true","fitz","fitz","0.93"
"49","1","Dorin Lozovanu, Populația românească din Peninsula Balcanică. Studiu antropogeografic, Academia Română – Institutul de Arheologie, Iași, Muzeul Brăilei „Carol I”, Institutul „Eudoxiu Hurmuzachi” pentru Românii de Pretutindeni, colecția Basarabica nr. 16, coord. Victor Spinei, Ionel Cândea, Editura Academiei Române – Editura Istros, București – Brăila, 2019, 417 p. + mapă cu 73 hărți (Emil Țîrcomnicu)","N/A","Institutul de Arheologie,","","","","","","","","","","619","621","","ro","published","Petru Caraman, Restituiri etnologice, ediție îngrijită, introducere și notă asupra ediției de Ion","seria-3","ingest/issues/aaf-xxv-xxvi-2022/articles/049-dorin-lozovanu-populatia-romaneasca-din-peninsula-balcanica-studiu-antropogeografic-academia-romana-institutul-de-arheol.pdf","ingest/issues/aaf-xxv-xxvi-2022/md/049-dorin-lozovanu-populatia-romaneasca-din-peninsula-balcanica-studiu-antropogeografic-academia-romana-institutul-de-arheol.md","0.98","0.55","0.20","0.20","0.20","true","fitz","fitz","0.96"
"50","1","Nicolae Saramandu, Emil Țîrcomnicu, Manuela Nevaci, Cătălin Alexa, „Lecturi vizuale” etnolingvistice la aromânii din Republica Macedonia. Ohrida, Struga, Crușova. Memorie, tradiție, grai, patrimoniu, Societatea de Cultură Macedo‑Română, București, Editura Universității din București, 2018, 196 p. (Valentyna Symionka)","N/A","Institutul de Etnografie și Folclor „Constantin Brăiloiu”.","","","","","","","","","","622","624","","ro","published","Petru Caraman, Restituiri etnologice, ediție îngrijită, introducere și notă asupra ediției de Ion","seria-3","ingest/issues/aaf-xxv-xxvi-2022/articles/050-nicolae-saramandu-emil-tircomnicu-manuela-nevaci-catalin-alexa-lecturi-vizuale-etnolingvistice-la-aromanii-din-republica.pdf","ingest/issues/aaf-xxv-xxvi-2022/md/050-nicolae-saramandu-emil-tircomnicu-manuela-nevaci-catalin-alexa-lecturi-vizuale-etnolingvistice-la-aromanii-din-republica.md","0.98","0.55","0.20","0.20","0.20","true","fitz","fitz","0.96"
"51","1","Nistor Bardu, Emil Țîrcomnicu, Cătălin Alexa, Stoica Lascu, Ioana Iancu, „Lecturi vizuale” etnologice la aromânii din Republica Macedonia. Regiunea Bitolia. Memorie, tradiție, grai, patrimoniu, Societatea de Cultură Macedo‑Română, Editura Etnologică, 2018, 196 p. (Maria Năstase)","N/A","Universitatea din București","","","","","","","","","","625","627","","ro","published","Petru Caraman, Restituiri etnologice, ediție îngrijită, introducere și notă asupra ediției de Ion","seria-3","ingest/issues/aaf-xxv-xxvi-2022/articles/051-nistor-bardu-emil-tircomnicu-catalin-alexa-stoica-lascu-ioana-iancu-lecturi-vizuale-etnologice-la-aromanii-din-republica.pdf","ingest/issues/aaf-xxv-xxvi-2022/md/051-nistor-bardu-emil-tircomnicu-catalin-alexa-stoica-lascu-ioana-iancu-lecturi-vizuale-etnologice-la-aromanii-din-republica.md","0.98","0.55","0.20","0.20","0.20","true","fitz","fitz","0.96"
"52","1","Annemarie Sorescu‑Marinković / Thede Kahl / Biljana Sikimić (eds.), Boyash Studies: Researching “Our People”, Berlin, Frank & Timme Verlag für wissenschaftliche Literatur, 2021, 466 p. (Stelu Șerban)","N/A","Universitatea din București","","","","","","","","","","628","630","","ro","published","Petru Caraman, Restituiri etnologice, ediție îngrijită, introducere și notă asupra ediției de Ion","seria-3","ingest/issues/aaf-xxv-xxvi-2022/articles/052-annemarie-sorescu-marinkovic-thede-kahl-biljana-sikimic-eds-boyash-studies-researching-our-people-berlin-frank-timme-ver.pdf","ingest/issues/aaf-xxv-xxvi-2022/md/052-annemarie-sorescu-marinkovic-thede-kahl-biljana-sikimic-eds-boyash-studies-researching-our-people-berlin-frank-timme-ver.md","0.98","0.55","0.20","0.20","0.20","false","fitz","fitz","0.96"
"53","1","Constantin Eretescu, Moartea lui Patroclu: studii și articole de etnologie, București, Spandugino, 2020, ISBN 978–606-8944–47-0, 375 p. [The Death of Patroclus: ethnological studies and articles] (Ionucu Pop)","N/A","Institutul de Studii Sud‑Est Europene","","","","","","","","","","631","633","","en","published","Petru Caraman, Restituiri etnologice, ediție îngrijită, introducere și notă asupra ediției de Ion","seria-3","ingest/issues/aaf-xxv-xxvi-2022/articles/053-constantin-eretescu-moartea-lui-patroclu-studii-si-articole-de-etnologie-bucuresti-spandugino-2020-isbn-978-606-8944-47-.pdf","ingest/issues/aaf-xxv-xxvi-2022/md/053-constantin-eretescu-moartea-lui-patroclu-studii-si-articole-de-etnologie-bucuresti-spandugino-2020-isbn-978-606-8944-47-.md","0.98","0.55","0.20","0.20","0.20","true","fitz","fitz","0.96"
"54","1","Iordan Datcu, M‑au onorat cu epistolele lor, București, RCR Editorial, 2019, 414 p. (Gabriel Cătălin Stoian)","N/A","Muzeul Național al Satului „Dimitrie Gusti”","","","","","","","","","","634","635","","ro","published","Petru Caraman, Restituiri etnologice, ediție îngrijită, introducere și notă asupra ediției de Ion","seria-3","ingest/issues/aaf-xxv-xxvi-2022/articles/054-iordan-datcu-m-au-onorat-cu-epistolele-lor-bucuresti-rcr-editorial-2019-414-p-gabriel-catalin-stoian.pdf","ingest/issues/aaf-xxv-xxvi-2022/md/054-iordan-datcu-m-au-onorat-cu-epistolele-lor-bucuresti-rcr-editorial-2019-414-p-gabriel-catalin-stoian.md","0.98","0.55","0.20","0.20","0.20","true","fitz","fitz","0.95"
"55","1","Corin Braga (edit.), Enciclopedia imaginariilor din România, First vol., Imaginar literar. Coordinated by Adrian Tudurachi. Iași, Polirom, 2020, 440 p. [The Encyclopaedia of Romanian Imaginaries, Volume I: Literary Imaginary] (Ionucu Pop)","N/A","","","","","","","","","","","636","639","","en","published","Petru Caraman, Restituiri etnologice, ediție îngrijită, introducere și notă asupra ediției de Ion","seria-3","ingest/issues/aaf-xxv-xxvi-2022/articles/055-corin-braga-edit-enciclopedia-imaginariilor-din-romania-first-vol-imaginar-literar-coordinated-by-adrian-tudurachi-iasi-.pdf","ingest/issues/aaf-xxv-xxvi-2022/md/055-corin-braga-edit-enciclopedia-imaginariilor-din-romania-first-vol-imaginar-literar-coordinated-by-adrian-tudurachi-iasi-.md","0.98","0.55","0.20","0.20","0.20","true","fitz","fitz","0.96"
"56","1","Laura Ioana Toader, Laptele matern și aburul hranei. Contexte etnologice. Prefață de prof. univ. emerit dr. Silviu Angelescu. București, Editura Etnologică, 2020, 956 p. (Ileana Benga)","N/A","","","","","","","","","","","640","651","","ro","published","Petru Caraman, Restituiri etnologice, ediție îngrijită, introducere și notă asupra ediției de Ion","seria-3","ingest/issues/aaf-xxv-xxvi-2022/articles/056-laura-ioana-toader-laptele-matern-si-aburul-hranei-contexte-etnologice-prefata-de-prof-univ-emerit-dr-silviu-angelescu-b.pdf","ingest/issues/aaf-xxv-xxvi-2022/md/056-laura-ioana-toader-laptele-matern-si-aburul-hranei-contexte-etnologice-prefata-de-prof-univ-emerit-dr-silviu-angelescu-b.md","0.98","0.55","0.20","0.20","0.20","true","fitz","fitz","0.95"
"57","1","Vintilă Mihăilescu, În căutarea corpului regăsit. O ego‑analiză a spitalului, Iași, Editura Polirom, 2019, 248 p. (Liviu Ovidiu Pop)","N/A","","","","","","","","","","","652","653","","ro","published","Petru Caraman, Restituiri etnologice, ediție îngrijită, introducere și notă asupra ediției de Ion","seria-3","ingest/issues/aaf-xxv-xxvi-2022/articles/057-vintila-mihailescu-in-cautarea-corpului-regasit-o-ego-analiza-a-spitalului-iasi-editura-polirom-2019-248-p-liviu-ovidiu-.pdf","ingest/issues/aaf-xxv-xxvi-2022/md/057-vintila-mihailescu-in-cautarea-corpului-regasit-o-ego-analiza-a-spitalului-iasi-editura-polirom-2019-248-p-liviu-ovidiu-.md","0.98","0.55","0.20","0.20","0.20","true","fitz","fitz","0.95"
"58","1","„MARTOR. Revistă de antropologie a Muzeului Țăranului Român”, nr. 24/2019, Politics of Memory: the Collecting, Storage, Ownership and Selective Disclosure of Archival Material [Politici ale memoriei: colecționare, depozitare, proprietate și dezvăluire selectivă a materialelor de arhivă]. Coordonatori: Corina Iosif, Bogdan Iancu, Iris Șerban (Tünde Komáromi)","N/A","Institutul „Arhiva de Folclor a Academiei Române”","","","","","","","","","","654","655","","ro","published","Petru Caraman, Restituiri etnologice, ediție îngrijită, introducere și notă asupra ediției de Ion","seria-3","ingest/issues/aaf-xxv-xxvi-2022/articles/058-martor-revista-de-antropologie-a-muzeului-taranului-roman-nr-24-2019-politics-of-memory-the-collecting-storage-ownership.pdf","ingest/issues/aaf-xxv-xxvi-2022/md/058-martor-revista-de-antropologie-a-muzeului-taranului-roman-nr-24-2019-politics-of-memory-the-collecting-storage-ownership.md","0.98","0.55","0.20","0.20","0.20","false","fitz","fitz","0.96"
"59","1","(Paul Alexandru Remeș)","N/A","Institutul pentru Studii Sociale","","","","","","","","","","656","660","","en","published","Petru Caraman, Restituiri etnologice, ediție îngrijită, introducere și notă asupra ediției de Ion","seria-3","ingest/issues/aaf-xxv-xxvi-2022/articles/059-paul-alexandru-remes.pdf","ingest/issues/aaf-xxv-xxvi-2022/md/059-paul-alexandru-remes.md","0.98","0.55","0.20","0.20","0.20","false","fitz","fitz","0.94"
"60","2","Arhiva de Folclor a Academiei Române în comparație cu Centro de Estudios Históricos și cu Deutsches Volksliedarchiv","Ion Taloș","Universitatea din Köln, Germania; Institutul „Arhiva de Folclor a Academiei Române”, Cluj‑Napoca.","","","","","","","","","","15","38","","ro","published","ARHIVA DE FOLCLOR A ACADEMIEI ROMÂNE","seria-3","ingest/issues/aaf-xxvii-2023/articles/001-arhiva-de-folclor-a-academiei-romane-in-comparatie-cu-centro-de-estudios-historicos-si-cu-deutsches-volksliedarchiv.pdf","ingest/issues/aaf-xxvii-2023/md/001-arhiva-de-folclor-a-academiei-romane-in-comparatie-cu-centro-de-estudios-historicos-si-cu-deutsches-volksliedarchiv.md","0.98","0.96","0.20","0.20","0.20","false","fitz","fitz","0.94"
"61","2","Corpusul răspunsurilor la Chestionarele Ion Mușlea. O experiență editorială","Ion Cuceu","Institutul „Arhiva de Folclor a Academiei Române”, Cluj‑Napoca.","","","This paper emphasizes the importance that the folk collections from north‑western Romania (Codru, Chioar, Lăpuș, Oașul, Silvania, all manifesting the influence of the Maramureș Voivodship) have for the Corpus of the Answers for the Ion Mușlea Questionnaires. All these ethnographic areas have an equal relevance when compared to those of southern Transylvania (Hunedoara, Țara Hațegului, Ținutul Pădurenilor, Munții Apuseni, Mărginimea Sibiului, Țara Oltului, Țara Bârsei, as well as the contact areas of Bistrița, Năsăud and Țibleș Valley). The paper also insists on two other important areas covered by the indirect inquiry of the Romanian Academy Folk Archive, Sătmar and the Western Plain, with a third irradiating center in Țara Beiușului and Partium, whose influence extends to Țara Zarandului and all over Banat. We discuss the schoolboys and seminarists’ major contribution to the indirect inquiry, their involvement being the result of a special “experiment” promoted by Ion Mușlea and designed with the aim to extend the territorial reach of his inquiry during the late stages of his research activity. The paper argues for the continuation of this research project, stressing the importance of digitalization of all the answers to the Romanian Academy Folk Archive’s questionnaires, an achievement that would allow the integration within a broader scientific circuit of this resource.","","","Ion Mușlea, ancheta indirectă, Transilvania și ținuturile românești intracarpatice, indirect inquiry, Transylvania and the inter‑Carpathian lands, structure and","Ion Mușlea, ancheta indirectă, Transilvania și ținuturile românești intracarpatice, indirect inquiry, Transylvania and the inter‑Carpathian lands, structure and","","","39","56","","ro","published","ARHIVA DE FOLCLOR A ACADEMIEI ROMÂNE","seria-3","ingest/issues/aaf-xxvii-2023/articles/002-corpusul-raspunsurilor-la-chestionarele-ion-muslea-o-experienta-editoriala.pdf","ingest/issues/aaf-xxvii-2023/md/002-corpusul-raspunsurilor-la-chestionarele-ion-muslea-o-experienta-editoriala.md","0.98","0.96","0.96","0.96","0.98","false","fitz","fitz","0.96"
"62","2","Răspunsurile la Chestionarul VII. Instrumente muzicale al Muzeului Limbii Române – Destinul unor manuscrise interbelice","Cosmina‑maria Berindei","Institutul de Lingvistică și Istorie Literară „Sextil Pușcariu”, Cluj‑Napoca.","","","The Replies to The Romanian Language Museum’s Questionnaire No. 7. Musical Instruments – the Destiny of a Collection of Interwar Manuscripts The present paper’s purpose is to re‑enact the history of a valuable collection of documents, obtained as replies to Questionnaire No. 7. Musical Instruments within the indirect linguistic survey of The Romanian Language Museum in Cluj. The linguistic survey about the musical instruments was conducted during 1935– 1937 based on a questionnaire drawn up by the linguist Ștefan Pașca and musicologist Augustin Bena. The survey was replied by 49 correspondents; thus, a highly valuable documentary fund was created, a fund that includes in most of its part replies of some of the most efficient participants to the surveys of The Romanian Language Museum. After the manuscripts’ registration in Registrul actelor intrate ale ALR 1927–1938 (The Register of the Entered Documents of the ALR 1927–1938), because of unknown reasons, they have never been processed. There are no research traces of this documentary fund in literature, neither in The Dictionary of the Romanian Language whose Bibliography Appendix does not include the replies to Questionnaire No. 7. Musical Instruments nor by the ethnologist Ion Mușlea who briefly dealt with the Romanians’ musical instruments, or any other specialist within the domains of linguistics and organology for that matter. For a very long time, the specialists considered these manuscripts lost, and in 2015 Elena Comșulea noted their absence in a study published in a specialized journal. However, in the spring of 2022 while processing the Emil Petrovici archive fund, the manuscripts were found in a small suitcase, which showed they had never been lost but misplaced. We believe the reason might have something to do with the 1940–1945 refuge to Sibiu of King Ferdinand Ist University as a consequence of The Second Vienna Award, University which the Romanian Language Museum was part of. At present, the documents are digitised and are being evaluated for the purpose of proposing a project for their recovery and insert in the scientific research circuit. The information they include is valuable not only for linguistics, but also for ethnology, musicology and organology, especially as they are the result of the most extensive institutional survey about musical instruments until the end of the interwar period.","","","ancheta lingvistică indirectă, instrumente muzicale, organologie, Muzeul Limbii, indirect linguistic inquiry, musical instruments, organology, Romanian Language","ancheta lingvistică indirectă, instrumente muzicale, organologie, Muzeul Limbii, indirect linguistic inquiry, musical instruments, organology, Romanian Language","","","57","70","","ro","published","ARHIVA DE FOLCLOR A ACADEMIEI ROMÂNE","seria-3","ingest/issues/aaf-xxvii-2023/articles/003-raspunsurile-la-chestionarul-vii-instrumente-muzicale-al-muzeului-limbii-romane-destinul-unor-manuscrise-interbelice.pdf","ingest/issues/aaf-xxvii-2023/md/003-raspunsurile-la-chestionarul-vii-instrumente-muzicale-al-muzeului-limbii-romane-destinul-unor-manuscrise-interbelice.md","0.98","0.96","0.95","0.95","0.97","false","fitz","fitz","0.95"
"63","2","Construcția casei: locuri faste și nefaste","Anamaria Lisovschi","Institutul „Arhiva de Folclor a Academiei Române”, Cluj‑Napoca, email: anmarylis@yahoo.it.","anmarylis@yahoo.it","","La costruzione della casa: luoghi benedetti e luoghi malvagi (Riassunto) Le risposte trovate nei manoscritti Mușlea sono inedite, altre invece sono uniche, rendendo interesante questo studio dedicato al questionario X. In queste pagine ho scelto solo una piccola parte delle informazioni raccolte nei manoscritti, che rappresentano solo una tessera del mosaico delle tradizioni e costumi popolari dei nostri villaggi. Parola chiave: casa, mura, sogno, premonizione, luogo benedetto, luogo malvagio.","","","casă, zid, vis, premoniție, loc fast, loc blestemat","casă, zid, vis, premoniție, loc fast, loc blestemat","","","71","84","","ro","published","ARHIVA DE FOLCLOR A ACADEMIEI ROMÂNE","seria-3","ingest/issues/aaf-xxvii-2023/articles/004-constructia-casei-locuri-faste-si-nefaste.pdf","ingest/issues/aaf-xxvii-2023/md/004-constructia-casei-locuri-faste-si-nefaste.md","0.98","0.96","0.94","0.94","0.96","false","fitz","fitz","0.94"
"64","2","Fondul Fonograf al Arhivei de Folclor a Academiei Române","Liviu‑ovidiu Pop","Institutul „Arhiva de Folclor a Academiei Române”, Cluj‑Napoca.","","","This research explores the Fonograf Collection of the Romanian Academy’s Folklore Archive, the first to include sound recordings. The collection consists of 542 wax cylinders, some of which have sadly deteriorated or are lost. The wax cylinders and music transcriptions are stored in the Romanian Academy’s Branch in Cluj Napoca. The oldest recordings date back to 1949 by Jagamas János, with the last ones done in 1954 by Ioan R. Nicola. Apart from cataloged cylinders, 100 uncatalogued cylinders exist with unknown content. The article breaks down the catalog’s structure and looks at the digitization of the collection.","","","Fondul Fonograf, Arhiva de Folclor, cilindri de ceară, înregistrări, transcrieri muzicale, Fonograf Collection, Folklore Archive, Wax Cylinders, Recordings, Music Transcriptions","Fondul Fonograf, Arhiva de Folclor, cilindri de ceară, înregistrări, transcrieri muzicale, Fonograf Collection, Folklore Archive, Wax Cylinders, Recordings, Music Transcriptions","","","85","88","","ro","published","ARHIVA DE FOLCLOR A ACADEMIEI ROMÂNE","seria-3","ingest/issues/aaf-xxvii-2023/articles/005-fondul-fonograf-al-arhivei-de-folclor-a-academiei-romane.pdf","ingest/issues/aaf-xxvii-2023/md/005-fondul-fonograf-al-arhivei-de-folclor-a-academiei-romane.md","0.98","0.96","0.94","0.94","0.96","false","fitz","fitz","0.92"
"65","2","In Memoriam Hanni Markel (1939–2023)","Sanda Ignat","Institutul „Arhiva de Folclor a Academiei Române”, Cluj‑Napoca.","","","","","","","","","","89","100","","ro","published","ARHIVA DE FOLCLOR A ACADEMIEI ROMÂNE","seria-3","ingest/issues/aaf-xxvii-2023/articles/006-in-memoriam-hanni-markel-1939-2023.pdf","ingest/issues/aaf-xxvii-2023/md/006-in-memoriam-hanni-markel-1939-2023.md","0.98","0.96","0.20","0.20","0.20","false","fitz","fitz","0.94"
"66","2","Introducere la „Maxima Varia” a etnoantropologiei sexului","Marin Marian‑bălașa","Institutul de Etnografie și Folclor „Constantin Brăiloiu” al Academiei Române, București.","","","These are just a few words explaining the “quest” of what had started in the mid-2015 to act/perform/ profess like a Study Group (of ethno‑anthropology), especially since the 2019 occasion (ASER National Conference) was the third one in which, within the framework of a workshop panel, we tackled the wide field of sexuality. Details are shared on the contents of those three occasions (2016, 2017, 2019) and the way they were projected to open as many aspects and niches as possible – either starting from major contributions such as books, or from historic documents such as medieval laws, church iconography, early 20th century matrimonial advertisement or virginity certificate. Hence, papers going to be published within this section are introduced in wider both cultural and academic contexts.","","","studii culturale, sexualitate, etnoantropologie, ASER, „Caietele ASER”, cultural studies, sexuality, ethnoanthropology","studii culturale, sexualitate, etnoantropologie, ASER, „Caietele ASER”, cultural studies, sexuality, ethnoanthropology","","","101","104","","ro","published","STUDII ȘI CERCETĂRI","seria-3","ingest/issues/aaf-xxvii-2023/articles/007-introducere-la-maxima-varia-a-etnoantropologiei-sexului.pdf","ingest/issues/aaf-xxvii-2023/md/007-introducere-la-maxima-varia-a-etnoantropologiei-sexului.md","0.98","0.96","0.94","0.94","0.96","false","fitz","fitz","0.93"
"67","2","Reglementarea sexualității în lumea românească veche: amestecarea de sânge, malahia, curvia și alte săblazne","Astrid Cambose","Institutul de Filologie Română „A. Philippide”, Iași.","","","Old Romanian Legislation on Sexual Conduct: Incest, Masturbation, Whoredom and Other With regard to human sexuality, many facets and intertwining factors must be analysed in order to get an overall view, and no matter how far the search goes, there will always be some investigation that still awaits its scholar. In this paper we try to address the question of mundane sexuality from a philosophical and anthropological perspective, and to stress the connection between Christianity and ancient Greek metaphysics in the matter of the human sperm as carrier of the divine pneúma. From this point of view, masturbation appeared as the most grievous of the sexual debaucheries, because it wasted the divine seed. Illegitimate copulation included various relationships, some of which we tried to tackle by means of philological and anthropological interpretation. But is there a clear rationale for why some sexual dispositions have been considered more appropriate than others? We believe there have been some consequential constructs that have shaped the sexual habitudes of the traditional Romanian society in the former centuries and we set on our course to detect them.","","","reglementări religioase, lumea veche românească, roluri sexuale tradiționale, desfrâu, religious legislation, old Romanian world, traditional sexual roles, debauchery, sexual","reglementări religioase, lumea veche românească, roluri sexuale tradiționale, desfrâu, religious legislation, old Romanian world, traditional sexual roles, debauchery, sexual","","","105","116","","ro","published","STUDII ȘI CERCETĂRI","seria-3","ingest/issues/aaf-xxvii-2023/articles/008-reglementarea-sexualitatii-in-lumea-romaneasca-veche-amestecarea-de-sange-malahia-curvia-si-alte-sablazne.pdf","ingest/issues/aaf-xxvii-2023/md/008-reglementarea-sexualitatii-in-lumea-romaneasca-veche-amestecarea-de-sange-malahia-curvia-si-alte-sablazne.md","0.98","0.96","0.95","0.95","0.97","false","fitz","fitz","0.95"
"68","2","O introducere în etologia folclorului pornografic","Mircea Păduraru","Universitatea „Alexandru Ioan Cuza”, Iași.","","","The article deals with the Romanian folkloric pornographic imaginary, focusing on what it does to and with the participants who perform/actualize it in the context of a real folkloric interaction. Distinguishing between feast (numenal, complex event in participants and resources etc.) and party (modest, less complex, sacred‑free event etc., as a kind of gathering where pornographic folklore is particularly performed, by which participants experience transgressions from the usual social rules as well as pauses from the personal inhibitory structures), the analysis explores the conditions and the sensorial‑psycho‑somatic and discursive complexities that work together to achieve the pornographic project: sexual arousal/ erotic pleasure. Involving dance, music, group dynamic and masculine‑feminine interaction etc., this kind of folkloric event generates an erotic community, actualizes the disciplinary powers of the sexual habitus, despite its witz‑like and anti‑establishment air, and by continually operating the desecretization of sex, produces a folkloric way of handling the sexual body.","","","senzorialitate, habitus, desecretizarea sexului, performativ, obscenitate, sensoriality, desecretization of sex, performative, obscenity","senzorialitate, habitus, desecretizarea sexului, performativ, obscenitate, sensoriality, desecretization of sex, performative, obscenity","","","117","136","","ro","published","STUDII ȘI CERCETĂRI","seria-3","ingest/issues/aaf-xxvii-2023/articles/009-o-introducere-in-etologia-folclorului-pornografic.pdf","ingest/issues/aaf-xxvii-2023/md/009-o-introducere-in-etologia-folclorului-pornografic.md","0.98","0.96","0.95","0.95","0.97","false","fitz","fitz","0.95"
"69","2","Sexualitate, ascetism și teatralitate la comunitățile Hijra din subcontinentul indian","Daria Ioan","Departamentul de Cinematografie și Media, Facultatea de Teatru și Film, Universitatea Babeș‑Bolyai,","","","In this paper some aspects of creative ascetism within hijra community in India are presented. This third sex, recognized as such, whether it comprises hermaphrodites or eunuchs, supposes beliefs and practices, marked by a sacred aura, implying both the stigmatization and the unicity conferred by this sexual and social identity. The position of hijra between two worlds in which they cannot fully take part allows them to use ritualistic gestures and magical practices (fulfillment of wishes, blessing, curse). In the magic mastered by hijras, in the social or sexual activities performed by them (including prostitution) a big amount of theatricality is included.","","","al treilea sex, sexualitate, ascetism creator, puteri sacre, emasculare, teatralitate, magie, third sex, sexuality, creative ascetism, sacred powers, emasculation, theatricality, magic","al treilea sex, sexualitate, ascetism creator, puteri sacre, emasculare, teatralitate, magie, third sex, sexuality, creative ascetism, sacred powers, emasculation, theatricality, magic","","","137","142","","ro","published","STUDII ȘI CERCETĂRI","seria-3","ingest/issues/aaf-xxvii-2023/articles/010-sexualitate-ascetism-si-teatralitate-la-comunitatile-hijra-din-subcontinentul-indian.pdf","ingest/issues/aaf-xxvii-2023/md/010-sexualitate-ascetism-si-teatralitate-la-comunitatile-hijra-din-subcontinentul-indian.md","0.98","0.96","0.95","0.95","0.97","false","fitz","fitz","0.95"
"70","2","Oglinzi ale realismului civic și ale interculturalității (etnoantropologie prismatică)","Marin Marian‑bălașa","Institutul de Etnografie și Folclor „Constantin Brăiloiu” al Academiei Române, București.","","","Mirrors of Civil Realism and Interculturality (Prismatic Ethnoantropology) This is a sample of what I call applied prismatic ethnoanthropology. Hereby filmography samples are used for what I call „civil realism”, meaning veridic mirroring or illustration of the anthropological‑cultural realm. Often, in spite of „documenting” ethnic, apparently specific social situations or mentalities, such films actually illustrate transnational, transcultural and transreligious human values, gestures, prejudice, attitudes, ideas, universally valid/discernable cultural frames and motives. Throughout these pages I underline the Romanianness of moments within a Turkish and a Libanese film (Mustang and Ghadi) just in order to demonstrate the universality of (many) cultural paradigms. The demo here ends up by stressing the value of multiculturally informed interpretation and interdiciplinary analysis of cultural forms, expressions, and gestures.","","","etnoantropologie, realismul civic, interculturalitate, mentalitate, virginitate, filmografie, ethnoantropology, civil realism, interculturality, mentality, virginity, filmography","etnoantropologie, realismul civic, interculturalitate, mentalitate, virginitate, filmografie, ethnoantropology, civil realism, interculturality, mentality, virginity, filmography","","","143","154","","ro","published","STUDII ȘI CERCETĂRI","seria-3","ingest/issues/aaf-xxvii-2023/articles/011-oglinzi-ale-realismului-civic-si-ale-interculturalitatii-etnoantropologie-prismatica.pdf","ingest/issues/aaf-xxvii-2023/md/011-oglinzi-ale-realismului-civic-si-ale-interculturalitatii-etnoantropologie-prismatica.md","0.98","0.96","0.95","0.95","0.97","false","fitz","fitz","0.95"
"71","2","Neputincios din Iele. Un caz de boală culturală în Țara Românească, sfârșit de secol XVIII","Bogdan Neagota","Universitatea Babeș‑Bolyai, Cluj‑Napoca.","","","The paper presents a case of cultural illness recurrent in southern rural Romanian society from the past centuries; what makes it salient this time is its attested presence within other social groups than the peasant: such as the mercenary army (seimeni) from the Phanariot Age, the local nobility, and even the upmost level of the Prince himself. It speaks of a cultural illness with neurological symptoms: being afflicted or frail from the Iele, caused by the Iele, dangerous feminine daemons responsible for a range of afflictions, mostly neurologic and psychiatric. In this case, the victim is Ene, a mercenary (seimen) of old age, who paralyzed due to having witnessed a daemonic epiphany (having seen the iele / fairies dancing) and is therefore unable to work for living, and has even accumulated debt: ”first and foremost I am a poor old man, my feet taken by the Ele [Iele – n.n.], and am unable to gain my daily bread.” He therefore makes a plea in Oct. 1794, begging to be discharged from duty (a fi iertat de slujbă) and to be protected against the assessed taxes (carte de apărare). The Phanariot Prince Alexandru Cost. Moruzi orders the case investigation (Feb. 1795), and, given the favorable result (the official civil servant (spătar) responsible with the case confirms the illness, as well as the palsy/ailment of seimen Ene), he grants the plea (carte de apărare), with all resulting rights to the supplicant.","","","boală culturală, neputincios din Iele, Valahia, seimen (mercenar din Țara Românească), cultural ilness, Wallachia, seimen (Wallachian mercenary), The","boală culturală, neputincios din Iele, Valahia, seimen (mercenar din Țara Românească), cultural ilness, Wallachia, seimen (Wallachian mercenary), The","","","155","164","","ro","published","STUDII ȘI CERCETĂRI","seria-3","ingest/issues/aaf-xxvii-2023/articles/012-neputincios-din-iele-un-caz-de-boala-culturala-in-tara-romaneasca-sfarsit-de-secol-xviii.pdf","ingest/issues/aaf-xxvii-2023/md/012-neputincios-din-iele-un-caz-de-boala-culturala-in-tara-romaneasca-sfarsit-de-secol-xviii.md","0.98","0.96","0.94","0.94","0.96","false","fitz","fitz","0.93"
"72","2","„Robul Măriei tale, Ene Seimenu, neputincios din Ele”. Notele imperfecte istoric... pe marginea unui fapt cultural","Nicolae Mihai","Le mulțumesc prietenilor Bogdan Neagota și Ileana Benga pentru dubla invitație onorantă: de a arunca","","","Notele imperfecte istoric... pe marginea unui fapt cultural* “Your Majesty’s Servant, Ene the Mercenary, Helpless because of the Fairies”. The Imperfect The present material contains some comments on an unusual case from the 18th century, starting from the analysis of the complaint of an old mercenary (seimen), Ene, to the Phanariot prince, Alexandru Moruzi. The way he signs “himself”, admitting his helplessness as provoked by Iele, puts us in front of a surprising confrontation of cultural codes. His gesture that brings him out of anonymity at the very moment of his biography challenges us to a reading from which we understand, through indirect reflection, his place in a society where the prince, the saint thaumaturgist, the poor and Ielele coexist without being bother to each other too much.","","","istorie culturală, regim fanariot, Țara Românească, povestea lui Ene seimenul, cultural history, Phanariot regime, Wallachia, story of Ene the mercenary (seimen)","istorie culturală, regim fanariot, Țara Românească, povestea lui Ene seimenul, cultural history, Phanariot regime, Wallachia, story of Ene the mercenary (seimen)","","","165","174","","ro","published","STUDII ȘI CERCETĂRI","seria-3","ingest/issues/aaf-xxvii-2023/articles/013-robul-mariei-tale-ene-seimenu-neputincios-din-ele-notele-imperfecte-istoric-pe-marginea-unui-fapt-cultural.pdf","ingest/issues/aaf-xxvii-2023/md/013-robul-mariei-tale-ene-seimenu-neputincios-din-ele-notele-imperfecte-istoric-pe-marginea-unui-fapt-cultural.md","0.98","0.96","0.94","0.94","0.96","false","fitz","fitz","0.92"
"73","2","Portretul fotografic ca imagine a actorului ritual","Cătălin Alexa","Textul de față reprezintă o formă restrânsă a studiului introductiv la volumul Portret de călușar I,","","","This paper stems from the research conducted on the Căluș ritual, which has mainly focused on the visual documentation of the performance. Spanning a period of six years, my research centred upon photographing the performers of the ritual dance within the framework of an experiment aimed to reveal how the contemporary ritual practice is enacted. The new data gathered display how the contemporary Căluș ritual is performed and perceived within the community, as well the ways in which the present day Călușari (the Căluș ritual performers) make up their own identity as ritual actors.","","","Căluș, ritual, portret, fotografie, vizual, imagine, portrait, photography, visual, image","Căluș, ritual, portret, fotografie, vizual, imagine, portrait, photography, visual, image","","","175","192","","ro","published","STUDII ȘI CERCETĂRI","seria-3","ingest/issues/aaf-xxvii-2023/articles/014-portretul-fotografic-ca-imagine-a-actorului-ritual.pdf","ingest/issues/aaf-xxvii-2023/md/014-portretul-fotografic-ca-imagine-a-actorului-ritual.md","0.98","0.96","0.95","0.95","0.97","false","fitz","fitz","0.95"
"74","2","Etnologul și cele mai bune intenții ale cercetării","Elena Bărbulescu","Institutul „Arhiva de Folclor a Academiei Române”, Cluj‑Napoca.","","","This paper is bringing into discussion the fieldresearches done by the author in the past thirty years. Starting these researches as an undergraduate student at the Faculty of Letters, the author is taking the reader through the major crises and conundrums she had to face along these years. In the beginning all was beautiful and fine, and the researcher was confident about the path to follow. The past years though, show that the radical changes that have taken place in Romanian society at large have brought negative influences upon the ethnological methodology. The article is aiming to initiate a discussion about how ethnological research looks like at present, and how should we expect it to be in the future.","","","etnologie, cercetare de teren, rural, metodologie, crize, ethnology, fieldresearch, methodology, crisis","etnologie, cercetare de teren, rural, metodologie, crize, ethnology, fieldresearch, methodology, crisis","","","193","204","","ro","published","STUDII ȘI CERCETĂRI","seria-3","ingest/issues/aaf-xxvii-2023/articles/015-etnologul-si-cele-mai-bune-intentii-ale-cercetarii.pdf","ingest/issues/aaf-xxvii-2023/md/015-etnologul-si-cele-mai-bune-intentii-ale-cercetarii.md","0.98","0.96","0.95","0.95","0.97","false","fitz","fitz","0.95"
"75","2","Interferențe culturale în muzica și dansul tradițional din Transilvania","Zamfir Dejeu","Institutul „Arhiva de Folclor a Academiei Române”, Cluj‑Napoca.","","","Traditional cultural values must not be judged according to ethnic or linguistic criteria. They need to be seen as products of the human spirit and soul, able to generate genuine artistic experiences. According to this perspective, we consider that, as part of an initial research stage, the folklore in Transylvania needs to be analysed comparatively and for this we need to start from those general formal factors which proved to be common to the four or five repertoires in this area: Romanian, Hungarian, German, Slovakian and that belonging to the Roma community. However, in order to know the Romanian traditional folklore we need to study the folklore of the ethnic groups living in this region and in the neighbouring countries, because they deeply influenced Romanian folklore and, given the common living circumstances, have enriched it with valuable artistic creations. The present study analyses some interconnections manifest in the musical‑choreographic culture of the Romanians and of other ethnic groups in the region. The information is based on personal experience and the limited bibliography which can be read in Romanian language. The topics we approach here can be, undoubtedly, better represented, confirmed, revised, as part of different other researches, by studying various and complex phenomena of traditional culture which, fortunately, is still active in this region. However, we believe that we have managed to draw attention in this study to various aspects which the future researchers will not be able to observe directly, since their historical and comparative research activity will have to be mainly based on documentaries, notes, books and materials in the archives.1.","","","interconexiuni, frăție, ritmul copiilor‑ritm universal, aspect bilingv, auftact sincopat, interconnections, brotherhood, the rhythm of children‑universal rhythm, bilingual","interconexiuni, frăție, ritmul copiilor‑ritm universal, aspect bilingv, auftact sincopat, interconnections, brotherhood, the rhythm of children‑universal rhythm, bilingual","","","205","254","","ro","published","STUDII ȘI CERCETĂRI","seria-3","ingest/issues/aaf-xxvii-2023/articles/016-interferente-culturale-in-muzica-si-dansul-traditional-din-transilvania.pdf","ingest/issues/aaf-xxvii-2023/md/016-interferente-culturale-in-muzica-si-dansul-traditional-din-transilvania.md","0.98","0.96","0.95","0.95","0.97","false","fitz","fitz","0.95"
"76","2","Contribuția școlii etnomuzicologice clujene la sistematica repertorială tipologică","Constanța Cristescu","Centrul Cultural „Bucovina”, Centrul pentru Conservarea și Promovarea Culturii Tradiționale, Suceava.","","","The Contribution of the Cluj Ethnomusicological School to the Typological Repertorial The progress of ethnomusicology depends on the progress of the research methodology. After decades of methodological accumulation and widening of ethnomusicological knowledge in the process of repertoire systematization, the typological systematization of genre aspects has become an opportunity and a persistent preoccupation for scholars in the last six decades. The proposed methodological synthesis study aims to survey the achievements of ethnomusicologists at the national level, as well as to highlight the substantial contribution of the Cluj ethnomusicological school to this field. The contribution of an ethnomusicological school may be assessed qualitatively and quantitatively. At the qualitative level, the school’s contribution is reflected, on the one hand, in methodological creativity and, on the other, in the quality of the methods elaborated by specialists. From a quantitative point of view, it is reflected in the richness of genre typologies, published as monographic works or as studies in academic journals. The contribution of the Cluj school – from a qualitative point of view – resides in the creation and implementation of a typological method of a very high degree of generality for the fixed‑form and free‑form vocal folkloric repertoires. The creator of this method is the team of musicologists made up of Professor Ilona Szenik, Ph.D., and scientific researcher Lucia Iștoc, Ph.D. The foremost criterion in typological classification is the melodic profile, analyzed through several phases, from the general to the particular. This is followed by gradually subordinated criteria, according to the diverse profile models.","","","etnomuzicologie, sistematizare tipologică, metodă, școală etnomuzicologică, criteriu, ethnomusicology, typological systematization, method, ethnomusicological school","etnomuzicologie, sistematizare tipologică, metodă, școală etnomuzicologică, criteriu, ethnomusicology, typological systematization, method, ethnomusicological school","","","255","262","","ro","published","STUDII ȘI CERCETĂRI","seria-3","ingest/issues/aaf-xxvii-2023/articles/017-contributia-scolii-etnomuzicologice-clujene-la-sistematica-repertoriala-tipologica.pdf","ingest/issues/aaf-xxvii-2023/md/017-contributia-scolii-etnomuzicologice-clujene-la-sistematica-repertoriala-tipologica.md","0.98","0.96","0.96","0.96","0.98","false","fitz","fitz","0.97"
"77","2","Jocuri feciorești cu fată în Transilvania","Paul‑alexandru Remeș","Institutul „Arhiva de Folclor a Academiei Române”, Cluj‑Napoca.","","","When we speak about the Transylvanian choreographic culture we speak about two separately distinguished dances that can be found in almost all areas. Feciorescul – Lad’s dance and Învârtita – the most common couple dance. Those two types of dances a solo and a couple dance, have merged during the last two centuries giving birth to newly developed dances called differently in each dialect area and gathered under one main title “Feciorescul cu fată” – Lad’s dance with the girl. These dances are placed in the cycle of dances usually before or after the Lad’s dance so they make the connection between those two types of dances. The main motifs that can be found are turning as a couple and the men’s kicks and slaps using different parts of the leg. As in the Învârtita, the syncretic process is complemented by different kinds of shouts about various topics such as love, wealth, well‑being, and also commands. The most interesting fact is that the presence of the two dances at the same time in the dance cycle did not lead to the disappearance of either original dance thus contributing to the enrichment of the national dance repertoire.","","","dansul fecioresc, dansul de cuplu, evoluția unor dansuri, îmbogățirea repertoriului, men’s dance, couple dance, dance evolutions, enrichment of the dance repertoire","dansul fecioresc, dansul de cuplu, evoluția unor dansuri, îmbogățirea repertoriului, men’s dance, couple dance, dance evolutions, enrichment of the dance repertoire","","","263","286","","ro","published","STUDII ȘI CERCETĂRI","seria-3","ingest/issues/aaf-xxvii-2023/articles/018-jocuri-fecioresti-cu-fata-in-transilvania.pdf","ingest/issues/aaf-xxvii-2023/md/018-jocuri-fecioresti-cu-fata-in-transilvania.md","0.98","0.96","0.95","0.95","0.97","false","fitz","fitz","0.95"
"78","2","Câteva considerații despre cercetarea muzicii populare în secolul XXI","Zoltan Gergely","Institutul „Arhiva de Folclor a Academiei Române”, Cluj‑Napoca.","","","The article discusses the challenges of preserving traditional culture, with a focus on folk music in Romania. While there is concern about the loss of traditional culture, there are also positive examples of efforts to preserve and revalue it. It is important to avoid a nostalgic and static approach to traditional culture and recognize that it can be reinterpreted and revalued in the context of the present time. The article also briefly touches on various themes related to ethnomusicology, including the challenges faced by researchers in the field, the importance of developing unique research methodologies for Romanian folk music, the need to create a databases of all Romanian melodies documented throughout history, and the potential of using artificial intelligence (AI) in ethnomusicology research.","","","cultură tradițională, muzică populară, conservare, etnomuzicologie, sistematizare, traditional culture, folk music, preservation, ethnomusicology, systematization, artificial","cultură tradițională, muzică populară, conservare, etnomuzicologie, sistematizare, traditional culture, folk music, preservation, ethnomusicology, systematization, artificial","","","287","294","","ro","published","STUDII ȘI CERCETĂRI","seria-3","ingest/issues/aaf-xxvii-2023/articles/019-cateva-consideratii-despre-cercetarea-muzicii-populare-in-secolul-xxi.pdf","ingest/issues/aaf-xxvii-2023/md/019-cateva-consideratii-despre-cercetarea-muzicii-populare-in-secolul-xxi.md","0.98","0.96","0.96","0.96","0.98","false","fitz","fitz","0.96"
"79","2","SVETLANA BADRAJAN, VITALIE GRIB Lidia Severin – o promotoare a cântecului folcloric în a doua jumătate a secolului XX, începutul secolului XXI","Zoltan Gergely","Academia de Muzică, Teatru și Arte Plastice, Chișinău, Republica Moldova.","","","Lidia Severin – a Promoter of Folk Song in the Second Half of the 20th Century and the Beginning Starting with the second half of the 20th century, two directions are taking shape in the field of vocal folk interpretive art – on the one hand, we have the singer for whom the vocal performance becomes a profession and source of income, and on the other hand, we have the traditional singer who performs folk songs as a casual activity, for leisure. The latter becomes involved in various activities, such as those related to protecting and promoting authentic creations and the intangible musical heritage or those involving participation in music folklore competitions and festivals, their repertoire remaining unaffected. Some of them studied music, but even this fact did not have negative repercussions on their repertoire and their performance style. Lidia Severin belongs to the last category. Her recorded repertoire is preserved in the Folk Music Archive of the Academy of Music, Drama and Fine Arts in Chisinau and in various edited folklore collections. It is valuable material both from the point of view of the genre and of the performance style. Those interested – such singers or researchers, will be able to benefit from a “direct contact”, years from now, with the bearer of folklore – Lidia Severin, by accessing an original informational support when necessary.","","","cântec folcloric, investigații de teren, interpretare, creare, promovare, folk song, field investigations, interpretation, creation, promotion","cântec folcloric, investigații de teren, interpretare, creare, promovare, folk song, field investigations, interpretation, creation, promotion","","","295","306","","ro","published","STUDII ȘI CERCETĂRI","seria-3","ingest/issues/aaf-xxvii-2023/articles/020-svetlana-badrajan-vitalie-grib-lidia-severin-o-promotoare-a-cantecului-folcloric-in-a-doua-jumatate-a-secolului-xx-incep.pdf","ingest/issues/aaf-xxvii-2023/md/020-svetlana-badrajan-vitalie-grib-lidia-severin-o-promotoare-a-cantecului-folcloric-in-a-doua-jumatate-a-secolului-xx-incep.md","0.98","0.96","0.94","0.94","0.96","false","fitz","fitz","0.94"
"80","2","Fantomele turcului mecanic. Imaginația populară față în față cu automatizarea","Liviu‑ovidiu Pop","Institutul „Arhiva de Folclor a Academiei Române”, Cluj‑Napoca.","","","The Phantoms of the Mechanical Turk. About Golem and Robots. The Collective Mind versus This article provides an analysis of the development and representation of artificial intelligence (AI) in various historical events and elements of popular culture, focusing on the impact of these advances on society’s perceptions and expectations. Microsoft’s investment in OpenAI, which led to the creation of Chat GPT, serves as a starting point to explore the evolution of AI from the 18th century Mechanical Turk to modern AI‑driven products like Google Duplex and Amazon’s Alexa. The article examines how the concept of AI has been shaped by its presentation in popular culture and the narratives created by large corporations and startups. It also discusses the importance of maintaining a critical perspective on the potential implications and limitations of AI, particularly as we approach the singularity – the point at which artificial general intelligence surpasses human cognitive abilities. By revisiting the past and examining the present, the article aims to better understand the ever‑evolving landscape of AI and its impact on humanity.","","","Inteligența artificială, reprezentări populare ale inteligenței artificiale, Turcul Mecanic, Artificial intelligence, popular representations of AI, the Mechanical Turk, humans","Inteligența artificială, reprezentări populare ale inteligenței artificiale, Turcul Mecanic, Artificial intelligence, popular representations of AI, the Mechanical Turk, humans","","","307","320","","ro","published","STUDII ȘI CERCETĂRI","seria-3","ingest/issues/aaf-xxvii-2023/articles/021-fantomele-turcului-mecanic-imaginatia-populara-fata-in-fata-cu-automatizarea.pdf","ingest/issues/aaf-xxvii-2023/md/021-fantomele-turcului-mecanic-imaginatia-populara-fata-in-fata-cu-automatizarea.md","0.98","0.96","0.95","0.95","0.97","false","fitz","fitz","0.95"
"81","2","Câteva considerații privind interviul cu profesorul universitar și cercetătorul Virgiliu Florea (1941–2019)","Alina Branda","Universitatea Babeș‑Bolyai, Cluj‑Napoca.","","","Some Considerations on the Interview with Professor and Researcher Virgiliu Florea (1941– The following pages are a brief presentation of an interview with Virgiliu Florea (University Professor in Folklore Studies and scientific researcher at the Cluj Folklore Archive). The questions addressed in the interview, as well as the responses, are summarized systematically. The aims of the interview have been to collect autobiographical data, focusing on mostly the researcher’s scientific career. References to the institutional millieus in which Folklore Studies have been present, before and after 1989, as well as an analysis on the place of Folklore studies among other socio‑human sciences (in various decades of the above mentioned periods) are on the agenda.","","","Virgiliu Florea, interviu, studii de folclor, România comunistă și post‑comunistă, interview, Folklore Studies, communist and post‑communist Romania","Virgiliu Florea, interviu, studii de folclor, România comunistă și post‑comunistă, interview, Folklore Studies, communist and post‑communist Romania","","","321","326","","ro","published","R E S T I T U I R I","seria-3","ingest/issues/aaf-xxvii-2023/articles/022-cateva-consideratii-privind-interviul-cu-profesorul-universitar-si-cercetatorul-virgiliu-florea-1941-2019.pdf","ingest/issues/aaf-xxvii-2023/md/022-cateva-consideratii-privind-interviul-cu-profesorul-universitar-si-cercetatorul-virgiliu-florea-1941-2019.md","0.98","0.96","0.95","0.95","0.97","false","fitz","fitz","0.95"
"82","2","„Din activitatea mea de folclorist” interviu realizat de conf. univ. dr. Alina Branda","Virgiliu Florea","Institutului de Etnografie și Folclor din","","","","","","","","","","327","342","","ro","published","R E S T I T U I R I","seria-3","ingest/issues/aaf-xxvii-2023/articles/023-din-activitatea-mea-de-folclorist-interviu-realizat-de-conf-univ-dr-alina-branda.pdf","ingest/issues/aaf-xxvii-2023/md/023-din-activitatea-mea-de-folclorist-interviu-realizat-de-conf-univ-dr-alina-branda.md","0.98","0.96","0.20","0.20","0.20","false","fitz","fitz","0.94"
"83","2","Memoriu de activitate","Virgiliu Florea","Institutului Pedagogic de 3 ani din Cluj‑Napoca, unde","","","","","","","","","","343","361","","ro","published","R E S T I T U I R I","seria-3","ingest/issues/aaf-xxvii-2023/articles/024-memoriu-de-activitate.pdf","ingest/issues/aaf-xxvii-2023/md/024-memoriu-de-activitate.md","0.98","0.96","0.20","0.20","0.20","false","fitz","fitz","0.90"
"84","2","Curriculum Vitae","Virgiliu Florea","Institutul „Arhiva de Folclor a Academiei","","","","","","","","","","362","368","","ro","published","R E S T I T U I R I","seria-3","ingest/issues/aaf-xxvii-2023/articles/025-curriculum-vitae.pdf","ingest/issues/aaf-xxvii-2023/md/025-curriculum-vitae.md","0.98","0.96","0.20","0.20","0.20","false","fitz","fitz","0.90"
"85","2","Despre o masă rotundă: Rafinament și putere de pătrundere în Folclor, etnologie, antropologie de Sanda Golopenția","Ileana Benga","Institutul „Arhiva de Folclor a Academiei Române”.","","","","","","","","","","369","372","","ro","published","N O T E DE L E C T U R Ă","seria-3","ingest/issues/aaf-xxvii-2023/articles/026-despre-o-masa-rotunda-rafinament-si-putere-de-patrundere-in-folclor-etnologie-antropologie-de-sanda-golopentia.pdf","ingest/issues/aaf-xxvii-2023/md/026-despre-o-masa-rotunda-rafinament-si-putere-de-patrundere-in-folclor-etnologie-antropologie-de-sanda-golopentia.md","0.98","0.96","0.20","0.20","0.20","false","fitz","fitz","0.94"
"86","2","Cuvânt înainte","Sanda Golopenția","Brown University, S.U.A.","","","","","","","","","","373","374","","ro","published","N O T E DE L E C T U R Ă","seria-3","ingest/issues/aaf-xxvii-2023/articles/027-cuvant-inainte.pdf","ingest/issues/aaf-xxvii-2023/md/027-cuvant-inainte.md","0.98","0.96","0.20","0.20","0.20","false","fitz","fitz","0.95"
"87","2","Intermemoria etnologică","Elena Platon","Universitatea Babeș‑Bolyai, Cluj‑Napoca.","","","In the address written in honour of the great master Sanda Galopenția, I borrowed the generous concept of intermemory (shared memory), as used by the author to define how oral culture is built in traditional communities, and I transferred it to the community of ethnologists. Thus, when I refer to an ethnological intermemory, I must explain the strange feeling of compatibility with the master, despite the fact that we were never in “verbal contact”. This feeling is perhaps rooted in some simple gestures that bring us together, gestures that are inscribed in the affective and intellectual register, even without the possibility of having a round table talk until now. We shared fascinating stories about the human being and the ethnologist Sanda Galopenția, we walked on the same paths during our ethnographic inquiries, and everyone felt fortunate enough to be guided by the same great ethnologists, to be concerned with deciphering the conceptual schemes that support the linguistic imaginary of the folklore productions or to be shaped by her writings. These are, of course, sufficient reasons to feel close to this great master ethnologist.","","","intermemorie, imaginar lingvistic, burg semantic, metaforă, scheme conceptuale, intermemory, linguistic imaginary, semantic burg, figure of speech, conceptual schemes","intermemorie, imaginar lingvistic, burg semantic, metaforă, scheme conceptuale, intermemory, linguistic imaginary, semantic burg, figure of speech, conceptual schemes","","","375","380","","ro","published","N O T E DE L E C T U R Ă","seria-3","ingest/issues/aaf-xxvii-2023/articles/028-intermemoria-etnologica.pdf","ingest/issues/aaf-xxvii-2023/md/028-intermemoria-etnologica.md","0.98","0.96","0.95","0.95","0.97","false","fitz","fitz","0.94"
"88","2","Plante și scenarii magice","Eleonora Sava","Universitatea Babeș‑Bolyai, Cluj‑Napoca.","","","The article analyzes the major contribution of Sanda Golopenția to the field of love charms research, scenarios) in the general context of Romanian ethnobotany and in the particular context of research dedicated to magic plants in Romanian ethnology. First, the article scans the bibliography, in order to identify the points of convergence and to reveal the elements of novelty brought by the study discussed in relation to previous writings. Next, the text integrates the analyzed study into the ensemble of the author’s works on Romanian charms. This double bibliographic reporting allows for a nuanced analysis that highlights both the consistent and systematic research, as well as the essential mutations – in methodological, conceptual and interpretive terms – that the ethnologist proposes, documents and demonstrates through the volumes published over several decades. The analysis provides 10 arguments that support the idea that the exegesis of Sanda Golopenția articulates a renewed perspective on love charms, and the study Despre plante în descântatul de dragoste. Scenarii magice (Plants in love charms. Magic scenarios) is a reference text in this field.","","","Folclor românesc, analiză etnologică, etnobotanică, descântatul de dragoste, Romanian folklore, ethnological analysis, ethnobotany, love charms, magic scenario","Folclor românesc, analiză etnologică, etnobotanică, descântatul de dragoste, Romanian folklore, ethnological analysis, ethnobotany, love charms, magic scenario","","","381","386","","ro","published","N O T E DE L E C T U R Ă","seria-3","ingest/issues/aaf-xxvii-2023/articles/029-plante-si-scenarii-magice.pdf","ingest/issues/aaf-xxvii-2023/md/029-plante-si-scenarii-magice.md","0.98","0.96","0.94","0.94","0.95","false","fitz","fitz","0.92"
"89","2","Explorări teoretice: în dialog cu etnologia Sandei Golopenția","Ioana‑ruxandra Fruntelată","Facultatea de Litere, Universitatea din București; Institutul de Etnografie și Folclor „Constantin Brăiloiu”","","","","","","","","","","387","398","","ro","published","N O T E DE L E C T U R Ă","seria-3","ingest/issues/aaf-xxvii-2023/articles/030-explorari-teoretice-in-dialog-cu-etnologia-sandei-golopentia.pdf","ingest/issues/aaf-xxvii-2023/md/030-explorari-teoretice-in-dialog-cu-etnologia-sandei-golopentia.md","0.98","0.96","0.20","0.20","0.20","false","fitz","fitz","0.96"
"90","2","Mihai Pop – Repere identitare, influențe cosmopolite, reflectări afective","Mihaela Călinescu","Biblioteca Județeană „Alexandru și Aristia Aman” – Institutul Exilului Românesc.","","","The volume “Folklore, Ethnology, Anthropology” signed by Sanda Golopenția was discussed on occasion of the roundtable on the theme Elevate and high–value knowledge: Folklore, Ethnology, Anthropology moderated by Ileana Benga at the Conferences of the Institute “The Archive of Romanian Folklore of the Romanian Academy”. From a massive corpus of theoretical topics we selected for discussion the chapters dedicated to Mihai Pop and then highlighted the epistolary and telegraphic material between correspondents, published by Sanda Golopentia. The research emphasizes the relationship between the Golopenția family and Mihai Pop, as well as his interventions in delicate moments of their lives. At the same time, the image of professor Mihai Pop is constructed through the eyes of specialist Sanda Golopenția and corresponds to confession in the context of confrontation not always desired with otherness. Pieces of the past are set into light through the remembrance of some tension‑filled sequences from their past or by assembling an epistolary exchange, a true cultural treasure. In the same time, we set out to bring the attention upon The Romanian Book and Exile Museum from Craiova, that is meant to bring light into the reunification of Romanian culture with the cultural heritage created outside the country, from the years of post‑war Romanian exile caused by the communist regime.","","","Mihai Pop, corespondență, exil, sprijin, moștenire culturală, regimul comunist, correspondence, exile, support, cultural heritage, communism regime","Mihai Pop, corespondență, exil, sprijin, moștenire culturală, regimul comunist, correspondence, exile, support, cultural heritage, communism regime","","","399","412","","ro","published","N O T E DE L E C T U R Ă","seria-3","ingest/issues/aaf-xxvii-2023/articles/031-mihai-pop-repere-identitare-influente-cosmopolite-reflectari-afective.pdf","ingest/issues/aaf-xxvii-2023/md/031-mihai-pop-repere-identitare-influente-cosmopolite-reflectari-afective.md","0.98","0.96","0.95","0.95","0.97","false","fitz","fitz","0.95"
"91","2","Spre altă minte transmisă","Ileana Benga","Institutul „Arhiva de Folclor a Academiei Române”, Cluj‑Napoca”.","","","Dwelling on Sanda Golopenția’s fundamental research and subsequent conceptualisations on ethnological problems pertaining, ultimately, to longitudinal transmissions of culturally relevant bonds of community life, this commentary intends to highlight the importance of the fine‑grained analysis on exclusively observable facts, as compared to broader temporalities of ethnology and anthropology, out of the reach of historical document.","","","transmitere culturală, interacțiune în cercetarea de teren, fapt folcloric, temporalități, cultural transmission, field‑research interaction, folklore facts, temporalities, diachrony","transmitere culturală, interacțiune în cercetarea de teren, fapt folcloric, temporalități, cultural transmission, field‑research interaction, folklore facts, temporalities, diachrony","","","413","424","","ro","published","N O T E DE L E C T U R Ă","seria-3","ingest/issues/aaf-xxvii-2023/articles/032-spre-alta-minte-transmisa.pdf","ingest/issues/aaf-xxvii-2023/md/032-spre-alta-minte-transmisa.md","0.98","0.96","0.95","0.95","0.97","false","fitz","fitz","0.94"
"92","2","Iconografia vrăjitoriei în arta religioasă românească. Eseu de antropologie vizuală","Bogdan Neagota","Ioan Pop‑Curșeu, Ștefana Pop‑Curșeu: Iconografia vrăjitoriei în arta religioasă românească. Eseu de","","","Notes on the margin of a book: The Iconography of Witchcraft in Romanian Religious Art. This commentary addresses the methodology used by the target book to engage with various components of the documentary set, on multiple levels: history of arts (iconography, religious art), late antique and medieval literature (apocrypha), ethno‑anthropology (stemming into visual anthropology, ethnology, folk‑lore studies) and history of mentalities (witchcraft being addressed primarily by historical anthropology).","","","magie, vrăjitorie, eschatologie, iconografie, pedeapsă, magic, witchcraft, eschatology, iconography, punishment","magie, vrăjitorie, eschatologie, iconografie, pedeapsă, magic, witchcraft, eschatology, iconography, punishment","","","425","432","","ro","published","N O T E DE L E C T U R Ă","seria-3","ingest/issues/aaf-xxvii-2023/articles/033-iconografia-vrajitoriei-in-arta-religioasa-romaneasca-eseu-de-antropologie-vizuala.pdf","ingest/issues/aaf-xxvii-2023/md/033-iconografia-vrajitoriei-in-arta-religioasa-romaneasca-eseu-de-antropologie-vizuala.md","0.98","0.96","0.96","0.96","0.98","false","fitz","fitz","0.96"
"93","2","„Revista de etnografie și folclor / Journal of Ethnography and Folklore”, 1–2, 2022, București, Editura Academiei Române, 281 p., ISSN 0034–8198 (Marin Marian‑Bălașa)","Marin Marian‑Bălașa","Institutului de Etnografie şi Folclor „Conastantin Brăiloiu”, 23,","","","","","","","","","","433","435","","ro","published","R E C E N Z I I","seria-3","ingest/issues/aaf-xxvii-2023/articles/034-revista-de-etnografie-si-folclor-journal-of-ethnography-and-folklore-1-2-2022-bucuresti-editura-academiei-romane-281-p-i.pdf","ingest/issues/aaf-xxvii-2023/md/034-revista-de-etnografie-si-folclor-journal-of-ethnography-and-folklore-1-2-2022-bucuresti-editura-academiei-romane-281-p-i.md","0.98","0.96","0.20","0.20","0.20","true","fitz","fitz","0.94"
"94","2","Revista de etnografie și folclor / Journal of Ethnography and Folklore” 1–2/2023, București, Editura Academiei Române, 303 p., ISSN 0034–8198 (Marin Marian‑Bălașa)","Marin Marian‑Bălașa","Academia Română. Rândurile care","","","","","","","","","","436","438","","ro","published","R E C E N Z I I","seria-3","ingest/issues/aaf-xxvii-2023/articles/035-revista-de-etnografie-si-folclor-journal-of-ethnography-and-folklore-1-2-2023-bucuresti-editura-academiei-romane-303-p-i.pdf","ingest/issues/aaf-xxvii-2023/md/035-revista-de-etnografie-si-folclor-journal-of-ethnography-and-folklore-1-2-2023-bucuresti-editura-academiei-romane-303-p-i.md","0.98","0.96","0.20","0.20","0.20","true","fitz","fitz","0.95"
"95","2","Ross Cole, The Folk. Music, Modernity and the Political Imagination, Berkley, University of California Press, 2021, 276 p. (Theodor Constantiniu)","Theodor Constantiniu","","","","","","","","","","","439","442","","ro","published","R E C E N Z I I","seria-3","ingest/issues/aaf-xxvii-2023/articles/036-ross-cole-the-folk-music-modernity-and-the-political-imagination-berkley-university-of-california-press-2021-276-p-theod.pdf","ingest/issues/aaf-xxvii-2023/md/036-ross-cole-the-folk-music-modernity-and-the-political-imagination-berkley-university-of-california-press-2021-276-p-theod.md","0.98","0.96","0.20","0.20","0.20","true","fitz","fitz","0.97"
"96","2","Constanța Cristescu, Un secol de etnomuzicologie românească. Parcurs și perspectivă în sistematica repertorială, București, Editura Muzicală, 2021, 241 p. (Theodor Constantiniu)","Theodor Constantiniu","","","","","","","","","","","443","446","","ro","published","R E C E N Z I I","seria-3","ingest/issues/aaf-xxvii-2023/articles/037-constanta-cristescu-un-secol-de-etnomuzicologie-romaneasca-parcurs-si-perspectiva-in-sistematica-repertoriala-bucuresti-.pdf","ingest/issues/aaf-xxvii-2023/md/037-constanta-cristescu-un-secol-de-etnomuzicologie-romaneasca-parcurs-si-perspectiva-in-sistematica-repertoriala-bucuresti-.md","0.98","0.96","0.20","0.20","0.20","true","fitz","fitz","0.97"
"97","2","Sabrina Tosi Cambini, Altri confini. Storia, mobilità e migrazioni di una rete di famiglie rudari tra la Romania e l’Italia, Milano‑Udine, Mimesis, 2021, 274 p. (Stelu Șerban)","Stelu Șerban","Institutul „Arhiva de Folclor a Academiei Române”","","","","","","","","","","447","449","","ro","published","R E C E N Z I I","seria-3","ingest/issues/aaf-xxvii-2023/articles/038-sabrina-tosi-cambini-altri-confini-storia-mobilita-e-migrazioni-di-una-rete-di-famiglie-rudari-tra-la-romania-e-l-italia.pdf","ingest/issues/aaf-xxvii-2023/md/038-sabrina-tosi-cambini-altri-confini-storia-mobilita-e-migrazioni-di-una-rete-di-famiglie-rudari-tra-la-romania-e-l-italia.md","0.98","0.96","0.20","0.20","0.20","true","fitz","fitz","0.96"
"98","2","Antoaneta Olteanu, Mitologie română, Târgoviște, Editura Cetatea de Scaun, 2021, I, 509 p.; II, 354 p.; III, 421 p. (Iordan Datcu)","Iordan Datcu","","","","","","","","","","","450","451","","ro","published","R E C E N Z I I","seria-3","ingest/issues/aaf-xxvii-2023/articles/039-antoaneta-olteanu-mitologie-romana-targoviste-editura-cetatea-de-scaun-2021-i-509-p-ii-354-p-iii-421-p-iordan-datcu.pdf","ingest/issues/aaf-xxvii-2023/md/039-antoaneta-olteanu-mitologie-romana-targoviste-editura-cetatea-de-scaun-2021-i-509-p-ii-354-p-iii-421-p-iordan-datcu.md","0.98","0.96","0.20","0.20","0.20","true","fitz","fitz","0.95"
"99","2","Constanța Vintilă, Giulia Calvi, Mária Pakucs‑Willcocks, Nicoleta Roman, Michał Wasiucionek, Lux, modă și alte bagatele politicești în Europa de Sud‑Est în secolele XVI‒XIX, București, Editura Humanitas, 2021, 431 p. (Maria Aldea)","Maria Aldea","","","","","","","","","","","452","458","","ro","published","R E C E N Z I I","seria-3","ingest/issues/aaf-xxvii-2023/articles/040-constanta-vintila-giulia-calvi-maria-pakucs-willcocks-nicoleta-roman-micha-wasiucionek-lux-moda-si-alte-bagatele-politic.pdf","ingest/issues/aaf-xxvii-2023/md/040-constanta-vintila-giulia-calvi-maria-pakucs-willcocks-nicoleta-roman-micha-wasiucionek-lux-moda-si-alte-bagatele-politic.md","0.98","0.96","0.20","0.20","0.20","true","fitz","fitz","0.94"
"100","2","Marin Marian‑Bălașa, Ochiul dracului și al lui Dumnezeu (mentalități economice tradiționale), București, Editura Muzicală, 2021, 620 p. (Elena Bărbulescu)","Elena Bărbulescu","Institutul de Etnografie și Folclor","","","","","","","","","","459","462","","ro","published","R E C E N Z I I","seria-3","ingest/issues/aaf-xxvii-2023/articles/041-marin-marian-balasa-ochiul-dracului-si-al-lui-dumnezeu-mentalitati-economice-traditionale-bucuresti-editura-muzicala-202.pdf","ingest/issues/aaf-xxvii-2023/md/041-marin-marian-balasa-ochiul-dracului-si-al-lui-dumnezeu-mentalitati-economice-traditionale-bucuresti-editura-muzicala-202.md","0.98","0.96","0.20","0.20","0.20","true","fitz","fitz","0.95"
"101","2","Valer Simion Cosma, Emanuel Modoc (edit.), Culese din rural, Sibiu, Editura Universității „Lucian Blaga”, 2022, 207 p. (Elena Bărbulescu)","Elena Bărbulescu","Institutul „Arhiva de Folclor a Academiei Române”","","","","","","","","","","463","465","","ro","published","R E C E N Z I I","seria-3","ingest/issues/aaf-xxvii-2023/articles/042-valer-simion-cosma-emanuel-modoc-edit-culese-din-rural-sibiu-editura-universitatii-lucian-blaga-2022-207-p-elena-barbule.pdf","ingest/issues/aaf-xxvii-2023/md/042-valer-simion-cosma-emanuel-modoc-edit-culese-din-rural-sibiu-editura-universitatii-lucian-blaga-2022-207-p-elena-barbule.md","0.98","0.96","0.20","0.20","0.20","true","fitz","fitz","0.96"
"102","2","Vasile Mathe, Nicolae Cristea. Ultimul ceteraș din Poienile Mogoșului, comuna Mogoș (Alba). Film etnografic, Orma Sodalitas Anthropologica, 2022, 90 min. (Bogdan Neagota)","Bogdan Neagota","","","","","","","","","","","466","466","","ro","published","R E C E N Z I I","seria-3","ingest/issues/aaf-xxvii-2023/articles/043-vasile-mathe-nicolae-cristea-ultimul-ceteras-din-poienile-mogosului-comuna-mogos-alba-film-etnografic-orma-sodalitas-ant.pdf","ingest/issues/aaf-xxvii-2023/md/043-vasile-mathe-nicolae-cristea-ultimul-ceteras-din-poienile-mogosului-comuna-mogos-alba-film-etnografic-orma-sodalitas-ant.md","0.98","0.96","0.20","0.20","0.20","true","fitz","fitz","0.97"
"103","2","Hortensia Pop, Calna – Studiu etnografic și folcloric, Cluj‑Napoca, Editura Risoprint, 2022, 271 p. (Bogdan Neagota)","Bogdan Neagota","Universitatea Babeș‑Bolyai","","","","","","","","","","467","469","","ro","published","R E C E N Z I I","seria-3","ingest/issues/aaf-xxvii-2023/articles/044-hortensia-pop-calna-studiu-etnografic-si-folcloric-cluj-napoca-editura-risoprint-2022-271-p-bogdan-neagota.pdf","ingest/issues/aaf-xxvii-2023/md/044-hortensia-pop-calna-studiu-etnografic-si-folcloric-cluj-napoca-editura-risoprint-2022-271-p-bogdan-neagota.md","0.98","0.96","0.20","0.20","0.20","true","fitz","fitz","0.96"
"104","2","„Anuarul Institutului de Etnografie și Folclor «Constantin Brăiloiu»”. Serie nouă, tomul 32, 2021, București, Editura Academiei Române, 341 p. (Ileana Benga)","Ileana Benga","Institutului de Etnografie și Folclor «Constantin Brăiloiu»”.","","","","","","","","","","470","482","","ro","published","R E C E N Z I I","seria-3","ingest/issues/aaf-xxvii-2023/articles/045-anuarul-institutului-de-etnografie-si-folclor-constantin-brailoiu-serie-noua-tomul-32-2021-bucuresti-editura-academiei-r.pdf","ingest/issues/aaf-xxvii-2023/md/045-anuarul-institutului-de-etnografie-si-folclor-constantin-brailoiu-serie-noua-tomul-32-2021-bucuresti-editura-academiei-r.md","0.98","0.96","0.20","0.20","0.20","true","fitz","fitz","0.96"
"105","2","Ioana‑Ruxandra Fruntelată, Despre interpretarea etnologică, București, Editura Etnologică, 2020, 218 p. (Ileana Benga)","Ileana Benga","Institutului de Etnografie și Folclor","","","","","","","","","","483","500","","ro","published","R E C E N Z I I","seria-3","ingest/issues/aaf-xxvii-2023/articles/046-ioana-ruxandra-fruntelata-despre-interpretarea-etnologica-bucuresti-editura-etnologica-2020-218-p-ileana-benga.pdf","ingest/issues/aaf-xxvii-2023/md/046-ioana-ruxandra-fruntelata-despre-interpretarea-etnologica-bucuresti-editura-etnologica-2020-218-p-ileana-benga.md","0.98","0.96","0.20","0.20","0.20","true","fitz","fitz","0.96"
"106","2","Astrid Cambose, Cealaltă grădină. Cultura tradițională a morții la români, Cluj‑Napoca, Editura Argonaut, 2019, 630 p. (Ileana Benga)","Ileana Benga","Institutul „Arhiva de Folclor a Academiei Române”","","","","","","","","","","501","512","","ro","published","R E C E N Z I I","seria-3","ingest/issues/aaf-xxvii-2023/articles/047-astrid-cambose-cealalta-gradina-cultura-traditionala-a-mortii-la-romani-cluj-napoca-editura-argonaut-2019-630-p-ileana-b.pdf","ingest/issues/aaf-xxvii-2023/md/047-astrid-cambose-cealalta-gradina-cultura-traditionala-a-mortii-la-romani-cluj-napoca-editura-argonaut-2019-630-p-ileana-b.md","0.98","0.96","0.20","0.20","0.20","true","fitz","fitz","0.96"
"107","2","Cătălin Alexa, Ritualul Călușului în contextul sociocultural actual, Cluj‑Napoca, Editura MEGA, 2022, 420 p. (Ileana Benga)","Ileana Benga","Institutul „Arhiva de Folclor a Academiei Române”","","","","","","","","","","513","522","","ro","published","R E C E N Z I I","seria-3","ingest/issues/aaf-xxvii-2023/articles/048-catalin-alexa-ritualul-calusului-in-contextul-sociocultural-actual-cluj-napoca-editura-mega-2022-420-p-ileana-benga.pdf","ingest/issues/aaf-xxvii-2023/md/048-catalin-alexa-ritualul-calusului-in-contextul-sociocultural-actual-cluj-napoca-editura-mega-2022-420-p-ileana-benga.md","0.98","0.96","0.20","0.20","0.20","true","fitz","fitz","0.96"
"108","2","ACAD. MIHAI BĂRBULESCU Răzvan Theodorescu (1939–2023)","N/A","Institutul „Arhiva de Folclor a Academiei Române”, Cluj‑Napoca.","","","","","","","","","","523","526","","ro","published","R E C E N Z I I","seria-3","ingest/issues/aaf-xxvii-2023/articles/049-acad-mihai-barbulescu-razvan-theodorescu-1939-2023.pdf","ingest/issues/aaf-xxvii-2023/md/049-acad-mihai-barbulescu-razvan-theodorescu-1939-2023.md","0.98","0.55","0.20","0.20","0.20","true","fitz","fitz","0.94"
"109","3","Ion Taloș și dimensiunea europeană a culturii noastre tradiționale","Ilie Moise","Institutul de Cercetări Socio-Umane, Sibiu.","","","","","","","","","","11","14","","ro","published","ARHIVA DE FOLCLOR A ACADEMIEI ROMÂNE","seria-3","ingest/issues/aaf-xxviii-2024/articles/001-ion-talos-si-dimensiunea-europeana-a-culturii-noastre-traditionale.pdf","ingest/issues/aaf-xxviii-2024/md/001-ion-talos-si-dimensiunea-europeana-a-culturii-noastre-traditionale.md","0.98","0.96","0.20","0.20","0.20","false","fitz","fitz","0.94"
"110","3","Istoricul apariției unei cărți: „Meșterul Manole” (1973, de Ion Taloș)","Iordan Datcu","București.","","","","","","","","","","15","26","","ro","published","ARHIVA DE FOLCLOR A ACADEMIEI ROMÂNE","seria-3","ingest/issues/aaf-xxviii-2024/articles/002-istoricul-aparitiei-unei-carti-mesterul-manole-1973-de-ion-talos.pdf","ingest/issues/aaf-xxviii-2024/md/002-istoricul-aparitiei-unei-carti-mesterul-manole-1973-de-ion-talos.md","0.98","0.96","0.20","0.20","0.20","false","fitz","fitz","0.93"
"111","3","Păstrarea memoriei imateriale în Transilvania ultimului secol. Schiță și jaloane","Liviu Pop","Institutul Arhiva de Folclor a Academiei Române, Cluj-Napoca.","","","Preserving the Intangible Memory in Transylvania of the Last Century: Outline and Milestones. In recent decades, the preservation and transmission of intangible cultural memory have become subjects of major interest among researchers and cultural institutions. This concern is particularly relevant in the context of Transylvania, a region rich in traditions and customs that reflect its ethnic and historical diversity. This article explores the relationships between various entities and centers of influence in the conservation of intangible cultural heritage in Transylvania throughout the 20th century and the beginning of the 21st century, highlighting the importance of a coordinated and sustained approach to this topic.","","","patrimoniu cultural imaterial, folclor transilvănean, păstrarea memoriei colective, intangible cultural heritage, Transylvanian folklore, collective memory preservation","patrimoniu cultural imaterial, folclor transilvănean, păstrarea memoriei colective, intangible cultural heritage, Transylvanian folklore, collective memory preservation","","","27","34","","ro","published","ARHIVA DE FOLCLOR A ACADEMIEI ROMÂNE","seria-3","ingest/issues/aaf-xxviii-2024/articles/003-pastrarea-memoriei-imateriale-in-transilvania-ultimului-secol-schita-si-jaloane.pdf","ingest/issues/aaf-xxviii-2024/md/003-pastrarea-memoriei-imateriale-in-transilvania-ultimului-secol-schita-si-jaloane.md","0.98","0.96","0.96","0.96","0.98","false","fitz","fitz","0.96"
"112","3","Gând pios de rămas bun Domnului Profesor Ion Cuceu","Anamaria Lisovschi","Institutul Arhiva de Folclor a Academiei Române, Cluj-Napoca.","","","","","","","","","","35","36","","ro","published","ARHIVA DE FOLCLOR A ACADEMIEI ROMÂNE","seria-3","ingest/issues/aaf-xxviii-2024/articles/004-gand-pios-de-ramas-bun-domnului-profesor-ion-cuceu.pdf","ingest/issues/aaf-xxviii-2024/md/004-gand-pios-de-ramas-bun-domnului-profesor-ion-cuceu.md","0.98","0.96","0.20","0.20","0.20","false","fitz","fitz","0.96"
"113","3","Fondul/colecția discurilor de sticlă din Arhiva de Folclor a Academiei Române","Liviu Pop","Institutul Arhiva de Folclor a Academiei Române, Cluj-Napoca.","","","This article describes the discovery and analysis of a collection of glass discs from the Folklore Archive of the Romanian Academy. These discs, dating from 1952, contain audio recordings inscribed on a fragile emulsion applied to one side of each glass disc. The collection comprises 27 discs, with 23 successfully digitized. The recordings include both Romanian and Hungarian folk music and were likely made by researchers Ioan R. Nicola and Jagamas János. The article discusses the physical characteristics of the discs, their storage conditions, and the information available on their labels. It also explores the challenges in cataloging and preserving this unique and experimental mini-archive, which represents a fascinating legacy of the Cluj Folklore Archive.","","","înregistrări pe discuri de sticlă, folclor românesc, folclor maghiar, conservare audio, glass disc recordings, Romanian folklore, Hungarian folklore, audio preservation","înregistrări pe discuri de sticlă, folclor românesc, folclor maghiar, conservare audio, glass disc recordings, Romanian folklore, Hungarian folklore, audio preservation","","","37","44","","ro","published","ARHIVA DE FOLCLOR A ACADEMIEI ROMÂNE","seria-3","ingest/issues/aaf-xxviii-2024/articles/005-fondul-colectia-discurilor-de-sticla-din-arhiva-de-folclor-a-academiei-romane.pdf","ingest/issues/aaf-xxviii-2024/md/005-fondul-colectia-discurilor-de-sticla-din-arhiva-de-folclor-a-academiei-romane.md","0.98","0.96","0.95","0.95","0.97","false","fitz","fitz","0.95"
"114","3","Identități feminine implicite/explicite în răspunsurile la Chestionarul VI – Nașterea, botezul și copilăria","Elena Bărbulescu","Institutul Arhiva de Folclor a Academiei Române, Cluj-Napoca.","","","Implicit/Explicit Feminine Identities in the Answers to Questionnaire VI – Birth, Baptism and The present paper, is merging three approaches coming from a gender studies perspective of the manuscripts that have been drawed as answers to Questionnaire VI: Birth, baptism and childhood in the third decade of the past century. The author’s interpretation reaches the conclusion that the feminine identiy is implicit due to the nature of the material while the masculine, national and religious identities are the main identities expressed by the manner in which the questions were answered.","","","studii de gen, manuscrise, nașterea, botezul, copilăria, gender studies, manuscripts, birth, baptism, childhood","studii de gen, manuscrise, nașterea, botezul, copilăria, gender studies, manuscripts, birth, baptism, childhood","","","45","58","","ro","published","STUDII ȘI CERCETĂRI","seria-3","ingest/issues/aaf-xxviii-2024/articles/006-identitati-feminine-implicite-explicite-in-raspunsurile-la-chestionarul-vi-nasterea-botezul-si-copilaria.pdf","ingest/issues/aaf-xxviii-2024/md/006-identitati-feminine-implicite-explicite-in-raspunsurile-la-chestionarul-vi-nasterea-botezul-si-copilaria.md","0.98","0.96","0.95","0.95","0.97","false","fitz","fitz","0.94"
"115","3","Fenomenele atmosferice (Chestionarul Mușlea VIII)","Anamaria Lisovschi","Institutul Arhiva de Folclor a Academiei Române, Cluj-Napoca.","","","The present study aims to highlight a series of unique answers, received to the questions of the questionnaire VIII made by Ion Mușlea, with examples directly from the source. As is clear from the catalog of manuscripts, in the archive of the Institute ”Archive of Folklore of the Romanian Academy” from Cluj- Napoca, there are 53 manuscripts-answers to the questionnaire mentioned before, which has the title: ”Earth, water, sky and atmospheric phenomena according to the beliefs and the stories of the people”. In the following pages we will refer to a small part of the answers obtained through the indirect investigation led by Mușlea, after that, the material dedicated to this subject will be typologized and rendered entirely in the volume dedicated to the atmospheric phenomena, as an integral part of ”The Corpus of the Answers from the Ion Mușlea Questionnaires”.","","","pământ, apa, cer, soare, lună, meteorologie, earth, water, sky, sun, moon, meteorology","pământ, apa, cer, soare, lună, meteorologie, earth, water, sky, sun, moon, meteorology","","","59","72","","ro","published","STUDII ȘI CERCETĂRI","seria-3","ingest/issues/aaf-xxviii-2024/articles/007-fenomenele-atmosferice-chestionarul-muslea-viii.pdf","ingest/issues/aaf-xxviii-2024/md/007-fenomenele-atmosferice-chestionarul-muslea-viii.md","0.98","0.96","0.94","0.94","0.97","false","fitz","fitz","0.94"
"116","3","De la teatrul popular la teatrul euphorionist: „Drumul magilor” de Radu Stanca","Ionucu Pop","Universitatea „Babeș-Bolyai”, Cluj-Napoca.","","","Only published in 2000, when the volume Turnul Babel [The Tower of Babel] was edited, Drumul magilor [The Path of the Magi] by Radu Stanca, subtitled Viflaim tragic în 3 acte [Tragic “Viflaim” in 3 acts] is one of the least commented works of the Transylvanian author. The preface of the aforementioned volume, signed by Irina Petraș, expeditiously treats the play in question, dedicating a single rather derogatory and limited paragraph to it. The present article aims to revitalize the interest in “The Path of the Magi”, emphasising the complexity of the work written by the main playwright of the Sibiu Literary Circle and of the Euphorion Project. The play possesses visible bonds with the folk drama, which is a rather confusing fact, considering the ideals that marked the Euphorion Project and which Radu Stanca formulated. We will try to analyse how the playwright treats a subject characteristic of the folk drama of winter customs and how this folkloric origin is reconciled with the Euphorion Project’s drama, whose founding father is Radu Stanca himself.","","","Radu Stanca, teatrul popular, studii culturale, Cercul Literar de la Sibiu, studii literare, folk drama, cultural studies, the Sibiu Literary Circle, literary studies","Radu Stanca, teatrul popular, studii culturale, Cercul Literar de la Sibiu, studii literare, folk drama, cultural studies, the Sibiu Literary Circle, literary studies","","","73","94","","ro","published","STUDII ȘI CERCETĂRI","seria-3","ingest/issues/aaf-xxviii-2024/articles/008-de-la-teatrul-popular-la-teatrul-euphorionist-drumul-magilor-de-radu-stanca.pdf","ingest/issues/aaf-xxviii-2024/md/008-de-la-teatrul-popular-la-teatrul-euphorionist-drumul-magilor-de-radu-stanca.md","0.98","0.96","0.95","0.95","0.97","false","fitz","fitz","0.94"
"117","3","Bradul – semn funerar și semnificații în sudul județului Hunedoara","Gabriel-Cătălin Stoian","Muzeul Național al Satului „Dimitrie Gusti”, București.","","","The paper addresses the place and role of the funerary fir tree among the other tombal signs that can be found in the south of Hunedoara County, the significances of the fir placed at the grave being conveyed: the communication of the fact that a young person died (unmarried), the marriage of the deceased, the bringing of the two together (the man and his double, the fir). As any sepulchral sign, the fir contains a coded text that can be read by observing the ornamentation made during the ritual, but also after the funeral, from which data on the deceased can be found, besides the simple writing of the name and life period. Also, the fir/the funerary assembly with a fir tree is analysed as a projection of the world in which the deceased lived (and should have still lived) and that he takes with him, thus reducing the risk of coming back as a revenant.","","","brad, ritual funerar, monument funerar, cruce, stâlp funerar, teama de strigoi, fir tree, funerary ritual, funerary monument, cross, funerary post, fear of revenants","brad, ritual funerar, monument funerar, cruce, stâlp funerar, teama de strigoi, fir tree, funerary ritual, funerary monument, cross, funerary post, fear of revenants","","","95","110","","ro","published","STUDII ȘI CERCETĂRI","seria-3","ingest/issues/aaf-xxviii-2024/articles/009-bradul-semn-funerar-si-semnificatii-in-sudul-judetului-hunedoara.pdf","ingest/issues/aaf-xxviii-2024/md/009-bradul-semn-funerar-si-semnificatii-in-sudul-judetului-hunedoara.md","0.98","0.96","0.94","0.94","0.96","false","fitz","fitz","0.93"
"118","3","Patrimoniu cultural și storytelling. Tulburătoarele povești ale caselor de pe Valea Barcăului","Camelia Burghele","Muzeul Județean de Istorie și Artă Zalău.","","","Cultural heritage and storytelling. The disturbing stories of houses from the Barcău Valley The ethnographic research focused on the traditional architecture of the most conservative villages of Sălaj has carried out under the sign of emergency ethnography. An attempt was made to support a targeted research, specific to the area the villages of Valea Barcăului, materialized in a diachronic and synchronic anthropological approach to everyday life and of social changes, with a special focus on the houses mnierăi (blue) and their stories. The information taken from the field is the basis of an extensive study about the traditional houses of Sălaj and about their specifics but also about the peasant’s skill in building sustainable homes. The storytelling process favorably positions the interlocutor in relation to the field ethnographer and the story becomes fabulous, worthy of a novel of life and home, and contributes decisively to the complex description of the traditional home.","","","patrimoniu cultural, arhitectură tradițională, storytelling, comunitate, muncă, sat, cultural heritage, traditional architecture, community, work, traditional","patrimoniu cultural, arhitectură tradițională, storytelling, comunitate, muncă, sat, cultural heritage, traditional architecture, community, work, traditional","","","111","124","","ro","published","STUDII ȘI CERCETĂRI","seria-3","ingest/issues/aaf-xxviii-2024/articles/010-patrimoniu-cultural-si-storytelling-tulburatoarele-povesti-ale-caselor-de-pe-valea-barcaului.pdf","ingest/issues/aaf-xxviii-2024/md/010-patrimoniu-cultural-si-storytelling-tulburatoarele-povesti-ale-caselor-de-pe-valea-barcaului.md","0.98","0.96","0.95","0.95","0.97","false","fitz","fitz","0.94"
"119","3","Relația cercetător – informator de teren, paradigme și informație relevantă","Gabriela Boangiu","Institutul de Cercetari Socio-Umane „C.S. Nicolăescu-Plopșor”, Craiova.","","","The relationship between researcher and field informant is one of the most debated topics addressed in the social sciences. Its centrality opens up avenues of research, orients approaches, groups topics. The same centrality gives rise to continuous interrogations that activate the research process. Two coordinates must be taken into account in this regard, on the one hand, the optimization of the selection process of field informants, but also of the communication process, so as to obtain relevant information, and on the other hand, the need for constant repositioning of the researcher towards the investigated material so that his perspective is as comprehensive as possible.","","","informator de teren, informație relevantă, cercetare de teren, folcloristica, field informant, relevant information, fieldwork, folkloristics","informator de teren, informație relevantă, cercetare de teren, folcloristica, field informant, relevant information, fieldwork, folkloristics","","","125","130","","ro","published","STUDII ȘI CERCETĂRI","seria-3","ingest/issues/aaf-xxviii-2024/articles/011-relatia-cercetator-informator-de-teren-paradigme-si-informatie-relevanta.pdf","ingest/issues/aaf-xxviii-2024/md/011-relatia-cercetator-informator-de-teren-paradigme-si-informatie-relevanta.md","0.98","0.96","0.96","0.96","0.98","false","fitz","fitz","0.96"
"120","3","Culesul viilor în tradițiile europene","Antoaneta Olteanu","Universitatea din București.","","","This study is a fragment of a larger research on wine and viticulture in Romania. In this material I presented a short history of wine, with a greater emphasis on the celebrations occasioned by this culture, on the existing popular traditions of cutting the vines, picking them and especially on the production of wine. Even if it is only a few cultural areas researched, one can see a certain common heritage coming from the great civilizations that knew the vine and wine. We note from the beginning the use of the drink especially in religious ceremonies and in funeral rituals, to then reach consumption on a wider scale. It was then used as a medical remedy, then for profane consumption. Later, in Europe, echoes of Dionysian-reminiscent processions were preserved: processions of participants, the election of a king of the feast, feasts and supported consumption of wine, even allegorical chariots, which were organized during the grape harvest.","","","culesul viilor, consum ceremonial, consum profan, procesiuni alegorice, grape harvest, winemaking, ceremonial consumption, profan consumption, allegorical","culesul viilor, consum ceremonial, consum profan, procesiuni alegorice, grape harvest, winemaking, ceremonial consumption, profan consumption, allegorical","","","131","142","","ro","published","STUDII ȘI CERCETĂRI","seria-3","ingest/issues/aaf-xxviii-2024/articles/012-culesul-viilor-in-traditiile-europene.pdf","ingest/issues/aaf-xxviii-2024/md/012-culesul-viilor-in-traditiile-europene.md","0.98","0.96","0.94","0.94","0.97","false","fitz","fitz","0.94"
"121","3","Pietrarii venețieni. Contribuția lor la crearea Republicii până la cucerirea napoleoniană","Ileana Kisilewicz","Universitatea Politehnica, Timișoara.","","","I tagliapietra veneziani. Il loro contributo alla creazione della Repubblica fino alla conquista napoleonica (Riassunto) Al di la dei limiti oggettivi e oltre le omissioni di una storiografia disattenta, Venezia rappresenta nell’arco di tempo tra 15 e 19 secolo un luogo di significative convergenze intellettuali; secondo Guido Zucconi, forse più che in qualsiasi altra città italiana, vi si incontrano, o semplicemente si incrociano, idee pratiche, personaggi, teorie critico-estetiche tra le più innovative che in quel settore di studi potessero allora essere offerte. A questo proposito affiora un quesito sul giudizio storico-critico che possiamo formulare: quanto vi è di antico, in questa idea un po’enciclopedica di realizzare l’unità del sapere e di cercare di ricostruire, in una descrizione coerente, il rapporto arte/mestiere da una parte e arte/tecnica dall’altra parte? Quel proposito di ricucire i frammenti di informazioni e stata già avviata nei secoli passati. Sono ricerche di grande ampiezza che hanno trovato più spazio nel secolo XX, soffermandosi, grazie ai moderni saperi scientifici, sulle ipotesi nuove riguardando le tecniche del lavoro dei materiali, nei secoli passati a Venezia.","","","pietrari, școli de meserii, pietra d’Istria, Veneția, arhitectură, tagiapiera, schola, schola grande, Venezia, architettura","pietrari, școli de meserii, pietra d’Istria, Veneția, arhitectură, tagiapiera, schola, schola grande, Venezia, architettura","","","143","156","","ro","published","STUDII ȘI CERCETĂRI","seria-3","ingest/issues/aaf-xxviii-2024/articles/013-pietrarii-venetieni-contributia-lor-la-crearea-republicii-pana-la-cucerirea-napoleoniana.pdf","ingest/issues/aaf-xxviii-2024/md/013-pietrarii-venetieni-contributia-lor-la-crearea-republicii-pana-la-cucerirea-napoleoniana.md","0.98","0.96","0.94","0.94","0.96","false","fitz","fitz","0.93"
"122","3","70 de ani după Darwin: fuegienii lui Emil Racoviță","Marin Constantin","Institutul de Antropologie „Francisc I. Rainer” al Academiei Române, Bucureşti.","","","Our text makes a comparison between the travel accounts of Charles Darwin and Emil Racoviţă during their scientific voyages to the geographic extremities of South America, in 1832–1833 and 1897–1899, respectively. Indeed, beyond their basic specialization in the natural history (as a classical paradigm including a variety of disciplines like biology, geology or oceanography), Darwin and Racoviţă were constantly interested also in the way of life and cultural traits of Fuegians (or Indians, in Racoviţă’s journal), that is, the native inhabitants of Tierra del Fuego. The ethnographic information thus provided by the author of the theory of evolution and the founding father of biospeology is (in our argument) a major contribution to the making of modern discipline of cultural anthropology worldwide and in Romania as well. Of a particular importance are, for instance, the details referring (both in Darwin’s and Racoviţă’s “travelogues”) to the “civilizing” work of European missionaries and farmers among the indigenous groups living in the Tierra del Fuego. The two journey journals (written at a 70-years distance from one another) therefore might be seen as a “chronicle” of European acculturation over the Fuegian people and their primitive culture.","","","Charles Darwin, Emil Racoviţă, Tierra del Fuego, etnografie, populaţii indigene, ethnography, indigenous groups","Charles Darwin, Emil Racoviţă, Tierra del Fuego, etnografie, populaţii indigene, ethnography, indigenous groups","","","157","172","","ro","published","STUDII ȘI CERCETĂRI","seria-3","ingest/issues/aaf-xxviii-2024/articles/014-70-de-ani-dupa-darwin-fuegienii-lui-emil-racovita.pdf","ingest/issues/aaf-xxviii-2024/md/014-70-de-ani-dupa-darwin-fuegienii-lui-emil-racovita.md","0.98","0.96","0.94","0.94","0.96","false","fitz","fitz","0.93"
"123","3","Notația obișnuită versus notația sinoptică – ipostaze diverse ale transcrierilor Marianei Kahane","Lavinia Gheorghe","Institutul de Etnografie și Folclor „Constantin Brăiloiu”, București.","","","Regular versus Synoptic Transcription – Different Aspects of Mariana Kahane’s Transcriptions Mariana Kahane is recognised among ethnomusicologists as a talented musician and transcriber. Her musical transcriptions are, by far, among the most accurate and detailed ones and many times I have found different versions of the same transcription, made several years apart, in the Archive of the Institute of Ethnography and Folklore “Constantin Brăiloiu”. My study presents three such transcriptions of funeral ritual songs (collected by Constantin Brăiloiu in the 1930s, in Gorj region), which Kahane made both in ordinary and synoptic manner. Through a brief comparative analysis, I have tried to highlight the melodic, rhythmic and structural differences between the two versions, and how these can sometimes change the perception of the songs.","","","Mariana Kahane, arhiva de folclor, cântece funebre, transcriere obișnuită, transcriere, folklore archive, funeral songs, regular transcription, synoptic","Mariana Kahane, arhiva de folclor, cântece funebre, transcriere obișnuită, transcriere, folklore archive, funeral songs, regular transcription, synoptic","","","173","184","","ro","published","STUDII ȘI CERCETĂRI","seria-3","ingest/issues/aaf-xxviii-2024/articles/015-notatia-obisnuita-versus-notatia-sinoptica-ipostaze-diverse-ale-transcrierilor-marianei-kahane.pdf","ingest/issues/aaf-xxviii-2024/md/015-notatia-obisnuita-versus-notatia-sinoptica-ipostaze-diverse-ale-transcrierilor-marianei-kahane.md","0.98","0.96","0.95","0.95","0.97","false","fitz","fitz","0.94"
"124","3","Tipologia baladei din Bucovina istorică","Constanța Cristescu","Centrul Cultural Bucovina, Suceava.","","","The ballad from Bucovina presents itself, musically, as a mosaic of multiple genres, since the epic text is associated with songs borrowed from various genres, such as: doina, carol, lyric song, vocal dance song, romances. Therefore, the Bucovina ballad can be called an epic song, behaving similar to the Transylvanian epic song. The musical documents upon which the present typological model was created are the ballads contained in the fourth volume of the monographic series entitled Alexandru Voevidca – Musical Folklore from Bucovina1. Since the ballad as a genre is not typologically classified in this volume, the typology of the ballad from historical Bucovina is presented in the present study. Here I do not wish to insist on the details of musical structure of the genres associated with the epic texts, as these were analyzed in detail for each genre in the volumes already published. The melodic typology of the ballad is done by recognizing each of its melodic types within the typological catalog of the specific genre that the ballad might borrow its melody from. The melodic types are grouped by the genres of provenance, coded and described in the form of tables, consistently respecting the methodology presented in the previous volumes.","","","balada, doina, colinda, cântecul liric, cântecul vocal de joc, romanța, cântec epic, ballad, carol, lyric song, vocal dance song, romances, epic song, Bucovina, melodic","balada, doina, colinda, cântecul liric, cântecul vocal de joc, romanța, cântec epic, ballad, carol, lyric song, vocal dance song, romances, epic song, Bucovina, melodic","","","185","194","","ro","published","STUDII ȘI CERCETĂRI","seria-3","ingest/issues/aaf-xxviii-2024/articles/016-tipologia-baladei-din-bucovina-istorica.pdf","ingest/issues/aaf-xxviii-2024/md/016-tipologia-baladei-din-bucovina-istorica.md","0.98","0.96","0.92","0.92","0.94","false","fitz","fitz","0.90"
"125","3","Hora satului. Locul de joc sau de danț","Zamfir Dejeu","Institutul Arhiva de Folclor a Academiei Române, Cluj-Napoca.","","","The village dance was and, in some places, still is, a premarital custom with a ceremonial function where the youth of a certain age publicly manifest their preferences towards a potential marriage partner. The village dance has different names in different regions, but it was a practice that was spread throughout the country. In this paper we intend to provide a detailed description of what the village dance was in different Romanian regions and an assessment of its present state.","","","hora satului, obicei premarital, dansuri tradiționale românești, cete de feciori, tradiții, village dance, premarital custom, Romanian folk dances, youth group, Romanian folk","hora satului, obicei premarital, dansuri tradiționale românești, cete de feciori, tradiții, village dance, premarital custom, Romanian folk dances, youth group, Romanian folk","","","195","214","","ro","published","STUDII ȘI CERCETĂRI","seria-3","ingest/issues/aaf-xxviii-2024/articles/017-hora-satului-locul-de-joc-sau-de-dant.pdf","ingest/issues/aaf-xxviii-2024/md/017-hora-satului-locul-de-joc-sau-de-dant.md","0.98","0.96","0.94","0.94","0.96","false","fitz","fitz","0.94"
"126","3","Harry Brauner și începuturile antropologiei media","Mirela Miron","Universitatea „Babeș-Bolyai”, Cluj-Napoca.","","","Harry Brauner replenishes the scientific perspective of research on the Romanian villages under the role of music in social life, starting from the interwar period with the operational side of Dimitrie Gusti’s program, using the entire range of media supports: performance, discography, radio, theater, music, films and ethno-musicological documentary film. The beginnings of Brauner’s efforts towards media anthropology start with Maria Tănase in the 30s and end in the 70s with his author film called “The Sound of the Earth”, a ethno-musicological film documentary, after he is released from the communist prison. Under the influence of Harry Brauner, Maria Tănase enlarged her vision from the Bucharest slum repertoire to the village song, which, at that time, could be sung only at the country side, by anonymous singers. Subsequently, Maria Tănase became herself a folklore collector, constantly enriching her repertoire and succeeding in asserting the village song or village-inspired songs even upon the most pretentious music lovers.","","","antropologia media, Maria Tănase, etno-antropologie rurală, supraviețuitor al, media anthropology, rural ethno- anthropology, survivor of communist","antropologia media, Maria Tănase, etno-antropologie rurală, supraviețuitor al, media anthropology, rural ethno- anthropology, survivor of communist","","","215","228","","ro","published","STUDII ȘI CERCETĂRI","seria-3","ingest/issues/aaf-xxviii-2024/articles/018-harry-brauner-si-inceputurile-antropologiei-media.pdf","ingest/issues/aaf-xxviii-2024/md/018-harry-brauner-si-inceputurile-antropologiei-media.md","0.98","0.96","0.95","0.95","0.97","false","fitz","fitz","0.95"
"127","3","Despre Bartók Béla și Cântecul țărănesc maghiar","Gergely Zoltán","Institutul Arhiva de Folclor a Academiei Române, Cluj-Napoca.","","","The Romanian translation of Hungarian Peasant Songs by Béla Bartók, released almost a century after the original, is a valuable resource for researchers and enthusiasts of folk music. This work provides 320 melodies with additional critical notes, exploring both old and new Hungarian peasant music styles. Bartók’s classification, based on rhythmic and metric patterns rather than melodic structure, offers fresh insights into ethnomusicological research. The translation opens up new opportunities for comparative studies in Eastern Europe, emphasizing Bartók’s significant contribution to the field of traditional music.","","","etnomuzicologie, muzică populară maghiară, analiză ritmică, Béla Bartók, cântece, ethnomusicology, Hungarian folk music, rhythmic analysis, Folksongs","etnomuzicologie, muzică populară maghiară, analiză ritmică, Béla Bartók, cântece, ethnomusicology, Hungarian folk music, rhythmic analysis, Folksongs","","","229","236","","ro","published","NOTE DE LECTURĂ","seria-3","ingest/issues/aaf-xxviii-2024/articles/019-despre-bartok-bela-si-cantecul-taranesc-maghiar.pdf","ingest/issues/aaf-xxviii-2024/md/019-despre-bartok-bela-si-cantecul-taranesc-maghiar.md","0.98","0.96","0.96","0.96","0.98","false","fitz","fitz","0.97"
"128","3","Lidia Trăuşan-Matu, editor, Iuliu Barasch. Medicină de pionierat în Ţara Românească, Corint, Bucureşti, 2023, 364 p., (colecţia Istorie cu blazon) (Elena Bărbulescu)","Elena Bărbulescu","","","","","","","","","","","237","239","","ro","published","RECENZII","seria-3","ingest/issues/aaf-xxviii-2024/articles/020-lidia-trausan-matu-editor-iuliu-barasch-medicina-de-pionierat-in-tara-romaneasca-corint-bucuresti-2023-364-p-colectia-is.pdf","ingest/issues/aaf-xxviii-2024/md/020-lidia-trausan-matu-editor-iuliu-barasch-medicina-de-pionierat-in-tara-romaneasca-corint-bucuresti-2023-364-p-colectia-is.md","0.98","0.96","0.20","0.20","0.20","true","fitz","fitz","0.95"
"129","3","Corina Mihăescu, Știință și simbol în ceramica de Horezu – element de patrimoniu UNESCO, Cluj-Napoca, Editura Mega, 2023, 464 p. (Narcisa Știucă)","Narcisa Știucă","","","","","","","","","","","240","241","","ro","published","RECENZII","seria-3","ingest/issues/aaf-xxviii-2024/articles/021-corina-mihaescu-stiinta-si-simbol-in-ceramica-de-horezu-element-de-patrimoniu-unesco-cluj-napoca-editura-mega-2023-464-p.pdf","ingest/issues/aaf-xxviii-2024/md/021-corina-mihaescu-stiinta-si-simbol-in-ceramica-de-horezu-element-de-patrimoniu-unesco-cluj-napoca-editura-mega-2023-464-p.md","0.98","0.96","0.20","0.20","0.20","true","fitz","fitz","0.97"
"130","3","Dorina Dragnea, Obiceiurile și folclorul sărbătorilor de primăvară, vară, toamnă. Studiu introductiv, selecție, îngijirea textelor, surse bibliografice, indici și note, Editura Polisalm, Chișinău, 2023. (Ileana Benga)","Ileana Benga","Institutului de Filologie Romînă „Bogdan Petriceicu-Hasdeu” și","","","","","","","","","","242","247","","ro","published","RECENZII","seria-3","ingest/issues/aaf-xxviii-2024/articles/022-dorina-dragnea-obiceiurile-si-folclorul-sarbatorilor-de-primavara-vara-toamna-studiu-introductiv-selectie-ingijirea-text.pdf","ingest/issues/aaf-xxviii-2024/md/022-dorina-dragnea-obiceiurile-si-folclorul-sarbatorilor-de-primavara-vara-toamna-studiu-introductiv-selectie-ingijirea-text.md","0.98","0.96","0.20","0.20","0.20","true","fitz","fitz","0.96"
"131","3","Mircea Păduraru, Fondul interzis. Incursiune în antropologia folclorului licenţios, vol. I, Editura Universităţii „Alexandru Ioan Cuza”, Iaşi, 2023, 301 p. (Elena Bărbulescu)","Elena Bărbulescu","Universitatea Alexandru","","","","","","","","","","248","250","","ro","published","RECENZII","seria-3","ingest/issues/aaf-xxviii-2024/articles/023-mircea-paduraru-fondul-interzis-incursiune-in-antropologia-folclorului-licentios-vol-i-editura-universitatii-alexandru-i.pdf","ingest/issues/aaf-xxviii-2024/md/023-mircea-paduraru-fondul-interzis-incursiune-in-antropologia-folclorului-licentios-vol-i-editura-universitatii-alexandru-i.md","0.98","0.96","0.20","0.20","0.20","true","fitz","fitz","0.96"
"132","3","Meda Mucundorfeanu, Die deutschsprachige Presse in Rumänien während der kommunistischen Zeit. Fallstudie: die Zeitung „Neuer Weg” [Presa de limbă germană din România în perioada comunistă. Studiu de caz: ziarul „Neuer Weg”], Cluj-Napoca, Editura Accent, 2022, 216 p., fig., tab. (Sanda Ignat)","Sanda Ignat","","","","","","","","","","","251","254","","ro","published","RECENZII","seria-3","ingest/issues/aaf-xxviii-2024/articles/024-meda-mucundorfeanu-die-deutschsprachige-presse-in-rumanien-wahrend-der-kommunistischen-zeit-fallstudie-die-zeitung-neuer.pdf","ingest/issues/aaf-xxviii-2024/md/024-meda-mucundorfeanu-die-deutschsprachige-presse-in-rumanien-wahrend-der-kommunistischen-zeit-fallstudie-die-zeitung-neuer.md","0.98","0.96","0.20","0.20","0.20","true","fitz","fitz","0.97"
"133","4","Ion Muşlea şi Arhiva de Folklor a Academiei Române","Liviu-Ovidiu Pop","Institutul Arhiva de Folclor a Academiei Române, Cluj-Napoca.","","","This article reconstructs the formative decades (1930–1948) of the Folklore Archive of the Romanian Academy (AFAR) through the biography and professional networks of its founder, Ion Mușlea (1899–1966), the most influential figure in the institution’s history. Drawing on unpublished correspondence, institutional memoranda, field notebooks and early issues of Anuarul Arhivei de Folklor, the study traces how Mușlea’s training in Cluj, doctoral work under George Vâlsan, and study sojourns at the Sorbonne, the Bibliothèque Nationale de France and northern-European folklore archives shaped the archive’s organisation and scholarly agenda. The analysis shows that Mușlea combined French comparative-folklore approaches with Germanic principles of systematic documentation, creating an innovative system of thematic, geographic and typological indexing that brought the dispersed Romanian oral tradition into a coherent research corpus. By mobilising a nationwide network of teachers, priests and students via large-scale questionnaires – a form of early crowdsourcing – he assembled and meticulously catalogued 1,221 manuscripts, about 500 drawings and dozens of early photographs. Supported institutionally by Sextil Puşcariu and Ion Bianu, Mușlea also launched the archive’s flagship journal (seven volumes, 1932–1945) and integrated Romanian folklore studies into international bibliographies and research exchanges. The article argues that Mușlea’s dual career as university librarian and archive director was decisive for AFAR’s modern information infrastructure and for the professionalisation of Romanian ethnology. Although post-war political reforms curtailed the archive’s autonomy, Mușlea’s methods and collections continued to underpin folklore scholarship in Romania. The study thus positions AFAR as both a national cultural repository and a node in the inter-war European network of ethnographic knowledge.","","","Arhiva de Folklor, Ion Mușlea, Documentare etnografică, Metoda Chestionarelor, Folklore Archive, Ethnographic Documentation, Questionnaire Method","Arhiva de Folklor, Ion Mușlea, Documentare etnografică, Metoda Chestionarelor, Folklore Archive, Ethnographic Documentation, Questionnaire Method","","","11","22","","ro","published","ARHIVA DE FOLCLOR A ACADEMIEI ROMÂNE","seria-3","ingest/issues/aaf-xxix-2025/articles/001-ion-muslea-si-arhiva-de-folklor-a-academiei-romane.pdf","ingest/issues/aaf-xxix-2025/md/001-ion-muslea-si-arhiva-de-folklor-a-academiei-romane.md","0.98","0.96","0.94","0.94","0.96","false","fitz","fitz","0.94"
"134","4","O perspectivă documentară asupra cooperării științifice între Institutul de Folclor din Cluj și Grupul de cercetare a muzicii populare din Budapesta","Gergely Zoltán","Institutul Arhiva de Folclor a Academiei Române, Cluj-Napoca.","","","A documentary perspective on the scientific cooperation between the Folklore Archive in Cluj This study offers both a historical reconstruction and a reflective reading of the cooperation between the Folklore Archive in Cluj and the Folk Music Research Group in Budapest from the early 1950s to the present. Based on recently rediscovered administrative records ‒ requests, correspondence, fieldwork reports, and acknowledgements of receipt ‒ it retraces a complex history shaped by ideological constraints, personal initiatives, and long-term professional friendships. The narrative follows key episodes: the early student exchanges and joint fieldwork campaigns of the 1950s, the political rupture of 1959, the gradual resumption of collaboration in the late 1960s, and the post-1989 partnerships that opened new avenues for archival access, digitization, and joint publications. By combining archival evidence with the author’s perspective as both researcher and institutional heir, the article sheds light on how, even under restrictive political regimes, scholarly dialogue could persist and later flourish. The visual integration of photographs and facsimiles of archival documents serves not only as illustration but as an active component of the historical argument.","","","cooperare științifică, etnomuzicologie, arhive de folclor, relații româno-maghiare, scientific cooperation, ethnomusicology, folklore archives, Romania-Hungary relations","cooperare științifică, etnomuzicologie, arhive de folclor, relații româno-maghiare, scientific cooperation, ethnomusicology, folklore archives, Romania-Hungary relations","","","23","40","","ro","published","ARHIVA DE FOLCLOR A ACADEMIEI ROMÂNE","seria-3","ingest/issues/aaf-xxix-2025/articles/002-o-perspectiva-documentara-asupra-cooperarii-stiintifice-intre-institutul-de-folclor-din-cluj-si-grupul-de-cercetare-a-mu.pdf","ingest/issues/aaf-xxix-2025/md/002-o-perspectiva-documentara-asupra-cooperarii-stiintifice-intre-institutul-de-folclor-din-cluj-si-grupul-de-cercetare-a-mu.md","0.98","0.96","0.95","0.95","0.97","false","fitz","fitz","0.95"
"135","4","Din istoria culturii orale românești: codex Calixtinus (sec. XII)","Ion Taloș","Universität zu Köln.","","","Aus der mündlichen Kultur der Rumänen im 12. Jh.: Codex Calixtinus (Zusammenfassung). Im ersten Teil des Artikels untersucht der Verf. die lateinischen Begriffe „Daker“ und „Römer“ aus dem Codex Calixtinus (12. Jahrhundert). Er widerspricht seinem italienischen Kollegen Carlo Pulsoni, der schreibt, dass als Daker nicht die Bewohner Südosteuropas, sondern die Dänen aus dem Baltikum gemeint seien. Sein Hauptargument ist, dass Papst Calixtus II. im Codex bekennt, die Geschichte eines Wunders des Apostels Jakobus in Galizien, Frankreich, Deutschland, Italien, Ungarn und Dakien aufgezeichnet zu haben. Es ist klar, dass der Papst die Legende in der Nähe Ungarns, also in Dakien in Südosteuropa, erwähnte. Pulsoni wird außerdem für die Aussage kritisiert, dass der lateinische Begriff „Romanen“ die Bezeichnung für Rumänen, sondern für Einwohner Roms oder einige Bewohner des Byzantinischen Reiches verstanden werden kann. Sein Argument: Rumänen wurden immer Walachen gennant. Erst Mitte des 16. Jhs. erscheint der erste Beleg über Rumänen mit diesem Namen. Verf. zeigt dass dieser Name schon im 10. Jh. belegt wurde. Im zweiten Teil zeigt der Autor, dass die Chronik des Pseudo-Turpin, in der es heißt, der dakische König habe mit 10.000 tapferen Männern am Krieg in Spanien teilgenommen, als König des südosteuropäischen Dakien und nicht als König Dänemarks interpretiert werden könnte, denn im 12. Jahrhundert gab es noch ein Dakien, das in der Antike so genannt wurde, und Dänemark begann, diesen Namen zu tragen, der sich erst zwischen 1229 und 1235 durchsetzte, die Chronik des Pseudo-Turpin wurde aber auf Mitte des 12. Jahrhunderts datiert.","","","Codex Calixtinus, Liber Sancti Iacobi, Veneranda dies, Otgerius rex Dacie, miracol, Kodex von Calixtus, Buch des Heiligen Jakob, Otgerius König von","Codex Calixtinus, Liber Sancti Iacobi, Veneranda dies, Otgerius rex Dacie, miracol, Kodex von Calixtus, Buch des Heiligen Jakob, Otgerius König von","","","41","56","","ro","published","STUDII ȘI CERCETĂRI","seria-3","ingest/issues/aaf-xxix-2025/articles/003-din-istoria-culturii-orale-romanesti-codex-calixtinus-sec-xii.pdf","ingest/issues/aaf-xxix-2025/md/003-din-istoria-culturii-orale-romanesti-codex-calixtinus-sec-xii.md","0.98","0.96","0.95","0.95","0.97","false","fitz","fitz","0.94"
"136","4","Câteva mărturii etnoistorice despre târgurile de fete din Munții Apuseni (1793–1881)","Ela Cosma","Institutul de Istorie „George Barițiu” al Academiei Române din Cluj-Napoca.","","","Several Ethnohistorical Testimonies regarding the Girls’ Fairs from the Western Carpathians The present study aims to present a few ethnohistorical testimonies from the 18th-19th centuries, written in German language, which mention and describe the Romanian inhabitants living in the Transylvanian Western Carpathians (moți) and at the foot of these mountains (crișeni), as well as their unique custom of the so-called „girls’ fairs” (târguri de fete). The latter were held yearly, on the Mountain Găina („Hen”), but also on further mountain plateaus of Cucurbăta, Gheleșoaia or Piatra Grăitoare (Speaking Stone) beneath the peak Bihor. To these is to be added the not less interesting „kissing fair” (târgul de sărutat) of Hălmagiu. The oldest description of the „girls’ fairs”, realised by the Saxon memory writer Michael Conrad von Heydendorff Senior in 1793, is followed by those signed by Austrian speologist and ethnographer Adolf Schmidl in 1863, and by the Romanian classic and novelist Ioan Slavici in 1881, in his little known first imagology study of the Romanian literature, dedicated to Die Rumänen in Ungarn, Siebenbürgen und der Bukowina (The Romanians in Hungary, Transylvania and Bukovina).","","","târgurile de fete, moți și crișeni, Munții Apuseni, mărturii etnoistorice din 1793–1881, „Girls’ fairs”, moți and crișeni, Romanian Western Carpathians, ethnohistorical testimonies","târgurile de fete, moți și crișeni, Munții Apuseni, mărturii etnoistorice din 1793–1881, „Girls’ fairs”, moți and crișeni, Romanian Western Carpathians, ethnohistorical testimonies","","","57","82","","ro","published","STUDII ȘI CERCETĂRI","seria-3","ingest/issues/aaf-xxix-2025/articles/004-cateva-marturii-etnoistorice-despre-targurile-de-fete-din-muntii-apuseni-1793-1881.pdf","ingest/issues/aaf-xxix-2025/md/004-cateva-marturii-etnoistorice-despre-targurile-de-fete-din-muntii-apuseni-1793-1881.md","0.98","0.96","0.94","0.94","0.96","false","fitz","fitz","0.92"
"137","4","De-ale carnavalului. Cu mască – fără mască în spectacolul lumii","Anamaria Lisovschi","Institutul Arhiva de Folclor a Academiei Române, Cluj-Napoca.","","","The mask originally had well-defined roles: it concealed, protected and transformed. In the Venice Carnival, it erased social status and freed individuals from constraints. In Romanian traditions, the mask was a weapon against evil spirits, a code of communication between humans and nature. Each mask was created for a specific purpose: to frighten, protect, satirize, heal, or bring fertility. This is precisely why they were not mass-produced, being unique not only in form but also in function—as part of a spiritual dialogue with the surrounding world. Used in rituals, performances, and celebrations, the mask reflects cultural values, beliefs, and aesthetics specific to each community. Between Venetian and traditional Romanian masks lies a distance not only geographical but also symbolic, aesthetic, and functional. Nevertheless, they remain authentic expressions of the cultural and artistic heritage of the peoples they come from.","","","carnaval, mască, spectacol, sărbătoare, universalitate, carnival, mask, performance, celebration, universality","carnaval, mască, spectacol, sărbătoare, universalitate, carnival, mask, performance, celebration, universality","","","83","98","","ro","published","STUDII ȘI CERCETĂRI","seria-3","ingest/issues/aaf-xxix-2025/articles/005-de-ale-carnavalului-cu-masca-fara-masca-in-spectacolul-lumii.pdf","ingest/issues/aaf-xxix-2025/md/005-de-ale-carnavalului-cu-masca-fara-masca-in-spectacolul-lumii.md","0.98","0.96","0.96","0.96","0.98","false","fitz","fitz","0.96"
"138","4","Măști îmbrăcate, măști jucate și comportamentele aferente în câteva ceremonialuri populare românești","Ileana Benga","Institutul Arhiva de Folclor a Academiei Române, Cluj-Napoca.","","","Wear and Bear the Mask: Behaving and Misbehaving or the Many Faces of Popular Customs and The article confines the analysis to solely popular customary ceremonials observed along rich field and archival research. Be it behavioural or objectual, the role identity in the tradition-bound screenplay is assumed and ”worn” precisely as a mask, rendering the presence or the absence of the true features of the adjoined mask, optional. Carnivalesque behaviour thus becomes the unit, to be considered in relation with its counterpart, the solemn behaviour. The function they both serve – successively or simultaneously – within the enactment and performance of traditional customs and celebrations, is accounted for, together with the permanent inquiry on whether their complementarity does or does not say the full story about the transmission of cultural celebratory facts.","","","mascare, ceremonialuri populare, comportament carnavalesc și comportament solemn, masking, popular celebrations, carnivalesque and hieratic behaviour, role identity, cultural","mascare, ceremonialuri populare, comportament carnavalesc și comportament solemn, masking, popular celebrations, carnivalesque and hieratic behaviour, role identity, cultural","","","99","114","","ro","published","STUDII ȘI CERCETĂRI","seria-3","ingest/issues/aaf-xxix-2025/articles/006-masti-imbracate-masti-jucate-si-comportamentele-aferente-in-cateva-ceremonialuri-populare-romanesti.pdf","ingest/issues/aaf-xxix-2025/md/006-masti-imbracate-masti-jucate-si-comportamentele-aferente-in-cateva-ceremonialuri-populare-romanesti.md","0.98","0.96","0.95","0.95","0.97","false","fitz","fitz","0.95"
"139","4","Masca populară – univers al tradițiilor maramureșene","Bianca Maria Pop","Facultatea de Istorie și Filosofie, Universitatea Babeș-Bolyai, Cluj-Napoca.","","","Throughout the research, traditional masks from Maramureș – a deeply tradition-rooted ethnographic region – were brought into focus. Particular attention was given to the masks used during the winter holidays, when they play a central role in ritualistic and theatrical performances. The study of these customs revealed how masks are perceived within the worldview of rural communities, emphasizing their uniqueness, singularity, and symbolic significance. Moreover, the mask holds a distinct place within folk theatre, where it becomes the core of the entire artistic act. To complete this perspective, the research included an interview with a folk artisan – an essential figure in the existence of the mask. Through his imagination and creativity, he succeeds in elevating the mask to the level of a true work of art.","","","masca, tradiție populară, identitate culturală, Maramureș, patrimoniu imaterial, mask, folk tradition, cultural identity, intangible heritage","masca, tradiție populară, identitate culturală, Maramureș, patrimoniu imaterial, mask, folk tradition, cultural identity, intangible heritage","","","115","130","","ro","published","STUDII ȘI CERCETĂRI","seria-3","ingest/issues/aaf-xxix-2025/articles/007-masca-populara-univers-al-traditiilor-maramuresene.pdf","ingest/issues/aaf-xxix-2025/md/007-masca-populara-univers-al-traditiilor-maramuresene.md","0.98","0.96","0.95","0.95","0.97","false","fitz","fitz","0.95"
"140","4","Între femei – despre femei – cu femei. Povești de viață la feminin","Elena Bărbulescu","Institutul Arhiva de Folclor a Academiei Române, Cluj-Napoca.","","","This paper is using three axes of approach in order to bring forward the lifestories of women. The author is mingling ideas coming out from the praxis of interviews in the fieldresearch regarding the relation between the researcher and interviewee with ideas regarding the topics of discussion preferred by the interviewees. At the same time, the approach is framed in the gender category, trying to highlight what importance may have the fact of being of the same gender when doing fieldresearch on some specific topics.","","","femei, studii de gen, muncă, îngrijire, rural, women, gender studies, work, care","femei, studii de gen, muncă, îngrijire, rural, women, gender studies, work, care","","","131","144","","ro","published","STUDII ȘI CERCETĂRI","seria-3","ingest/issues/aaf-xxix-2025/articles/008-intre-femei-despre-femei-cu-femei-povesti-de-viata-la-feminin.pdf","ingest/issues/aaf-xxix-2025/md/008-intre-femei-despre-femei-cu-femei-povesti-de-viata-la-feminin.md","0.98","0.96","0.94","0.94","0.96","false","fitz","fitz","0.92"
"141","4","Zur traditionellen Küche der Dobrudschadeutschen. Interview mit Anna Schaal aus Regensburg (Deutschland)","Sanda Ignat","Institut „Folklorearchiv der Rumänischen Akademie“ Klausenburg/Cluj-Napoca.","","","Despre bucătăria tradițională a germanilor dobrogeni. Interviu cu Anna Schaal din Regensburg, Germania (Rezumat) În prezenta lucrare oferim transcrierea și analiza etno-culinară a unui interviu ce ne-a fost acordat în aprilie 2025 de d-na Anna Schaal (69 ani), descendentă de coloniști germani din localitatea Mihail Kogălniceanu (fostă Caramurat), jud. Constanța. Familia interlocutoarei a făcut parte dintre etnicii germani relocați din Dobrogea în Cehia în anul 1941 printr-un acord între regimul nazist și cel antonescian, iar în urma celui de-Al Doilea Război Mondial s-a stabilit în RFG. Aici, generația bunicilor și părinților a continuat în mare măsură stilul de viață din Dobrogea, caracterizat prin grădinărit și autogospodărire, precum și prin valori socio-culturale specifice. Interlocutoarea aparține generației secunde de migrație, respectiv prima născută în Germania. Deși nu a trăit în Dobrogea, prin educația familială i-a fost transmisă o bună parte din cultura germanilor dobrogeni. Este semnificativ că ea păstrează multe din obișnuințele culinare ale părinților, între care rețete tradiționale cu influențe rusești și românești. În prezent, aprofundează pe cont propriu acest stil de gătit, apelând la cărți de bucate și cursuri de gastronomie românească. În același timp, se consideră o continuatoare a tradițiilor acestei comunități, care în România este în disoluție de câteva decenii. Interviul s-a desfășurat online și este parte a proiectului de cercetare GAR 2023–029 ADELIS, finanțat de Academia Română.","","","coloniștii germani din Dobrogea, etnologie culinară, bucătăria tradițională, ospitalitate, deutsche Siedler in der Dobrudscha, kulinarische Ethnologie, traditionelle","coloniștii germani din Dobrogea, etnologie culinară, bucătăria tradițională, ospitalitate, deutsche Siedler in der Dobrudscha, kulinarische Ethnologie, traditionelle","","","145","172","","de","published","STUDII ȘI CERCETĂRI","seria-3","ingest/issues/aaf-xxix-2025/articles/009-zur-traditionellen-kuche-der-dobrudschadeutschen-interview-mit-anna-schaal-aus-regensburg-deutschland.pdf","ingest/issues/aaf-xxix-2025/md/009-zur-traditionellen-kuche-der-dobrudschadeutschen-interview-mit-anna-schaal-aus-regensburg-deutschland.md","0.98","0.96","0.96","0.96","0.98","false","fitz","fitz","0.96"
"142","4","Cântecul Bradului în cadrul repertoriului funerar din sudul județului Hunedoara","Gabriel-Cătălin Stoian","Muzeul Național al Satului „Dimitrie Gusti”, București.","","","The study addresses the main folkloric categories of the funeral repertoire in the southern part of Hunedoara County, also proposing a hypothesis regarding their circulation within the researched area— namely, that the few attestations of the „song of dawn” in the region are rather the result of interference with the Banat area. By correlating the bibliography with field data gathered over more than 20 years of research, the relationship between the different literary-musical genres of the funeral repertoire is also analysed. At the same time, the study discusses the history of the scholarly approach to funeral verses, identifying the causes of their (unjust) disregard and providing arguments for their importance in understanding both the dynamics of the funeral ritual and the rural view on death.","","","cântecul bradului, cântecul zorilor, bocet, cântări funerare, verșuri funebre, song of the fir tree, song of dawn, lament, funeral chants, funeral verses","cântecul bradului, cântecul zorilor, bocet, cântări funerare, verșuri funebre, song of the fir tree, song of dawn, lament, funeral chants, funeral verses","","","173","182","","ro","published","STUDII ȘI CERCETĂRI","seria-3","ingest/issues/aaf-xxix-2025/articles/010-cantecul-bradului-in-cadrul-repertoriului-funerar-din-sudul-judetului-hunedoara.pdf","ingest/issues/aaf-xxix-2025/md/010-cantecul-bradului-in-cadrul-repertoriului-funerar-din-sudul-judetului-hunedoara.md","0.98","0.96","0.95","0.95","0.97","false","fitz","fitz","0.94"
"143","4","Considerații despre unele motive mitologice clasice prezente în basmul fantastic românesc. (III) Motivul Herakles-Nessus","Costel Cioancă","Academia Română, Muzeul de Artă Veche Apuseană ing. Dumitru Furnică-Minovici, Bucureşti.","","","Considerations about some classical mythological motifs in Romanian fantastic fairy tale. (III) The presence of motifs from classical mythology in products of the Romanian traditional imagination, such as the fantastic fairy tale, should not surprise the reader. From the beginning of collecting and editing these products of the popular imagination, some exegetes noticed the proximity of some themes/motifs to the classical ones, mentioned by the different mythographers of Antiquity. As such, it seemed natural that one of the theories regarding the appearance of these products of the popular imagination (fairy tales) claims their origin in some classic myths known once/somehow disseminated in the area where this fairy tale will be born. Sometime/somehow such a myth entered the collective mentality, influencing the epic of some fairy tales to the point of losing originality and taking over, processing or just promoting a classic subject. As it seemed almost natural that some local authors systematize their folklore materials on the fundamental patterns, of great typological-cultural stability, of mythological mentions. The present study aims to mirror the old myth of the Herakles versus Nessus, respectively its presence at the level of the Romanian fantastic fairy tale. This one was soon followed by other mythological motifs present at the level of the Romanian fairytale.","","","imaginar, mitologie, basm fantastic românesc, mitanaliză, motivul Herakles-Nessus, imaginary, mythology, Romanian fairy tale, mythanalysis, Herakles-Nessus motif","imaginar, mitologie, basm fantastic românesc, mitanaliză, motivul Herakles-Nessus, imaginary, mythology, Romanian fairy tale, mythanalysis, Herakles-Nessus motif","","","183","196","","ro","published","STUDII ȘI CERCETĂRI","seria-3","ingest/issues/aaf-xxix-2025/articles/011-consideratii-despre-unele-motive-mitologice-clasice-prezente-in-basmul-fantastic-romanesc-iii-motivul-herakles-nessus.pdf","ingest/issues/aaf-xxix-2025/md/011-consideratii-despre-unele-motive-mitologice-clasice-prezente-in-basmul-fantastic-romanesc-iii-motivul-herakles-nessus.md","0.98","0.96","0.95","0.95","0.97","false","fitz","fitz","0.94"
"144","4","Cercetări etnografice adresate tinerilor în Transilvania (1921–1948)","Miklós Alpár","Institutul Arhiva de Folclor a Academiei Române, Cluj-Napoca.","","","This study focuses on youth-conducted ethnographic research and fieldwork during the period 1921–1948, within the historical context of the development of leisure-time culture among Hungarians in Transylvania under changing regimes—under Romanian rule (1921–1940), then, in the case of Northern Transylvania, under Hungarian rule (1940–1944), and again under Romanian rule (1944–1948). The topic is examined through three chapters: youth-conducted ethnographic fieldwork as reflected in the youth magazine Ifjú Erdély (1923–1944); ethnographic fieldwork within the Hungarian scouting movement in Transylvania (1910–1948); and youth-conducted ethnographic fieldwork in the activities of prominent figures of the Transylvanian Carpathian Society (1891–1948), the most important Hungarian tourism and outdoor organization of the period. The study concludes that the calls for ethnographic fieldwork published in the Ifjú Erdély led to youth-conducted investigations that are highly relevant for contemporary ethnological studies. It further highlights that the practice of publishing competition calls, which motivated youth to engage in ethnographic fieldwork—a practice that later resulted in numerous youth-conducted investigations of Hungarian culture during Romania’s socialist period—was already in use during the interwar period. Within the Hungarian scouting movement, there was a strong interest in ethnography, with specific forms of ethnographic fieldwork developing. These practices also appeared in the scouting movement in Transylvania, although the outcomes of these fieldworks still need to be identified and analyzed. Finally, the study shows that during the period investigated, the prominent members of the Transylvanian Carpathian Society consistently encouraged both youth and adults involved in tourism and outdoor activities to undertake ethnographic fieldwork.","","","culegere etnografică, tineret, turism, drumeție, excursii școlare, cercetășie, ethnographic fieldwork, youth, tourism, nature excursions, school trips, scouting","culegere etnografică, tineret, turism, drumeție, excursii școlare, cercetășie, ethnographic fieldwork, youth, tourism, nature excursions, school trips, scouting","","","197","216","","ro","published","STUDII ȘI CERCETĂRI","seria-3","ingest/issues/aaf-xxix-2025/articles/012-cercetari-etnografice-adresate-tinerilor-in-transilvania-1921-1948.pdf","ingest/issues/aaf-xxix-2025/md/012-cercetari-etnografice-adresate-tinerilor-in-transilvania-1921-1948.md","0.98","0.96","0.94","0.94","0.96","false","fitz","fitz","0.92"
"145","4","Cântecul propriu-zis din Munții Apuseni: o privire de ansamblu asupra evoluției sale de la începutul secolului XX și până astăzi","Theodor Constantiniu","Institutul Arhiva de Folclor a Academiei Române, Cluj-Napoca.","","","The lyrical song from the Apuseni Mountains: an overview of its evolution from the beginning of The folk music of the Apuseni Mountains has benefited from the interest of many researchers, most notable being Béla Bartók, Ioan R. Nicola and Ioan Bocșa. Bartók travelled the region in the second decade of the 20th century and collected about 100 pieces of vocal music from 7 villages. In the 1950s, Ioan R. Nicola covered a much larger area and recorded a significant number of melodies. About 100 years after Bartók, Ioan Bocșa launched a field campaign in the same region. This study intends to benefit from the existence of the aforementioned Apuseni collections in order to delineate the evolution of the lyrical song in the region in the last century. We will highlight the changes that have occured from one collection to another, as well as pointing to the continuities regarding the repertoire and the structural characteristics that can be observed in all the available material.","","","Munții Apuseni, cântec propriu-zis, colecții de folclor muzical, evoluția folclorului, Apuseni Mountains, lyrical song, folk music collection, folk music evolution","Munții Apuseni, cântec propriu-zis, colecții de folclor muzical, evoluția folclorului, Apuseni Mountains, lyrical song, folk music collection, folk music evolution","","","217","232","","ro","published","STUDII ȘI CERCETĂRI","seria-3","ingest/issues/aaf-xxix-2025/articles/013-cantecul-propriu-zis-din-muntii-apuseni-o-privire-de-ansamblu-asupra-evolutiei-sale-de-la-inceputul-secolului-xx-si-pana.pdf","ingest/issues/aaf-xxix-2025/md/013-cantecul-propriu-zis-din-muntii-apuseni-o-privire-de-ansamblu-asupra-evolutiei-sale-de-la-inceputul-secolului-xx-si-pana.md","0.98","0.96","0.94","0.94","0.96","false","fitz","fitz","0.93"
"146","4","Consacrarea comunitară a casei: haidaț la dripeliște! și cea religioasă, feștania","Camelia Burghele","Muzeul Județean de Istorie și Artă, Zalău.","","","In the villages of Valea Barcăului – Sălaj, at the end of the construction of houses, the young people of the village were called to level the earthen floor. They did it by dancing barefoot, to the music of musicians paid by the host. The moment was one of great joy for the young people and of great utility for the owners of the house. The dance of the young people in the new house consecrated a kind of community legitimization of the house, the sign that the construction was finished and that the future inhabitants could prepare to move into the new house. The meeting of young people and the dance in pairs was called „dripeliște” (from the verb „a dripili”, which means to tread lightly). The present material bears witness to the antiquity, relevance and importance of this custom directly related to the construction of houses. The moment of „dripeliște” is seen in a broader context, that of marking the completion of construction with ritual foundations (placing the bouquet of flowers on the top of the roof) and religious (festival, the blessing of the house with holy water, by the village priest). We believe that „the beating of the house”, as the „dripeliște” are called in other areas, is yet another proof of the cleverness with which the peasant in the traditional village knew how to balance the work- fun ratio.","","","satul traditional, construirea caselor, tineretul, legitimarea comunității, antropologie, traditional village, construction of houses, young people, community legitimization, cultural","satul traditional, construirea caselor, tineretul, legitimarea comunității, antropologie, traditional village, construction of houses, young people, community legitimization, cultural","","","233","242","","ro","published","STUDII ȘI CERCETĂRI","seria-3","ingest/issues/aaf-xxix-2025/articles/014-consacrarea-comunitara-a-casei-haidat-la-dripeliste-si-cea-religioasa-festania.pdf","ingest/issues/aaf-xxix-2025/md/014-consacrarea-comunitara-a-casei-haidat-la-dripeliste-si-cea-religioasa-festania.md","0.98","0.96","0.95","0.95","0.97","false","fitz","fitz","0.95"
"147","4","Muzeu.com, adică muzeu și comunitate. Cazul bisericii din Topla, centrul spiritual al Muzeului Satului Bănățean Timișoara","Borco Ilin","Muzeul Satului Bănățean, Timișoara.","","","The museum-community connection develops in both directions and gives life to both entities: the community is the one that generates the museum, demands it and builds it institutionally, and the museum, in turn, is the one that puts itself at the service of the community, by mirroring its history, culture, art and ethnicity. The museum is the one that tells the stories of the community, often taking over the stories of one generation and transferring them to the next. This is the case of the Banat Village Museum, which tells the stories of the traditional Banat village, of the houses and households, of the courtyards, the church and its believers, to children from the urban community or the peri-urban countryside. For the Banat Village Museum in Timisoara, the church at Topla is a kind of open-air exhibition, a living exhibition that was visited by both visitors interested in local culture and believers who attended the Sunday service in the place of worship. In the spring of 2025, on a fateful April night, the wooden church in Topla burned down, to a significant extent. We believe it is essential that the story of the church and all the stories it has generated over time remain alive. The museum opens itself to the community, among other things, informing the community about the current situation of this hard-hit heritage site.","","","relații muzeu-comunitate, satul bănățean tradițional, cultura tradițională, marketing, museum-community connection, traditional Banat village, traditional culture, cultural","relații muzeu-comunitate, satul bănățean tradițional, cultura tradițională, marketing, museum-community connection, traditional Banat village, traditional culture, cultural","","","243","256","","ro","published","STUDII ȘI CERCETĂRI","seria-3","ingest/issues/aaf-xxix-2025/articles/015-muzeu-com-adica-muzeu-si-comunitate-cazul-bisericii-din-topla-centrul-spiritual-al-muzeului-satului-banatean-timisoara.pdf","ingest/issues/aaf-xxix-2025/md/015-muzeu-com-adica-muzeu-si-comunitate-cazul-bisericii-din-topla-centrul-spiritual-al-muzeului-satului-banatean-timisoara.md","0.98","0.96","0.95","0.95","0.97","false","fitz","fitz","0.95"
"148","4","O lectură intertextuală a filmului sociologic „Un sat basarabean – Cornova”","Mirela Miron","Facultatea de Teatru și Film, Cinematografie și Media, Universitatea „Babeș-Bolyai”, Cluj-Napoca.","","","An intertextual approach of the sociological monograph film „A Bessarabian village – Cornova” Conceived as a new genre in cinematography by Dimitrie Gusti, the sociological film has a script based on his theory of frames and manifestations. Co-directed with his collaborators, it suggestively reveals both the Romanian rural world that has changed its aspect over time and the dynamics of field research with the help of multidisciplinary teams coordinated by the sociologist. Our hermeneutical analysis focuses on fragments of the documentary film made in one of the campaigns of sociological monograph, in the interwar period, by Dimitrie Gusti and his collaborators, who conducted research on Romanian villages, within the Romanian Social Institute, in 1931: „A Bessarabian village – Cornova”. We relate this sociological documentary to other texts, especially written ones, containing testimonies both about the making of the documentary and about the members of the research team who appear, self-referentially, in the film. Thus, almost 100 years after it was made and after the film was not accessible to the public for a long period until recently, the images become complementary to the text and they render „fragments of life” and people’s faces.","","","filmul documentar sociologic, Dimitrie Gusti, scenariu sociologic gustian, Cornova, sociological documentary film, Gusti’s sociological script","filmul documentar sociologic, Dimitrie Gusti, scenariu sociologic gustian, Cornova, sociological documentary film, Gusti’s sociological script","","","257","270","","ro","published","STUDII ȘI CERCETĂRI","seria-3","ingest/issues/aaf-xxix-2025/articles/016-o-lectura-intertextuala-a-filmului-sociologic-un-sat-basarabean-cornova.pdf","ingest/issues/aaf-xxix-2025/md/016-o-lectura-intertextuala-a-filmului-sociologic-un-sat-basarabean-cornova.md","0.98","0.96","0.95","0.95","0.97","false","fitz","fitz","0.95"
"149","4","Românism, românitate, reprezentări socio-culturale și alte forme de perenitate în exilul românesc","Anca Stângaciu","Facultatea de Studii Europene, Universitatea „Babeș-Bolyai”, Cluj-Napoca.","","","Romenismo, romenità, rappresentazioni socio-culturali e altre forme di permanenza nell’esilio rumeno (Riassunto). Attraverso il ritrovamento nella cosiddetta Mondo Libero oppure la Romania Alternativa come gli stessi esuli l’hanno definita, si è costituito in tutti quelli anni del secondo dopoguerra, in Europa e in America, il quadro per una cultura romena autenticamente libera, nelle democrazie che hanno facilitato integrazione, la doppia identità, apertura all’universalità, ma anche conservazione del senso del romenismo. Sotto questo simbolo, si sono organizzati in parrocchie, associazioni, società culturali, hanno fondato riviste, tipografie e case editrici e soprattuto si sono riuniti in occasione di feste, eventi culturali ecc. L’esilio, nella sua espressione culturale, si è rivelato il più delle volte sottile, talvolta latente, ma comunque presente, anche militante e alcune volte criticamente combativo. Infatti, è stato contraddistinto da un’attenzione al romenismo, ma anche da una dimensione internazionale, grazie a realizzazioni di eccezione, antidittatoriale e soprattuto resistente, in parte restituito, dopo il 1989, alla cultura romena intera e alla Romania. Parole chiave: esilio, identità, resistenza culturale, associazioni, pratiche, democrazia.","","","exil, identitate, rezistență culturală, asociații, practici, democrație","exil, identitate, rezistență culturală, asociații, practici, democrație","","","271","284","","ro","published","STUDII ȘI CERCETĂRI","seria-3","ingest/issues/aaf-xxix-2025/articles/017-romanism-romanitate-reprezentari-socio-culturale-si-alte-forme-de-perenitate-in-exilul-romanesc.pdf","ingest/issues/aaf-xxix-2025/md/017-romanism-romanitate-reprezentari-socio-culturale-si-alte-forme-de-perenitate-in-exilul-romanesc.md","0.98","0.96","0.96","0.96","0.98","false","fitz","fitz","0.96"
"150","4","Cititul de cărți – o „iscusită zăbavă”. Note de lectură","Nicolae Constantinescu","Universitatea din București.","","","","","","","","","","285","288","","ro","published","NOTE DE LECTURĂ","seria-3","ingest/issues/aaf-xxix-2025/articles/018-cititul-de-carti-o-iscusita-zabava-note-de-lectura.pdf","ingest/issues/aaf-xxix-2025/md/018-cititul-de-carti-o-iscusita-zabava-note-de-lectura.md","0.98","0.96","0.20","0.20","0.20","false","fitz","fitz","0.93"
"151","4","Ion Taloș și romanitatea orientală","Mihai Bărbulescu","Institutul Arhiva de Folclor a Academiei Române, Cluj-Napoca.","","","","","","","","","","289","294","","ro","published","NOTE DE LECTURĂ","seria-3","ingest/issues/aaf-xxix-2025/articles/019-ion-talos-si-romanitatea-orientala.pdf","ingest/issues/aaf-xxix-2025/md/019-ion-talos-si-romanitatea-orientala.md","0.98","0.96","0.20","0.20","0.20","false","fitz","fitz","0.95"
"152","4","Petru Caraman, Literatură populară. Ediție, introducere, note, corpus de texte, indici și bibliografie de Ion H. Ciubotaru și Silvia Ciubotaru, Iași, Editura Universității „Alexandru Ioan Cuza”, 2024, 688 p. cu ilustrații (Anamaria Lisovschi)","Anamaria Lisovschi","","","","","","","","","","","295","298","","ro","published","RECENZII","seria-3","ingest/issues/aaf-xxix-2025/articles/020-petru-caraman-literatura-populara-editie-introducere-note-corpus-de-texte-indici-si-bibliografie-de-ion-h-ciubotaru-si-s.pdf","ingest/issues/aaf-xxix-2025/md/020-petru-caraman-literatura-populara-editie-introducere-note-corpus-de-texte-indici-si-bibliografie-de-ion-h-ciubotaru-si-s.md","0.98","0.96","0.20","0.20","0.20","true","fitz","fitz","0.97"
"153","4","Annemarie Sorescu-Marincović, Monica Huţanu, The Vlachs of Eastern Serbia. Language and Society, Austrian Academy of Sciences Press, edited by the Commission Vanishing Languages and Cultural Heritage (head Thede Kahl), volume 3, Vienna 2023, 257 p. (Elena Bărbulescu)","Elena Bărbulescu","","","","","","","","","","","299","301","","ro","published","RECENZII","seria-3","ingest/issues/aaf-xxix-2025/articles/021-annemarie-sorescu-marincovic-monica-hutanu-the-vlachs-of-eastern-serbia-language-and-society-austrian-academy-of-science.pdf","ingest/issues/aaf-xxix-2025/md/021-annemarie-sorescu-marincovic-monica-hutanu-the-vlachs-of-eastern-serbia-language-and-society-austrian-academy-of-science.md","0.98","0.96","0.20","0.20","0.20","true","fitz","fitz","0.95"
"154","4","Ivan Neciui-Levyțkyi, Concepția despre lume a poporului ucrainean. Schiță de mitologie ucraineană. Traducere din ucraineană și note de Cristina Silaghi și Mihaela Herbil, Prefață de Mihaela Herbil, București, Editura RCR Editorial, 2022, 152 p. (Maria Aldea)","Maria Aldea","","","","","","","","","","","302","304","","ro","published","RECENZII","seria-3","ingest/issues/aaf-xxix-2025/articles/022-ivan-neciui-levytkyi-conceptia-despre-lume-a-poporului-ucrainean-schita-de-mitologie-ucraineana-traducere-din-ucraineana.pdf","ingest/issues/aaf-xxix-2025/md/022-ivan-neciui-levytkyi-conceptia-despre-lume-a-poporului-ucrainean-schita-de-mitologie-ucraineana-traducere-din-ucraineana.md","0.98","0.96","0.20","0.20","0.20","true","fitz","fitz","0.93"
"155","4","Revista „Boabe de Grâu”. Repere etnologice, selecţie de texte, introducere şi notă asupra ediţiei de Florenţa Popescu-Simion, Editura Academiei Române, Bucureşti, 2023, 607 p. (Elena Bărbulescu)","Elena Bărbulescu","Institutul de Etnografie şi Folclor „Constantin","","","","","","","","","","305","306","","ro","published","RECENZII","seria-3","ingest/issues/aaf-xxix-2025/articles/023-revista-boabe-de-grau-repere-etnologice-selectie-de-texte-introducere-si-nota-asupra-editiei-de-florenta-popescu-simion-.pdf","ingest/issues/aaf-xxix-2025/md/023-revista-boabe-de-grau-repere-etnologice-selectie-de-texte-introducere-si-nota-asupra-editiei-de-florenta-popescu-simion-.md","0.98","0.96","0.20","0.20","0.20","true","fitz","fitz","0.95"
"156","4","Valer Simion Cosma, Molitve, Cetanii şi Afurisenii. Preotul în lumea ţărănească a românilor ardeleni (sec. XVIII–XIX), Editura Universităţii „Lucian Blaga”, Sibiu, Editura Mega, Cluj-Napoca, 2024, 388 p. (Elena Bărbulescu)","Elena Bărbulescu","","","","","","","","","","","307","309","","ro","published","RECENZII","seria-3","ingest/issues/aaf-xxix-2025/articles/024-valer-simion-cosma-molitve-cetanii-si-afurisenii-preotul-in-lumea-taraneasca-a-romanilor-ardeleni-sec-xviii-xix-editura-.pdf","ingest/issues/aaf-xxix-2025/md/024-valer-simion-cosma-molitve-cetanii-si-afurisenii-preotul-in-lumea-taraneasca-a-romanilor-ardeleni-sec-xviii-xix-editura-.md","0.98","0.96","0.20","0.20","0.20","true","fitz","fitz","0.96"
"157","4","Mariana Kahane, Muzica Gorjului de altădată. Cu privire la cercetările de folclor întreprinse și valorificate de Constantin Brăiloiu, ediție îngrijită de Lavinia Gheorghe, Editura Universității Naționale de Muzică din București, 2022, 178 p., 6 planșe. (Theodor Constantiniu)","Theodor Constantiniu","institutul bucureștean.","","","","","","","","","","310","311","","ro","published","RECENZII","seria-3","ingest/issues/aaf-xxix-2025/articles/025-mariana-kahane-muzica-gorjului-de-altadata-cu-privire-la-cercetarile-de-folclor-intreprinse-si-valorificate-de-constanti.pdf","ingest/issues/aaf-xxix-2025/md/025-mariana-kahane-muzica-gorjului-de-altadata-cu-privire-la-cercetarile-de-folclor-intreprinse-si-valorificate-de-constanti.md","0.98","0.96","0.20","0.20","0.20","true","fitz","fitz","0.96"
"158","4","Macarie (Marius-Dan) Drăgoi, Lucia-Augusta Iștoc, Folclor muzical de pe văile Țibleșului, vol. I, Cântece ocazionale, Editura Curs, Cluj-Napoca, 2023, 329 p. (Theodor Constantiniu)","Theodor Constantiniu","Institutul Arhiva de Folclor a Academiei Române, Cluj-Napoca","","","","","","","","","","312","313","","ro","published","RECENZII","seria-3","ingest/issues/aaf-xxix-2025/articles/026-macarie-marius-dan-dragoi-lucia-augusta-istoc-folclor-muzical-de-pe-vaile-tiblesului-vol-i-cantece-ocazionale-editura-cu.pdf","ingest/issues/aaf-xxix-2025/md/026-macarie-marius-dan-dragoi-lucia-augusta-istoc-folclor-muzical-de-pe-vaile-tiblesului-vol-i-cantece-ocazionale-editura-cu.md","0.98","0.96","0.20","0.20","0.20","true","fitz","fitz","0.96"
"159","4","Dumitru Irimieș, Istorii și destine, Editura Napoca Star, Cluj-Napoca, 2023, 562 p. (Doina Ișfănoni)","Doina Ișfănoni","Muzeul Etnografic al Transilvaniei i-au","","","","","","","","","","314","314","","ro","published","RECENZII","seria-3","ingest/issues/aaf-xxix-2025/articles/027-dumitru-irimies-istorii-si-destine-editura-napoca-star-cluj-napoca-2023-562-p-doina-isfanoni.pdf","ingest/issues/aaf-xxix-2025/md/027-dumitru-irimies-istorii-si-destine-editura-napoca-star-cluj-napoca-2023-562-p-doina-isfanoni.md","0.98","0.96","0.20","0.20","0.20","true","fitz","fitz","0.97"
"160","4","Prof. univ. (e) dr. Nicolae Constantinescu: o viață exemplară în slujba culturii românești","Ioana-Ruxandra Fruntelată","Facultatea de Litere, Universitatea din București; Institutul de Etnografie și Folclor „Constantin Brăiloiu”,","","","","","","","","","","315","320","","ro","published","RECENZII","seria-3","ingest/issues/aaf-xxix-2025/articles/028-prof-univ-e-dr-nicolae-constantinescu-o-viata-exemplara-in-slujba-culturii-romanesti.pdf","ingest/issues/aaf-xxix-2025/md/028-prof-univ-e-dr-nicolae-constantinescu-o-viata-exemplara-in-slujba-culturii-romanesti.md","0.98","0.96","0.20","0.20","0.20","true","fitz","fitz","0.93"
"161","4","In memoriam Georgeta Stoica","Narcisa Știucă","Universitatea București.","","","","","","","","","","321","324","","ro","published","RECENZII","seria-3","ingest/issues/aaf-xxix-2025/articles/029-in-memoriam-georgeta-stoica.pdf","ingest/issues/aaf-xxix-2025/md/029-in-memoriam-georgeta-stoica.md","0.98","0.96","0.20","0.20","0.20","true","fitz","fitz","0.96"
"162","5","Academia Română şi folklorul","Ion Muşlea","","","","","","On montre comment la grande institution scientifique a donné, depuis sa fondation, et sans arrêt, toute son attention au problème de la recherche et de la publi cation du folklore roumain. Dans les derniers temps (1930), elle a fondé ]',.Arhiva de Folklor"", dont la première publication est précisément cet Annuaire. L'Archive recueille des matériaux à l'aide de questionnaires et d'enquêtes, les classe et les met à la disposition des chercheurs roumains et étrangers.","montre, comment, grande, institution, scientifique","montre, comment, grande, institution, scientifique","","","1","8","","ro","published","","seria-1","ingest/series1/issues/aaf-seria1-1932-vol-i/articles/001-academia-romana-si-folklorul.pdf","","","","","","","","","",""
"163","5","""Şezătoarea"". Povestea vieţii unei reviste de folklor","Artur Gorovei","","","","","","Il y est question du plus ancien périodique roumain con sacré exclusivement aux traditions populaires. Fondée en 1892, la revue a traversé au cours de 38 ans, de grandes difficultés, contées tout au long par son propre directeur. Pendant ce temps-là, la revue a publié d'abon dants et précieux matériaux, ainsi que d'intéressantes études. „Şezătoarea"" a clos son activité en 1929, par la publication de son XXV-e volume, ainsi que d'un index détaillé des fascicules.","revue, question, ancien, periodique, sacre","revue, question, ancien, periodique, sacre","","","9","40","","ro","published","","seria-1","ingest/series1/issues/aaf-seria1-1932-vol-i/articles/002-sezatoarea-povestea-vietii-unei-reviste-de-folklor.pdf","","","","","","","","","",""
"164","5","Musca Columbacă în tradiţia noastră populară şi istorică (cu o paralelă romanică)","Vasile Bogrea","","","","","","La mouche „Simulia Columbacensis“ dans notre tradition populaire et historique (p. 41—45). Mention de l’insecte dans la poésie populaire roumaine, dans une légende sarde et dans une chronique valaque du XVII-e siècle.","mention, insecte, poezie, popu, laire, poesie","mention, insecte, poezie, popu, laire, poesie","mention, insecte, poezie, popu, laire, poesie","mention, insecte, poezie, popu, laire, poesie","41","46","","ro","published","","seria-1","ingest/series1/issues/aaf-seria1-1932-vol-i/articles/003-musca-columbaca-in-traditia-noastra-populara-si-istorica-cu-o-paralela-romanica.pdf","","","","","","","","","",""
"165","5","Trei probleme folklorice şi aspectul lor românesc","Vasile Bogrea","","","","","","Trois problèmes de folklore et leur aspect roumain (p. 47—52). 1. Les „Pierres-écrites“. 2. Ἔρκος ὀδόντων. 3. La mise à mort des vieillards.","pierres, ecrites, epxoc, mise, mort","pierres, ecrites, epxoc, mise, mort","pierres, ecrites, epxoc, mise, mort","pierres, ecrites, epxoc, mise, mort","47","52","","ro","published","","seria-1","ingest/series1/issues/aaf-seria1-1932-vol-i/articles/004-trei-probleme-folklorice-si-aspectul-lor-romanesc.pdf","","","","","","","","","",""
"166","5","Contribuţie la cronologizarea şi geneza baladei populare la români. Partea I : Cronologizarea","Petru Caraman","","","","","","Contribution à la chronologie de la ballade populaire roumaine (p. 53—105). À la suite de l’étude détaillée des chroniques du temps, l’auteur établit que l’événement, célébré dans une ballade populaire roumaine, a un fondement historique. Il s’agit de la défaite subie, à cause du froid qui régnait pendant l’hiver 1498—1499, par l’armée turque commandée par Malkoç, à son retour d’une expédition en Pologne.","suite, studiu, detaillee, chroniques, temps, etude","suite, studiu, detaillee, chroniques, temps, etude","suite, studiu, detaillee, chroniques, temps, etude","suite, studiu, detaillee, chroniques, temps, etude","53","106","","ro","published","","seria-1","ingest/series1/issues/aaf-seria1-1932-vol-i/articles/005-contributie-la-cronologizarea-si-geneza-bala-dei-populare-la-romani-partea-i-cronologizarea.pdf","","","","","","","","","",""
"167","5","Nume de botez în Ţara Oltului. Obiceiuri şi tradiţii","Ştefan Pasșa","","","","","","Les noms de baptême dans le „Pays d’Olt“ („Țara Oltului“), Coutumes et traditions (p. 107—115). À l’aide des réponses à un certain nombre de questionnaires provenant de 63 villages du même district (Făgăraș), l’auteur cherche à établir d’après quels critères est choisi le nom donné aux nouveaux-nés, ainsi qu’aux jumeaux.","aide, reponses, certain, nombre, questionnaires","aide, reponses, certain, nombre, questionnaires","aide, reponses, certain, nombre, questionnaires","aide, reponses, certain, nombre, questionnaires","107","240","","ro","published","","seria-1","ingest/series1/issues/aaf-seria1-1932-vol-i/articles/006-nume-de-botez-in-tara-oltului-obiceiuri-si-traditii.pdf","","","","","","","","","",""
"168","5","Cercetări folklorice în Țara Oașului","Ion Mușlea","","","","Recherches de folklore dans le „Pays d’Oaș“ („Țara Oașului“) (p. 117—237). Les quatorze communes roumaines de l’extrémité N-O de la Roumanie (district de Satu-Mare), forment un coin de terre où les charmes d’amour, les pratiques magiques, le feu allumé par le frottement de deux morceaux de bois et d’autres vestiges intéressants, sont encore bien vivants, à côté d’une assez riche littérature populaire. Les caractéristiques des habitants et du folklore sont présentées dans une introduction (p. 117—160), suivie des textes et d’un glossaire.","","","cercetări, folklorice, țara, oașului, cercetari, tara, oasului","cercetări, folklorice, țara, oașului, cercetari, tara, oasului","cercetări, folklorice, țara, oașului, cercetari, tara, oasului","cercetări, folklorice, țara, oașului, cercetari, tara, oasului","117","240","","ro","published","","seria-1","ingest/series1/issues/aaf-seria1-1932-vol-i/articles/007-cercetari-folklorice-in-tara-oasului.pdf","","","","","","","","","",""
"169","5","Bibliografia folklorului românesc pe anul 1930","Ion Mușlea","","","","Bibliographie du folklore roumain (année 1930) (p. 241—249).","","","bibliografia, folklorului, românesc, anul, 1930, romanesc","bibliografia, folklorului, românesc, anul, 1930, romanesc","bibliografia, folklorului, românesc, anul, 1930, romanesc","bibliografia, folklorului, românesc, anul, 1930, romanesc","241","249","","ro","published","","seria-1","ingest/series1/issues/aaf-seria1-1932-vol-i/articles/008-bibliografia-folklorului-romanesc-pe-anul-1930.pdf","","","","","","","","","",""
"170","5","Raport anual","Ion Mușlea","","","","Rapport sur l’activité de l’„Archive de Folklore“ (p. 251—252).","","","raport, anual","raport, anual","raport, anual","raport, anual","251","252","","ro","published","","seria-1","ingest/series1/issues/aaf-seria1-1932-vol-i/articles/009-raport-anual.pdf","","","","","","","","","",""
"171","5","Résumé des articles et table des planches","","","","","","","","rezumat, articole","resume, articles","","","253","256","","ro","published","","seria-1","ingest/series1/issues/aaf-seria1-1932-vol-i/articles/010-resume-des-articles-et-table-des-planches.pdf","","","","","","","","","",""
"172","6","Cuvinte şi obiceiuri","Nicolae Drăganu","","","","","","Mots et coutumes (p. 1—19). Souvent les mots se conservent grâce à certaines coutumes. L’intérêt que présentent ces mots est double : d’une part ils éclairent l’origine, voire même la nature des coutumes, leur ancienneté et leur stratification ; d’autre part les coutumes éclairent l’origine et le sens des mots. Les coutumes suivantes : « Craiu nou în țară » ou « bricelatul » (l’élection d’un « roi » des jeunes gens à Pâques), « înfrățirea », « însurățirea » ou « mătcălăul » (coutume par laquelle on devient amis (amies) à la vie à la mort), « Junii » brașoveni (coutume des jeunes hommes de la ville de Brașov au temps de Pâques), « capra », « brezeaa », « turca », « cerbul » (coutume de la Noël où le rôle principal est joué par un masque à figure d’animal), la danse des « călușari », etc., qui sont étudiées à fond à ce point de vue, nous offrent des exemples typiques.","mots, obiceiuri, obicei, part, eclairent, coutumes, coutume","mots, obiceiuri, obicei, part, eclairent, coutumes, coutume","mots, obiceiuri, obicei, part, eclairent, coutumes, coutume","mots, obiceiuri, obicei, part, eclairent, coutumes, coutume","1","20","","ro","published","","seria-1","ingest/series1/issues/aaf-seria1-1933-vol-ii/articles/001-cuvinte-si-obiceiuri.pdf","","","","","","","","","",""
"173","6","Contribuţie la cronologizarea şi geneza baladei populare la români. Partea II. Geneza","Petru Caraman","","","","","","Contribution à la genèse de la ballade populaire roumaine (p. 21—88). L’auteur a établi (« Anuarul » I, p. 53—105) le fondement historique d’une ballade populaire roumaine : la défaite que l’armée turque commandée par Malkoç a subie à son retour d’une expédition en Pologne (1498—1499). Dans cette seconde partie de son travail, l’auteur étudie : les éléments fantastiques et réalistes et leur contamination ; la signification morale de la ballade et l’attitude du poète vis-à-vis des personnages ; fixe le centre d’expansion de la ballade et ses voies de propagation.","ballade, etabli, anuarul, fondement, historique","ballade, etabli, anuarul, fondement, historique","ballade, etabli, anuarul, fondement, historique","ballade, etabli, anuarul, fondement, historique","21","180","","ro","published","","seria-1","ingest/series1/issues/aaf-seria1-1933-vol-ii/articles/002-contributie-la-cronologizarea-si-geneza-baladei-populare-la-romani-partea-i-i-geneza.pdf","","","","","","","","","",""
"174","6","Folklor din judeţul Lăpuşna","Petre V. Ştefănucă","","","","","","Folklore du département de Lăpușna (p. 89—180). Plusieurs causes ont empêché, pendant la domination russe, de collectionner le folklore de la Bessarabie roumaine. C’est ainsi que ce premier recueil, riche et méthodique, apportant un matériel vaste et varié provenant de tous les domaines du folklore (littérature populaire, cérémonies périodiques et coutumes concernant la vie du berceau à la tombe, magie, etc.) présente de précieux documents pour les folkloristes. La collection est précédée d’une introduction, dans laquelle on présente la région où l’on a fait les recherches et ses habitants, ainsi que d’une esquisse sur les genres du folklore. Les textes sont suivis d’un glossaire et d’une carte de la région explorée (p. 176).","presente, regiune, plusieurs, causes, empeche, region","presente, regiune, plusieurs, causes, empeche, region","presente, regiune, plusieurs, causes, empeche, region","presente, regiune, plusieurs, causes, empeche, region","89","180","","ro","published","","seria-1","ingest/series1/issues/aaf-seria1-1933-vol-ii/articles/003-folklor-din-judetul-lapusna.pdf","","","","","","","","","",""
"175","6","Jules Michelet şi folklorul românesc","Ion Breazu","","","","","","Jules Michelet et le folklore roumain (p. 181—193). Dans sa brochure sur les « Principautés danubiennes Madame Rosetti », publiée avec un « Appendice », pour la première fois dans les « Légendes démocratiques du Nord » (Paris, 1854), Michelet a utilisé le folklore roumain. C’est ainsi qu’il donne la version française des ballades « Mihu Copilul » (« Mihu le jeune ») et « Miorița » (« La petite brebis »). Ces ballades et deux autres encore, de même qu’un fragment sur les coutumes de mariage chez les Roumains (extrait de la « Description de la Moldavie » de D. Cantemir), lui ont été fournis par C. A. Rosetti et I. Voinescu II. Dans la même plaquette, Michelet s’est servi aussi des matériaux folkloristiques fournis par Dimitrie Brătianu, ainsi que de l’ouvrage de A. de Gérando sur « La Transylvanie et ses habitants » (Paris, 1845). La plus grande partie de l’article repose sur la correspondance inédite entre Michelet et ses élèves roumains.","michelet, rosetti, paris, ballades, mihu","michelet, rosetti, paris, ballades, mihu","michelet, rosetti, paris, ballades, mihu","michelet, rosetti, paris, ballades, mihu","181","194","","ro","published","","seria-1","ingest/series1/issues/aaf-seria1-1933-vol-ii/articles/004-jules-michelet-si-folklorul-romanesc.pdf","","","","","","","","","",""
"176","6","Variantele româneşti ale snoavei despre femeia necredincioasă","Ion Muşlea","","","","","","Les variantes roumaines du conte de la femme infidèle (p. 195—216). Le professeur Walter Anderson (« Der Schwank vom alten Hildebrand », Dorpat, 1931) a étudié à fond les variantes universelles du conte enregistré dans le catalogue Aarne-Thompson sous le No. 1360 C. Ne possédant que deux (puis trois) variantes roumaines, l’« Arhiva de Folklor a Academiei Române » a distribué une circulaire pour rechercher les versions de ce conte. L’enquête a apporté 22 variantes roumaines, ce qui prouve que le conte en question est très populaire parmi les Roumains, ainsi que deux versions ukrainiennes (ces deux-là provenant de Bukovine). L’auteur fait une analyse des nouvelles variantes roumaines et s’efforce d’éclaircir certains détails et particularités, aboutissant à cette conclusion que les Roumains ont emprunté le conte aux Ukrainiens et l’ont passé ensuite aux Serbes. Une carte (p. 214) montre la propagation des variantes roumaines et des variantes des peuples voisins.","variantes, poveste, versions, professeur, walter, conte","variantes, poveste, versions, professeur, walter, conte","variantes, poveste, versions, professeur, walter, conte","variantes, poveste, versions, professeur, walter, conte","195","216","","ro","published","","seria-1","ingest/series1/issues/aaf-seria1-1933-vol-ii/articles/005-variantele-romanesti-ale-snoavei-despre-femeia-necredincioasa.pdf","","","","","","","","","",""
"177","6","Încă un folklorist saxo-român","George Bogdan-Duică","","","","","","Un autre folkloriste saxo-roumain (p. 217—220). L’échange de lettres des années 1855—59 entre le professeur saxon de Sibiiu, Johann Carl Schuller (1794—1865) et le professeur roumain Dr. Athanasie Șandor d’Arad, concernant les recherches sur la littérature populaire roumaine qui intéressait les deux savants.","echange, annees, professeur, concernant, bibliografie, bibliographie","echange, annees, professeur, concernant, bibliografie, bibliographie","echange, annees, professeur, concernant, bibliografie, bibliographie","echange, annees, professeur, concernant, bibliografie, bibliographie","217","220","","ro","published","","seria-1","ingest/series1/issues/aaf-seria1-1933-vol-ii/articles/006-inca-un-folklorist-saxo-roman.pdf","","","","","","","","","",""
"178","6","Bibliografia lucrărilor de cuprins folkloric şi etnografic publicate de Academia Română (1867—1930)","Ion Mușlea","","","","Bibliographie des travaux concernant le folklore et l’ethnographie, publiées par l’Académie Roumaine (1867—1929) jusqu’à la création de son « Archive folklorique », p. 221—227.","","","bibliografia, lucrarilor, cuprins, folkloric, etnografic","bibliografia, lucrarilor, cuprins, folkloric, etnografic","bibliografia, lucrarilor, cuprins, folkloric, etnografic","bibliografia, lucrarilor, cuprins, folkloric, etnografic","221","228","","ro","published","","seria-1","ingest/series1/issues/aaf-seria1-1933-vol-ii/articles/007-bibliografia-lucrarilor-de-cuprins-folkloric-si-etnografic-publicate-de-academia-romana-1867-1930.pdf","","","","","","","","","",""
"179","6","Bibliografia folklorului românesc pe anii 1931—1932","Ion Mușlea","","","","Bibliographie du folklore roumain (années 1931—1932) (p. 229—246).","","","bibliografia, folklorului, romanesc, anii","bibliografia, folklorului, romanesc, anii","bibliografia, folklorului, romanesc, anii","bibliografia, folklorului, romanesc, anii","229","246","","ro","published","","seria-1","ingest/series1/issues/aaf-seria1-1933-vol-ii/articles/008-bibliografia-folklorului-romanesc-pe-anii-1931-1932.pdf","","","","","","","","","",""
"180","6","Raport anual (1932)","Ion Mușlea","","","","Rapport sur l’activité de l’« Archive de Folklore de l’Académie Roumaine » pour l’année 1932.","","","raport, anual","raport, anual","raport, anual","raport, anual","247","","","ro","published","","seria-1","ingest/series1/issues/aaf-seria1-1933-vol-ii/articles/009-raport-anual-1932.pdf","","","","","","","","","",""
"181","7","Ion Bianu şi folklorul nostru","Ion Muşlea","","","","","","Ion Bianu et le folklore roumain (p. 1—6). Par suite de la mort du professeur Bianu, l’« Arhiva de Folklor a Academiei Române » perd un de ses amis les plus dévoués. Bianu a toujours été vivement intéressé par tout ce qui touchait à la vie paysanne. Il était trop pris par ses multiples charges pour pouvoir s’adonner au folklore, comme il l’aurait, à coup sûr, souhaité. Toutefois il a écrit quelques articles, a édité quelques recueils et a fondé la grande collection de folklore de l’Académie Roumaine (40 volumes). L’« Arhiva de Folklor a Academiei Române », qui lui doit tant, a reçu de lui, à plusieurs reprises, des notes de folklore. La plus importante concerne une pratique magique pour la protection des vignobles (publiée à la page 4—5, en note), sur laquelle l’Archive a entrepris une enquête.","bianu, arhiva, folklor, academiei, suite","bianu, arhiva, folklor, academiei, suite","bianu, arhiva, folklor, academiei, suite","bianu, arhiva, folklor, academiei, suite","1","6","","ro","published","","seria-1","ingest/series1/issues/aaf-seria1-1935-vol-iii/articles/001-ion-bianu-si-folklorul-nostru.pdf","","","","","","","","","",""
"182","7","Psihologie şi creaţie populară","Ion Diaconu","","","","","","Psychologie et création populaire (p. 7—23). Les recherches concernant la genèse et l’évolution de la littérature populaire — dans le genre de celles de O. Böckel, O. Schell, J. Tiersot, E. Wechsler — n’ont été abordées dans le folklore roumain que dans les tout derniers temps. O. Densusianu, P. Cancel et T. Papahagi sont les seuls qui aient écrit avec compétence dans cette direction. Au point de vue strict de la psychologie de la création populaire, il faut retenir les noms des deux derniers. Papahagi, s’appuyant sur un riche matériel folklorique, recueilli dans l’archaïque pays de Maramureș, conclut que le genre épique paraît être la création exclusive de l’homme, mais s’est conservé à l’aide de la mémoire, grâce à la femme. Les ballades roumaines ont leur origine dans la vie collective du village, ainsi que dans la vie pastorale ; elles gagnent ensuite en perfection grâce à une circulation intense. Les opinions de Cancel sont certainement plus cohérentes, seulement elles ne partent pas des manifestations folkloriques roumaines, mais des observations de M. Murko sur la poésie yougoslave. Cancel distingue dans l’existence de chaque motif poétique populaire la création primordiale et la circulation. Son argumentation claire tend à établir que n’importe quand la création initiale est un fait individuel, quoique la poésie serbe prouve la collaboration collective à l’intérieur de petits groupes. En opposition avec la sociologie de Durkheim, avec l’ethnopsychologie de Lazarus et Steinthal, comme aussi avec la « Völkerpsychologie » de Wundt — lesquels voient dans les valeurs spirituelles des produits de la collectivité —, Cancel conclut que n’importe quelle création populaire est par excellence une œuvre individuelle.

L’auteur adhère aux opinions de Cancel, avec les réserves qu’elles comportent : il repousse la collaboration même en petits groupes. Les milieux roumains qu’il a observés — surtout le Pays de Vrancea, où il lui paraît qu’est née « Miorița », le chef-d’œuvre de la littérature populaire roumaine — prouvent indubitablement que, dans la création comme dans la propagation de tel motif poétique, il ne s’agit que d’un seul individu, mais particulièrement doué. Alors même qu’un motif se cristallise pendant un temps assez long, correspondant à la durée de quelques générations — comme c’est le cas pour le poème « Miorița » —, ce ne sont jamais que quelques individualités exceptionnelles qui jouent un rôle de premier plan. La création populaire roumaine n’est pas improvisation — comme dans le cas de la littérature serbe indiqué par Murko, celui des Corses que rapporte A. Croze, celui de « serenata » de la Provence dont parle J. Tiersot, ou celui des Basques. Elle est parfaitement unitaire, c’est-à-dire que des motifs fondamentaux circulent de manière stéréotypée sur des aires géographiques vastes, mais distantes ; donc la refonte par une circulation intense fixe toute la poésie populaire roumaine. Cette stéréotypie prouve aussi que dans sa structure la création populaire roumaine est élaborée — contrairement à l’improvisation, qui ne garde pas de cadres fixes, mais se trouve dans une transformation continue, comme par exemple chez les peuples du midi.","popular, creation, cancel, literatură, poezie, populaire, litterature, poesie","popular, creation, cancel, literatură, poezie, populaire, litterature, poesie","popular, creation, cancel, literatură, poezie, populaire, litterature, poesie","popular, creation, cancel, literatură, poezie, populaire, litterature, poesie","7","23","","ro","published","","seria-1","ingest/series1/issues/aaf-seria1-1935-vol-iii/articles/002-psihologie-si-creatie-populara.pdf","","","","","","","","","",""
"183","7","Folklor din Valea Almăjului (Banat)","Emil Petrovici","","","","","","Folklore de la Vallée d’Almăj (p. 25—158). Dans la partie sud-est du Banat roumain, les 15 villages de la Vallée d’Almăj (Valea Almăjului, départ. Caraș) sont situés dans un bassin entouré de montagnes boisées. L’auteur a étudié dans six de ces villages la langue et le folklore qui présentent maints traits archaïques. Il y a trouvé des matériaux très riches et intéressants relatifs aux cérémonies périodiques et aux coutumes concernant la vie du berceau à la tombe, beaucoup de pratiques magiques et d’incantations, quelques ballades en voie de disparition, des chansons, des légendes, des traditions, etc. Les textes (numérotés de 1 à 170 — p. 60—145) sont précédés d’une introduction (p. 26—59) qui s’occupe du caractère du pays, des habitants, de leur parler et du folklore. Les textes sont suivis d’un glossaire, d’une carte de la région explorée (p. 158) et de deux planches qui représentent :
I. 1. Le village de Borlovenii-Vechi
2. Une vue du village de Bănia
II. 1. Une femme de Bănia
2. Une femme de Pătaș portant de la braise au cimetière sur la tombe d’un mort, suivant le rite quotidien
3. Un homme de Pătaș.","sate, tombe, textes, sat, bania, villages, village","sate, tombe, textes, sat, bania, villages, village","sate, tombe, textes, sat, bania, villages, village","sate, tombe, textes, sat, bania, villages, village","25","158","","ro","published","","seria-1","ingest/series1/issues/aaf-seria1-1935-vol-iii/articles/003-folklor-din-valea-almajului-s.pdf","","","","","","","","","",""
"184","7","Raportul din 1756 al unui chirurg german despre credinţele Românilor asupra moroilor","Valeriu L. Bologa","","","","Rapport d’un chirurgien allemand (1756) sur la croyance des Roumains aux revenants (p. 159—168). L’auteur a trouvé dans la brochure de Georg Tallar « Visum repertum anatomico-chirurgicum… » (Wien und Leipzig, 1784), une foule d’informations précieuses et très détaillées, concernant la croyance aux revenants des Roumains du Banat, de la Valachie et de la Transylvanie. Les passages qui présentent un plus grand intérêt pour le folklore sont donnés en traduction et commentés. Le chirurgien apparaît comme un observateur sagace, qui a su saisir quelques phénomènes essentiels que la science du temps ne pouvait pas encore expliquer. (Ainsi les maladies de ceux qui se croyaient attaqués par les revenants sont très judicieusement mises en rapport avec l’alimentation unilatérale des Roumains pendant les longs jeûnes observés au cours de l’hiver et du printemps.)","","","raportul, unui, chirurg, german, despre","raportul, unui, chirurg, german, despre","raportul, unui, chirurg, german, despre","raportul, unui, chirurg, german, despre","159","168","","ro","published","","seria-1","ingest/series1/issues/aaf-seria1-1935-vol-iii/articles/004-raportul-din-1756-al-unui-chirurg-german-despre-credintele-romanilor-asupra-moroilor.pdf","","","","","","","","","",""
"185","7","Alte variante româneşti ale snoavei despre femeia necredincioasă","Ion Muşlea","","","","","","Autres variantes roumaines du conte de la femme infidèle (p. 169—176). Revenant sur l’article publié dans le tome précédent (p. 195—216), l’auteur présente et analyse 21 variantes nouvelles que l’on a pu recueillir grâce au concours des correspondants de l’Archive, pendant les années 1933—34. L’aire de diffusion du conte chez les Roumains s’élargit ainsi considérablement — surtout grâce aux variantes notées dans le Banat (1) et en Bucovine (2) ; dans un seul département de Transylvanie (Hunedoara) on a recueilli six variantes, ce qui prouve que le motif est encore bien vivant dans le milieu paysan roumain. Les conclusions de la contribution précédente ne subissent pas de grands changements, mais se trouvent plutôt confirmées par les nouvelles variantes.","variantes, nouvelles, grace, revenant, publie","variantes, nouvelles, grace, revenant, publie","variantes, nouvelles, grace, revenant, publie","variantes, nouvelles, grace, revenant, publie","169","176","","ro","published","","seria-1","ingest/series1/issues/aaf-seria1-1935-vol-iii/articles/005-alte-variante-romanesti-ale-snoavei-despre-femeia-necredincioasa.pdf","","","","","","","","","",""
"186","7","Contribuţie la bibliografia studiilor şi culegerilor de folklor privitoare la Românii din Basarabia şi popoarele conlocuitoare — publicate în rusește","Petre V. Ştefănucă","","","","Contribution à la bibliographie des études et des recueils folkloriques publiés dans les périodiques russes concernant les Roumains de Bessarabie et les peuples habitants (p. 177—188). Dans les revues russes et surtout dans la « Kisinevskie Eparchialnyje Vestnik » (1867—1915) on a publié de nombreuses monographies des villages de Bessarabie où le folklore tenait une grande place. L’auteur donne 97 titres d’articles de cette espèce, le plus souvent avec l’indication du genre de folklore qu’ils contiennent.","","","contributie, bibliografia, studiilor, culege, rilor","contributie, bibliografia, studiilor, culege, rilor","contributie, bibliografia, studiilor, culege, rilor","contributie, bibliografia, studiilor, culege, rilor","177","188","","ro","published","","seria-1","ingest/series1/issues/aaf-seria1-1935-vol-iii/articles/006-contributie-la-bibliografia-studiilor-si-culege-rilor-de-folklor-privitoare-la-romanii-din-basarabia-si-po-poarele-conlo.pdf","","","","","","","","","",""
"187","7","Bibliografia folklorului românesc pe anii 1933—34","Ion Mușlea","","","","Bibliographie du folklore roumain (années 1933—34) (p. 189—209).","","","bibliografia, folklorului, romanesc, anii","bibliografia, folklorului, romanesc, anii","bibliografia, folklorului, romanesc, anii","bibliografia, folklorului, romanesc, anii","189","209","","ro","published","","seria-1","ingest/series1/issues/aaf-seria1-1935-vol-iii/articles/007-bibliografia-folklorului-romanesc-pe-anii-1933-34.pdf","","","","","","","","","",""
"188","7","Raport anual '1933—34)","","","","","","","","raport, anual","raport, anual","","","211","","","ro","published","","seria-1","ingest/series1/issues/aaf-seria1-1935-vol-iii/articles/008-raport-anual-1933-34.pdf","","","","","","","","","",""
"189","7","Résumé des articles","","","","","","","","rezumat, articole","resume, articles","","","217","219","","ro","published","","seria-1","ingest/series1/issues/aaf-seria1-1935-vol-iii/articles/009-resume-des-articles.pdf","","","","","","","","","",""
"190","8","Scriitorii raguzani şi refrenul colindelor noastre","Silviu Dragomir","","","","","","Les écrivains de Raguse et le refrain des Noëls roumains (pp. 5—11). L’auteur signale le fait, presque inconnu de ceux qui chez nous s’intéressent au folklore, que chez nombre d’écrivains de Raguse des XVIe et XVIIe siècles l’on trouve le leit-motiv « Hoja, Lero, Doleje », presque identique au refrain des Noëls roumains « Oi ler oi d’ai ler oi ». On doit écarter l’hypothèse selon laquelle on aurait affaire ici au nom d’une vieille divinité slave. L’auteur avance quelques arguments philologiques et ethnographiques qui confirment — ce que M. Gavazzi a soutenu dès 1923 — le fait que nous avons ici un élément emprunté aux Noëls (« colinde ») des Valaques et des Maurovlaques. Ces Roumains slavisés de la Péninsule Balkanique, dont la présence à Raguse a été par ailleurs prouvée, ont gardé dans leur vie et leurs coutumes certaines traces de roumanisme, dont le leit-motiv ci-dessus.","presque, raguse, leit, motiv, noels","presque, raguse, leit, motiv, noels","presque, raguse, leit, motiv, noels","presque, raguse, leit, motiv, noels","5","12","","ro","published","","seria-1","ingest/series1/issues/aaf-seria1-1937-vol-iv/articles/001-scriitorii-raguzani-si-refrenul-colindelor-noastre.pdf","","","","","","","","","",""
"191","8","«Mironosiţele». O dramă religioasă din ţinutul Săliştei","Ștefan Petruţiu","","","","","","Les Saintes femmes (pp. 13—29). L’auteur montre que ce drame religieux est l’unique « mystère de la Passion » que connaisse le folklore roumain. On le joue durant les fêtes de Pâques en Transylvanie (région de Săliște-Sibiu et de Teiuș-Alba). Cette représentation est d’origine récente, du milieu du XIXe siècle. Elle a été donnée pour la première fois à Săliște, étant l’œuvre de l’écrivain populaire Procopiu Pitu Petru. Le poème présente de frappantes analogies avec la représentation des Mages, à Noël, aussi bien par la structure de la versification que par la mise en scène. Dans ce drame aucune influence des Passions connues dans l’Europe Occidentale. Il est presque certain que les Mages ont été les inspirateurs et les modèles de ce mystère pascal.

Ce mystère est composé de quelques scènes relatives à la Passion du Christ, en particulier aux lamentations de la Vierge Marie et des « saintes femmes » près du Saint Tombeau. Les personnages du drame sont : la Vierge Marie, les « saintes femmes » Marie-Madeleine, Salomé, Jeanne, Suzanne, puis le Christ, l’Ange, le centurion Longin, un prêtre et l’apôtre Pierre, tous interprétés par des fillettes et des garçons du village, entre 12 et 15 ans. Comme dans le « jeu des Mages », la troupe des « saintes femmes » a coutume de se rendre dans les villages des alentours. La planche représente le groupe des « saintes femmes » de Galeș (arrondissement de Săliște) en 1895. Suit le texte du drame, tel qu’il est donné au cours de la représentation.","drame, saintes, femei, mystere, saliste, femmes","drame, saintes, femei, mystere, saliste, femmes","drame, saintes, femei, mystere, saliste, femmes","drame, saintes, femei, mystere, saliste, femmes","13","30","","ro","published","","seria-1","ingest/series1/issues/aaf-seria1-1937-vol-iv/articles/002-mironositele-o-drama-religioasa-din-tinutul-salistei.pdf","","","","","","","","","",""
"192","8","Cercetări folklorice în Valea Nistrului-de-Jos","Petre V. Ştefănucă","","","","","","Recherches folkloriques dans la vallée du Bas-Dniestr (pp. 31—226). L’auteur, déjà connu par un travail publié dans notre second annuaire (pp. 89—180), a poursuivi ses recherches dans la même province et cette fois dans dix villages situés dans la Bessarabie sud-orientale, où des populations roumaines, russes et ukrainiennes forment un intéressant complexe folklorique. Après une introduction qui constitue une véritable petite monographie de la région (histoire, état économique, occupations, habitations, ressources, types humains, coutumes, vie religieuse, dialectes et folklore), suit un très riche recueil sur les cérémonies périodiques, les coutumes sur la vie, du berceau à la tombe, et de nombreux textes de littérature populaire (chansons, contes, légendes, superstitions, magie, etc.). Les textes sont accompagnés d’un glossaire et d’une carte de la région explorée (p. 227).","regiune, textes, deja, connu, travail, region","regiune, textes, deja, connu, travail, region","regiune, textes, deja, connu, travail, region","regiune, textes, deja, connu, travail, region","31","228","","ro","published","","seria-1","ingest/series1/issues/aaf-seria1-1937-vol-iv/articles/003-cercetari-folklorice-in-valea-nistrului-de-jos.pdf","","","","","","","","","",""
"193","8","Contribuţiuni la aprinderea « focului viu » în Ar deal, Maramureş şi Bucovina","Tiberiu Morariu","","","","","","Focul viu (le feu vivant) en Transylvanie, Maramureș et Bucovine (pp. 229—236). Parmi les coutumes les plus intéressantes conservées dans quelques coins plus retirés des Carpates roumaines, on trouve celle du « feu vif ». L’importance de cette coutume ne consiste pas seulement dans le fait qu’on allume le feu vivant par frottement, grâce à deux morceaux de bois secs, mais surtout dans les nombreuses croyances et superstitions qui s’y rattachent et qui nous expliquent le caractère presque sacré de ce « feu vivant » dans l’esprit des pâtres de ces régions.

Énumérons tout d’abord les divers procédés dont on se sert pour l’allumer.
	1.	On enfonce dans le sol deux morceaux de bois, bien secs, à un mètre l’un de l’autre. Chaque piquet a été percé d’un trou à mi-hauteur ; entre les deux pièces de bois, on place un autre bâton, à l’extrémité duquel se trouve un morceau d’amadou. Une corde met en mouvement le bâton transversal et le frottement devient si fort que l’amadou s’enflamme (Fig. 1 et Pl. I, 1, 2). Les bois enfoncés dans la terre sont souvent remplacés par deux minces troncs de sapins issus d’une même souche.
	2.	On place entre deux pièces de bois une troisième ; par un frottement rapide, ces morceaux de bois se réchauffent à tel point qu’en approchant un objet inflammable celui-ci prend feu (Fig. 2).
	3.	On fixe un pieu en terre ; sur son extrémité supérieure amincie, tourne une planchette garnie d’amadou. Par le tournoiement de la planchette, l’amadou prend feu.
	4.	On frotte deux pièces de bois, dont l’une est prise verticalement et l’autre perpendiculairement (Fig. 4 et Pl. II, 1). Une variante de ce système est de frotter deux planches en un mouvement de scie (Fig. 5 et Pl. II, 2).
	5.	On introduit dans un sapin sec un morceau de bois dur, ayant au bout de l’amadou. En lui imprimant un mouvement tournant de va-et-vient entre les paumes, l’amadou s’enflamme (Fig. 6, 7 et Pl. III, 1).
	6.	Après avoir percé un morceau de bois en son milieu, on introduit l’amadou dans le trou. On le frotte ensuite avec une corde jusqu’à ce qu’il prenne feu (Fig. 8 et Pl. III, 2).

Comme nous le voyons plus haut, un grand nombre de croyances et de coutumes sont liées à l’allumage, à l’entretien et à l’emploi du feu vivant. Par son caractère sacré, ce feu a, en effet, la vertu de défendre les troupeaux contre les différents dangers qui les menacent : mauvais esprits, bêtes sauvages, épidémies et même l’orage. Pour échapper à tant de menaces, toutes les brebis doivent sauter par-dessus le feu vivant, installé devant le parc à moutons ; il arrive même qu’on entoure tout le troupeau d’un cordon de fumée émanant de ce feu. Dans les cas plus graves d’épizootie, on creuse sur le versant de la colline une sorte de tunnel, dans lequel est placé un brasier ; le troupeau tout entier doit traverser ce tunnel, se purifiant ainsi et échappant à l’épidémie.","bois, amadou, vivant, frottement, morceaux","bois, amadou, vivant, frottement, morceaux","bois, amadou, vivant, frottement, morceaux","bois, amadou, vivant, frottement, morceaux","229","236","","ro","published","","seria-1","ingest/series1/issues/aaf-seria1-1937-vol-iv/articles/004-contributiuni-la-aprinderea-focului-viu-in-ar-deal-maramures-si-bucovina.pdf","","","","","","","","","",""
"194","8","Materiale pentru cunoaşterea răspândirii « focului viu » la Români","Ion Mușlea","","","","","","Matériaux pour la connaissance de l’aire du feu vivant (focul viu) chez les Roumains (pp. 237—242). Faisant suite à l’appel par lequel M. T. Morariu termine son article publié dans ce même Annuaire (pp. 229—236), l’auteur relève quelques témoignages ignorés sur l’existence du feu vivant dans les littératures roumaine, hongroise et russe. Le plus important est celui concernant la Bessarabie, province dans laquelle cette manière d’allumer le feu n’était pas encore connue. Tout aussi intéressantes paraissent être quelques-unes des 15 informations provenant du matériel inédit de l’« Archive de Folklore de l’Académie Roumaine », surtout celles qui ont trait à la Valachie, contrée dans laquelle le feu vivant était jusqu’à présent aussi inconnu.","quelques, vivant, laquelle, faisant, suite","quelques, vivant, laquelle, faisant, suite","quelques, vivant, laquelle, faisant, suite","quelques, vivant, laquelle, faisant, suite","237","242","","ro","published","","seria-1","ingest/series1/issues/aaf-seria1-1937-vol-iv/articles/005-materiale-pentru-cunoasterea-raspandirii-focului-viu-la-romani.pdf","","","","","","","","","",""
"195","8","Bibliografia folklorului românesc pe anul 1935","Ion Mușlea","","","","Bibliographie du folklore roumain (année 1935) (pp. 243—261).","","","bibliografia, folklorului, romanesc, anul","bibliografia, folklorului, romanesc, anul","bibliografia, folklorului, romanesc, anul","bibliografia, folklorului, romanesc, anul","243","261","","ro","published","","seria-1","ingest/series1/issues/aaf-seria1-1937-vol-iv/articles/006-bibliografia-folklorului-romanesc-pe-anul-1935.pdf","","","","","","","","","",""
"196","8","Raport anual (1935—36)","Ion Mușlea","","","","Rapport sur l’activité de l’« Archive de Folklore de l’Académie Roumaine » pour les années 1935—36. Tableau des publications reçues en échange (pp. 263—264).","","","raport, anual","raport, anual","raport, anual","raport, anual","263","264","","ro","published","","seria-1","ingest/series1/issues/aaf-seria1-1937-vol-iv/articles/007-raport-anual-1935-36.pdf","","","","","","","","","",""
"197","9","Ovid Densusianu folklorist","Ion Muşlea","","","","","","(p. 1—6). Le professeur de philologie romane à l’Université de Bucarest a déployé une grande activité dans tous les domaines du folklore roumain. Ainsi il s’est occupé à recueillir et à populariser des textes de littérature populaire; il a laissé des études trés appréciées, il a tracé des voies nouvelles dans le domaine de cette discipline et il fut l’initiateur de recueils, d’études et de publications folkloriques. Etant donné cette fertile et précieuse activité, il est estimé, à juste titre, comme le plus important folkloriste roumain.","activite, studii, professeur, philologie, universite","activite, etudes, professeur, philologie, universite","","","1","6","","ro","published","","seria-1","ingest/series1/issues/aaf-seria1-1939-vol-v/articles/001-ovid-densusianu-folklorist.pdf","","","","","","","","","",""
"198","9","Din literatura populară a Românilor de peste Nistru","Nichita P. Smochină","","","","","","Si le folklore roumain n'a pas connu de recueils de folklore bessarabien d'une impor- tance et d'une valeur scientifique particulière jusqu'aux enquêtes parues dans nos Annuai- res (vol. Il et IV), nous disposions encore moins de matériaux folkloriques provenant des Roumains d'au-delă du Dniester. L'auteur, lui-même d’origine transnistrienne, nous donne un grand nombre de textes recueillis dans les années 1922-24 et 1934-38 chez les Roumains d’au-delà du Dniester, réfugiés en Bessarabie, après la fondation de la République Moldave. Après la présentation des recueils folkloriques transnistriens connus jusqu’à présent, suivent des riches matériaux provenant de tous les domaines de la littérature populaire (ballades, chansons, noëls, chants de noce, devinettes, contes, incantations, etc.) et un glossaire.","recueils, jusqu, materiaux, folkloriques, provenant","recueils, jusqu, materiaux, folkloriques, provenant","recueils, jusqu, materiaux, folkloriques, provenant","recueils, jusqu, materiaux, folkloriques, provenant","7","78","","ro","published","","seria-1","ingest/series1/issues/aaf-seria1-1939-vol-v/articles/002-din-literatura-populara-a-romanilor-de-peste-nistru.pdf","","","","","","","","","",""
"199","9","Tovărăşiile de Crăciun ale feciorilor români din i Ardeal","Traian German","","","","","","À l’occasion des fêtes de la Noël, les jeunes hommes de la majorité des villages roumains de ‘Transylvanie s’organisent en confréries, en vue des nombreux divertissements auxquels s’adonne la jeunesse lors de la Noël, du jour de l’An et de l’Epiphanie. Les jeunes hommes élisent leurs chefs dès le dernier jour gras. Ils apprennent ensemble des noëls, font des provisions d'aliments et de boisson et invitent les jeunes filles — parfois aussi les notables de la commune — aux festins, aux danses et divertissements organisés par eux. La confrérie se dissout d’habitude à l’Epiphanie, Tout se passe suivant de vieux rites. Cette tradition, qui se trouve en voie de disparition dans beaucoup de contrées, offre des traits intéressants surtout dans la région Sud-Est de la Transylvanie (départements de Sibiu—Fägäras—T'ârnave). Les deux planches représentent: I. 1. La confrérie des jeunes hommes de Tilișca, dép. Sibiu, en 1936. 2. L’acquisition des provisions par les membres de la même confrérie. IT. x. La confrérie des jeunes hommes de Boholt, dép. Făgăraş, en 1935. 2. » » » » » Gusu, dep. Sibiu, fête le maître d’école du village. 3. Chefs de la méme confrérie invitant les jeunes filles du village a préparer les mets pour les repas de la confrérie.","jeunes, confrerie, hommes, sibiu, noel","jeunes, confrerie, hommes, sibiu, noel","","","57","77","","ro","published","","seria-1","ingest/series1/issues/aaf-seria1-1939-vol-v/articles/003-tovarasiile-de-craciun-ale-feciorilor-romani-din-i-ardeal.pdf","","","","","","","","","",""
"200","9","Versuri populare în manuscrise ardelene vechi","Ion Breazu","","","","","","Pour se rendre compte du nombre des chansons populaires qui ont circulé avant le recuei] d’Anton Pann (1830) ou celui d’Alecsandri (1852) — con- sidérés d'habitude comme ayant eu un rôle capital dans l’eveil de Pinterât pour la litté- rature populaire chez les Roumains —, il faut avoir recours aux vieux manuscrits, encore insuffisamment explorés 4 ce point de vue. C'est ce que fait l’auteur en reproduisant une série de chansons populaires découvertes dans des manuscrits transylvains du XVIII-e et de la première moitié du XIX-e siècle. La majorité sont des chants d’en- terrement ou des chants qui se rattachent à certaines fêtes de l’année; les auteurs de ces vers sont des chantres d’église ou des moines. Mais il y a aussi quelques chansons d’origine laique, qui ont un caractére folklorique plus marqué. Il est utile de connaitre ces chansons, tant pour se faire une idée de leur circulation dans le temps et dans Pes- pace, que pour l’étude de certains thèmes de la littérature populaire et du folklore roumain.","cântece, populare, popular, manuscrise, chants","chansons, populaires, populaire, manuscrits, chants","","","79","110","","ro","published","","seria-1","ingest/series1/issues/aaf-seria1-1939-vol-v/articles/004-versuri-populare-in-manuscrise-ardelene-vechi.pdf","","","","","","","","","",""
"201","9","Folklor delà Moţii din Scărişoara","Emil Petrovici","","","","","","On a plusieurs fois prétendu ces derniers temps que le folklore manque presque totalement chez les habitants roumains de la région transylvaine, connue sous le nom de « Munţii Apuseni ». L’auteur prouve, par le présent recueil et par l’etude qui le précède, combien riches sont les matériaux qu'on peut trouver chez les Motzi, même dans un délai très court (quelques jours) si on sait comment il faut s’y prendre. Toujours dans l’intro- duction, on trouve une foule de détails peu connus concernant la vie de cette intéres- sante race des Motzi. Les textes collectionnés par 12 informateurs, dans le même village, comprennent des matériaux relatifs aux cérémonies périodiques et aux coutumes con- cernant la vie du berceau à la tombe, des chansons, noëls, contes, devinettes, chants d’enterrement, incantations et pratiques magiques. Ces textes offrent en outre un inté- rêt tout spécial par la langue présentant la particularité du rhotacisme, que l’on parle dans la région. C’est pourquoi l’auteur lui consacre une petite étude (voir aussi le glos- saire (p. 169—175). Très précieuses sont aussi les riches informations concernant la nomenclature et la technique de la fabrication des seaux et des baquets en bois: occupation principale des hommes. La plupart des planches illustrent d’ailleurs ce métier. Elles représentent: I. 1. Église et cimetière du hameau Gârda-de-Sus. 2. « Sulife » (lances) posées sur les tombeaux. II. 1. Maison des « Motzi » avec chambre de provision et remise. 2. Paysage du pays des « Motzi ». 3. Transport des baquets (à dos de cheval) de la montagne à la remise. 4. Remise du cabaretier de Gârda-de-Sus. III. 1—4. Les différentes étapes de la fabrication des seaux et des baquets. IV. ı. Une autre étape de la fabrication des objets en bois. 2—4. Vieux costumes en cours de disparition. Bibliographie du folklore roumain (années 1936-37) {p. 177—212). Rapport sur l’activité de l'Archive de Folklore de l’Académie Roumaine pour les années 1937-38. Tableau des publications reçues en échange (p. 213—214). : 6179 ""45. 4.1939 ge ATL DD AI . ne à de tes.","motzi, fabrication, baquets, remise, regiune","motzi, fabrication, baquets, remise, region","","","111","176","","ro","published","","seria-1","ingest/series1/issues/aaf-seria1-1939-vol-v/articles/005-folklor-dela-motii-din-scarisoara.pdf","","","","","","","","","",""
"202","9","Bibliografia folklorului românesc pe anii 1936—1937","","","","","","","","bibliografia, folklorului, romanesc, anii","bibliografia, folklorului, romanesc, anii","","","177","212","","ro","published","","seria-1","ingest/series1/issues/aaf-seria1-1939-vol-v/articles/006-bibliografia-folklorului-romanesc-pe-anii-1936-1937.pdf","","","","","","","","","",""
"203","9","Raport anual (1937-38)","","","","","","","","raport, anual","raport, anual","","","213","","","ro","published","","seria-1","ingest/series1/issues/aaf-seria1-1939-vol-v/articles/007-raport-anual-1937-38.pdf","","","","","","","","","",""
"204","9","Résumé des articles","","","","","","","","rezumat, articole","resume, articles","","","219","224","","ro","published","","seria-1","ingest/series1/issues/aaf-seria1-1939-vol-v/articles/008-resume-des-articles.pdf","","","","","","","","","",""
"205","10","Prefaţă","Ion Muşlea","","","","","","","prefata","prefata","","","1","4","","ro","published","","seria-1","ingest/series1/issues/aaf-seria1-1942-vol-vi/articles/001-prefata.pdf","","","","","","","","","",""
"206","10","Versuri contemporane despre răscoala lui Horea","Prodan","","","","","","Les vers de | cette époque relatifs à la révolte et découverts jusqu’ici en manuscrits ou dans diverses publications sont nombreux. La plupart sont d'origine hongroise (écrits en langue: magyare ou en latin), mais il n’en manque pas non plus de roumains. Les poésies hon- groises relévent de la littérature savante: ce sont surtout des descriptions et des récits rimés des événements ou des souffrances de la classe noble, et elles expriment sans exception des sentiments hostiles 4 la révolte. Les poésies roumaines sont, les unes populaires, transmises oralement et favorables 4 la révolte, les autres littéraires et hos- tiles. Une partie de ces derniéres semblent méme représenter des essais hongrois en langue roumaine. On remarquera les vers conservés sous le titre de Carmina Valachica Horae et Kloskae, oeuvre littéraire roumaine devenue populaire par la suite.","revolte, limbă, poezii, epoque, relatifs","revolte, langue, poesies, epoque, relatifs","","","5","42","","ro","published","","seria-1","ingest/series1/issues/aaf-seria1-1942-vol-vi/articles/002-versuri-contemporane-despre-rascoala-lui-horea.pdf","","","","","","","","","",""
"207","10","Pasărea-suflet C^jD^","Vgh . Pavelescu","","","","","","","pasarea, suflet","pasarea, suflet","","","","","","ro","published","","seria-1","ingest/series1/issues/aaf-seria1-1942-vol-vi/articles/003-pasarea-suflet-c-jd.pdf","","","","","","","","","",""
"208","10","Note de folklor delà Românii Valea Mlavei (Sârbia)","Emilpetrovici","","","","","","Dans la Serbie orientale, entre le Timoc, le Danube et la Morava, vit une population roumaine d’environ 300.000 âmes. Dans la vallée du Danube et du Timoc, c’est-à-dire à l'extrémité est de la Serbie, dans la région appelée Craina, le folklore roumain — de méme que les parlers et le costume — présente des ressem- blances avec celui de l’Olténie (extrémité ouest de la Valachie). Dans le reste du terri- toire habité par des Roumains, par conséquent dans la vallée de la Mlava aussi, on constate des ressemblances avec le sud du Banat. Dans le village de Jdrela, situé 4 la 424 limite occidentale du territoire habité par des masses compactes de Roumains — plus à l'ouest, jusqu'à la Morava, les villages roumains sont dispersés parmi des villages serbes — , le folklore poétique roumain semble avoir disparu. En revanche, les for mules d'incantation se sont très bien conservées. O n a donné, en gardant les particularités les plus saillantes du parler local, quelques informations •— fournies par des sujets ori ginaires de Jdrela — sur les pratiques magiques, les incantations, les coutumes que l'on pratique à des dates fixes, ou bien à la naissance d'un enfant, aux noces, à l'enter"" rement, etc. U n choix de textes et un glossaire termine l'article.","serbie, timoc, danube, morava, vallee","serbie, timoc, danube, morava, vallee","","","43","76","","ro","published","","seria-1","ingest/series1/issues/aaf-seria1-1942-vol-vi/articles/004-note-de-folklor-dela-romanii-valea-mlavei-sarbia.pdf","","","","","","","","","",""
"209","10","O familie de povestitori din Iurceni (Basarabia)","P . V. Ştefănucă","","","","","","Entre les années 1871 et 1907, les étudiants de l'Académie de théologie de Sibiu, groupés autour de la revue manuscrite « Musa » •— qui tenait lieu en quelque sorte d'organe pour leur Société de lecture «Andrei Şa- guna » — développèrent une intense activité dans le domaine du folklore. L'impul sion première, dans cet ordre de préoccupations, leur était venue pour une part de leurs professeurs, mais aussi des exemples qu'ils rencontraient à chaque instant dans les périodiques transylvains ou d'outre - Carpathes. L a mise en lumière de cette acti vité est de grande importance, si l'on songe que, du moins pour la période en question, la plupart des collecteurs de folklore sont de modestes intellectuels de village: prêtres et instituteurs. En annexe on trouvera la bibliographie folklorique de la revue « Musa ».","revue, musa, annees, etudiants, theologie","revue, musa, annees, etudiants, theologie","","","77","100","","ro","published","","seria-1","ingest/series1/issues/aaf-seria1-1942-vol-vi/articles/005-o-familie-de-povestitori-din-iurceni-basarabia.pdf","","","","","","","","","",""
"210","10","Preocupările folklorice ale teologilor sibieni în anii 1871—1907","Ion Mărcuş","","","","","","","preocuparile, folklorice, teologilor, sibieni, anii","preocuparile, folklorice, teologilor, sibieni, anii","","","101","122","","ro","published","","seria-1","ingest/series1/issues/aaf-seria1-1942-vol-vi/articles/006-preocuparile-folklorice-ale-teologilor-sibieni-in-anii-1871-1907.pdf","","","","","","","","","",""
"211","10","Cercetări folklorice în Ugocea românească","Vasilescurtu","","","","","","Conformément à un plan déjà ancien, l'Ar chive a char l'auteur d'étudier, en 1940, un autre point extrême de l'aire de popu lation rou* -aine, à la frontière nord-ouest du pays (cf. la carte à la page 125). Cette région et sa population ressemblent beaucoup à la région voisine à l'est (« Ţara Oaşului » ou Pays d'Oaş, étudié dans l'Annuaire I, pp. 117—237); elle possède pourtant un cer tain ensemble de caractères propres. Une introduction copieuse donne l'historique de la région et présente les villages, le type physique, le costume, le caractère des habi tants et leur niveau de civilisation; après quoi vient l'étude du folklore. Les 507 textes ont été recueillis dans 6 des 7 villages roumains de la région et comprennent des maté riaux relatifs aux cérémonies périodiques et aux coutumes concernant la vie du ber.- ceau à la tombe, des ballades, des chansons, noëls, contes, devinettes, chants d enter rement, incantations et pratiques magiques. L e parler de la région présente aussi de l'intérêt; l'auteur lui consacre également quelques pages (voir aussi le glossaire, pp. 293— 300). Sur la première planche (fig. 1 et 2) : bénédiction des paniers pleins d'aliments apportés à l'église le jour de Pâques. Sur les autres planches: types, costumes et danses des villages étudiés.","regiune, sate, pays, presente, conformement","region, villages, pays, presente, conformement","","","123","300","","ro","published","","seria-1","ingest/series1/issues/aaf-seria1-1942-vol-vi/articles/007-cercetari-folklorice-in-ugocea-romaneasca.pdf","","","","","","","","","",""
"212","10","Un manuscris cu Irozi al lui Picu Pătruţ","Elisabeta Nanu","","","","","","L'auteur a découvert un interesant manuscrit d'un écrivain 42; 3 populaire transylvain connu, Pieu Pătruţ (sur une autre oeuvre de celui-ci, voir A n nuaire IV, pp. 13—29). Il s'agit cette fois de trois rédactions, datées de 1837—38, des « Irozi » (Mages) dqnnés en entier dans l'annexe. L'auteur décrit la manière de tra vailler de l'écrivain populaire et cherche à établir des rapprochements avec d'autres versions des « Irozi ». Il croit que, pour les rédactions en question, Pătruţ serait parti d'une version olténienne. La planche représente deux pages du manuscrit, dont une ;avec un dessin de la Nativité de N . S., oeuvre de l'auteur populaire lui-même.","popular, manuscris, ecrivain, patrut, oeuvre","populaire, manuscrit, ecrivain, patrut, oeuvre","","","301","328","","ro","published","","seria-1","ingest/series1/issues/aaf-seria1-1942-vol-vi/articles/008-un-manuscris-cu-irozi-al-lui-picu-patrut.pdf","","","","","","","","","",""
"213","10","Folklor delà Românii din Sârbia","Ion Pătruţ","","","","","","L'Archive a chargé l'au teur de faire, en mai 1941, une enquête parmi les prisonniers d'origine roumaine de l'armée yougoslave, se trouvant dans les camps voisins de Timişoara, et de recueillir parmi eux des matériaux de folklore. La récolte a dépassé toute attente, aussi bien pour le nombre , e pour la variété des textes—lesquels n'ont d'ailleurs pas pu être pu bliés en entier. A noter qu'ils ont été recueillis surtout parmi les prisonniers provenant des ' gions éloignées du Danube (voir la carte de la page 44). (Touchant les Rou- mai Serbie, voir également ce qui est dit plus haut, dans le résumé de l'article Petr ] 5 98 textes se trouvent représentés tous les genres de productions popu laire dlade, la chanson, les devinettes, les contes, les coutumes magiques et les inc? s. Très nombreuses sont ces dernières, de même que les informations rela tivi naissance, aux noces, à la mort, et aux fêtes de l'année. L'auteur a étudié aussi le yparler de ces Roumains (voir le glossaire, pp. 379—384). Bibliographie du folklore roumain (année 1938), pp. 385—422. /.","parmi, voir, prisonniers, textes, annee","parmi, voir, prisonniers, textes, annee","","","329","384","","ro","published","","seria-1","ingest/series1/issues/aaf-seria1-1942-vol-vi/articles/009-folklor-dela-romanii-din-sarbia.pdf","","","","","","","","","",""
"214","10","Bibliografia folklorului românesc pe anul 1938","","","","","","","","bibliografia, folklorului, romanesc, anul","bibliografia, folklorului, romanesc, anul","","","385","","","ro","published","","seria-1","ingest/series1/issues/aaf-seria1-1942-vol-vi/articles/010-bibliografia-folklorului-romanesc-pe-anul-1938.pdf","","","","","","","","","",""
"215","10","Résumé des articles","","","","","","","","rezumat, articole","resume, articles","","","430","437","","ro","published","","seria-1","ingest/series1/issues/aaf-seria1-1942-vol-vi/articles/011-resume-des-articles.pdf","","","","","","","","","",""
"216","11","Prefață","Ion Mușlea","","","","","","Brève biographie du grand savant, mort à Londres en 1939, e\ liste de ses travaux folkloriques (p. 4—6). L'auteur de la notice commente les 12 lettres reçues de Gaster entre 1893 et 1937, lettres qu'il donne in extenso. Elles témoignent du vif intérêt et de l'amour que Gaster éprouva pour le folklore roumain, jusque dans les dermlères années d'un âge avancé. TATIANA GÄLUSCÄ, ./Mocanii"". Un jeu dramatique des Roumains de Dobroudja (p. 12—33). Vers te milieu du siècle dernier, de nombreux Roumains du Sud-Est de la Transylvanie se sont établis en Dobroudja avec leurs troupeaux de moutons ; ils sont connus sous le nom de „Mocani"". Isolés dans leurs bergeries („târle""), menant une vie simple, dure et pleine de dangers, leur seul divertissement était, lors des grandes fêtes de Noël, du Jour de l'An ou de la Saint-Georges, la représentation d'un jeu dra- matique, inspiré de leur genre de vie et portant leur nom. L'auteur a eu la chance de surprendre, en 1937, une des dernières représentations de cette pièce dans un village du département de Tulcea. Trois ans plus tard, elle a procédé à sa reconstitution. Le thème de la pièce est simple : les moutons d'une bergerie s'égarent par suite du manque de surveillance des bergers et des chiens, et sont poursuivis par le loup. Les bergers aprerment la chose et, dans leur affliction, chantent un chant de tristesse. Plus tard, ils retrouvent le troupeau, se réjouissent, dansent eit chantent. L'auteur donne des détails attestant cette coutume ou le souvenir qui en persiste dans divers villages des départements de Tulcea et de Constantza, et elle décifit le processus de disparition de cet usage. Les planches de la p. 24 reproduisent quatre scènes de la reconstitution de la pièce. Deux scènes représentent l'arrivée des Mocani devant une maison où ils veulent jouer la pièce (I, 1 et 2); les autres représentent le moment ou les bergers apprennent la perte du troupeau (II, 1), puis, où ils se réjouissent d'avoir retrouvé les moutons (II, 2). L'âne, le loup, les chiens et les moutons sont figurés par des enfants recouverts de peaux de moutons. À la page 17 sont reproduits les deux airs les plus importants joués au cours de ce jeu dramatique.","moutons, piece, păstori, lettres, gaster","moutons, piece, bergers, lettres, gaster","","","5","8","","ro","published","","seria-1","ingest/series1/issues/aaf-seria1-1945-vol-vii/articles/001-prefata.pdf","","","","","","","","","",""
"217","11","M. Gaster şi folkiorul românesc","Artur Gorovei","","","","","","","gaster, folkiorul, romanesc","gaster, folkiorul, romanesc","","","","","","ro","published","","seria-1","ingest/series1/issues/aaf-seria1-1945-vol-vii/articles/002-m-gaster-si-folkiorul-romanesc.pdf","","","","","","","","","",""
"218","11","""Mocanii"". Un. joc dramatic al Românilor din Dobrogea","Tatiana Găluşcă","","","","","","","mocanii, dramatic, romanilor, dobrogea","mocanii, dramatic, romanilor, dobrogea","","","12","34","","ro","published","","seria-1","ingest/series1/issues/aaf-seria1-1945-vol-vii/articles/003-mocanii-un-joc-dramatic-al-romanilor-din-dobrogea.pdf","","","","","","","","","",""
"219","11","Cercetări folklorice în Sudul judefului Bihor .'","G H . Pavelescu","","","","","","Conformément à un plan déjà ancien, l'Archive a chargé l'auteur d'étu- dier, en 1940, une petite région intéressante du sud du dép. de Bihor (cf. la carte, p. 34). Une riche introduction donne le tableau ethnographique de la région et nous présente les occupations, l'habitation, le vêtement, la nourriture et le caractère moral des habitants; après quoi vient l'étude du folklore. Les 216 textes comprennent des matériaux relatifs aux cérémonies périodiques et aux coutumes concernant la vie du berceau à la tombe, des ballades, des chansons, noëls, devinettes, incantations, pra- tiques magiques et contes. Le parler de la région présente aussi de l'intérêt (voir le glossaire, p. 120—122). i 200 | BIBLIOGRAFIA FOLKLORULUI ROMÂNESC Sur ies planches (p. 48): vues sur les villages de Poiana et Vărzari, sglise en bois “de Petroasa; vieille paysanne ; maison et grange de la region.","regiune, presente, conformement, plan, deja","region, presente, conformement, plan, deja","","","35","122","","ro","published","","seria-1","ingest/series1/issues/aaf-seria1-1945-vol-vii/articles/004-cercetari-folklorice-in-sudul-judefului-bihor.pdf","","","","","","","","","",""
"220","11","""Din activitatea mea de folklorist""","Enea Hodoş","","","","","","C'est une intéressante réponse au questionnaire adressé par l'Archive aux plus notables folklo- ristes de l'ancienne génération. L'article apporte des renseignements précieux sur la maniére dont les matériaux étaient recueillis et publies, il y a 40 ou 50 ans, ainsi que des souvenirs sur les folkloristes disparus. ION.","interessante, reponse, questionnaire, adresse, notables","interessante, reponse, questionnaire, adresse, notables","","","123","127","","ro","published","ARTICOLE MĂRUNTE","seria-1","ingest/series1/issues/aaf-seria1-1945-vol-vii/articles/005-din-activitatea-mea-de-folklorist.pdf","","","","","","","","","",""
"221","11","Practice magice şi denumirea lor în circularele epis- copeşti şi protopopeşti delà începutul veacului trecut","Ion Muşlea","","","","","","L'auteur a trouvé dans le registre d'une paroisse du dép. de Brasov, plusieurs circulaires interdisant la pré- sence des prêtres lors de l’exhumation des cadavres de prétendus revenants, etc. On y trouve aussi la qualification de ,croyance vaine"" ou „superstitieuse”.","trouve, registre, paroisse, brasov, plusieurs","trouve, registre, paroisse, brasov, plusieurs","","","128","129","","ro","published","ARTICOLE MĂRUNTE","seria-1","ingest/series1/issues/aaf-seria1-1945-vol-vii/articles/006-practice-magice-si-denumirea-lor-in-circularele-epis-copesti-si-protopopesti-dela-inceputul-veacului-trecut.pdf","","","","","","","","","",""
"222","11","Despre ""pasărea — suflet""","G H . Pavelescu","","","","","","Le manuscrit comprend des ‘chants et des ballades interessantes, du début du siècle dernier, otés par un élève d'école normale, Dimitrie Ardelean. Treize textes sont reproduits in extenso. - : Bibliographie du folklore roumain (années 1939—1943) (p. 140—198). QUE | San ae, - - > m’ s* >a 3, 7 5) nm!","manuscris, comprend, chants, ballades, interessantes","manuscrit, comprend, chants, ballades, interessantes","","","130","130","","ro","published","ARTICOLE MĂRUNTE","seria-1","ingest/series1/issues/aaf-seria1-1945-vol-vii/articles/007-despre-pasarea-suflet.pdf","","","","","","","","","",""
"223","11","Poezii populare într'un manuscris ardelean din 1831","Romulus Todoran","","","","","","","poezii, populare, intr, manuscris, ardelean","poezii, populare, intr, manuscris, ardelean","","","131","139","","ro","published","ARTICOLE MĂRUNTE","seria-1","ingest/series1/issues/aaf-seria1-1945-vol-vii/articles/008-poezii-populare-intr-un-manuscris-ardelean-din-1831.pdf","","","","","","","","","",""
"224","11","Bibliografia folklorului românesc pe anii 1939—1943","","","","","","","","bibliografia, folklorului, romanesc, anii","bibliografia, folklorului, romanesc, anii","","","140","","","ro","published","ARTICOLE MĂRUNTE","seria-1","ingest/series1/issues/aaf-seria1-1945-vol-vii/articles/009-bibliografia-folklorului-romanesc-pe-anii-1939-1943.pdf","","","","","","","","","",""
"225","11","Résumé des articles","","","","","","","","rezumat, articole","resume, articles","","","199","211","","ro","published","","seria-1","ingest/series1/issues/aaf-seria1-1945-vol-vii/articles/010-resume-des-articles.pdf","","","","","","","","","",""
"226","12","Prefață","Ion Cuceu","","","","","","","","","","","9","10","","ro","published","","seria-2","ingest/series2/issues/aaf-seria2-1996-1998-vol-xv-xvii/articles/001-prefata.pdf","","","","","","","","","",""
"227","12","Cultură orală și informație transculturală","Sabina Ispas","","","","","","","","","","","11","26","","ro","published","STUDII","seria-2","ingest/series2/issues/aaf-seria2-1996-1998-vol-xv-xvii/articles/002-cultura-orala-si-informatie-transculturala.pdf","","","","","","","","","",""
"228","12","Testamentul științific al lui Constantin Brăiloiu","Romeo Ghircoiașiu","","","","","","","","","","","27","36","","ro","published","STUDII","seria-2","ingest/series2/issues/aaf-seria2-1996-1998-vol-xv-xvii/articles/003-testamentul-stiintific-al-lui-constantin-brailoiu.pdf","","","","","","","","","",""
"229","12","Le four mobile — image du monde","M. Mesnil, A. Popova","","","","","","","","","","","37","56","","ro","published","STUDII","seria-2","ingest/series2/issues/aaf-seria2-1996-1998-vol-xv-xvii/articles/004-le-four-mobile-image-du-monde.pdf","","","","","","","","","",""
"230","12","Lupul între realitate si reprezentare într-o arie apenninică destinată ca parc național","Cristina Papa","","","","","","","","","","","57","66","","ro","published","STUDII","seria-2","ingest/series2/issues/aaf-seria2-1996-1998-vol-xv-xvii/articles/005-lupul-intre-realitate-si-reprezentare-intr-o-arie-apenninica-destinata-ca-parc-national.pdf","","","","","","","","","",""
"231","12","symbole folklorique","Dumitru Pop, La Coupe du Félibrige","","","","","","","","","","","67","86","","ro","published","STUDII","seria-2","ingest/series2/issues/aaf-seria2-1996-1998-vol-xv-xvii/articles/006-symbole-folklorique.pdf","","","","","","","","","",""
"232","12","Dragonul — metaforă a lumii exterioare (Interferențe folclorice româno-bulgare)","Lilia Cosma-Hanganu","","","","","","","","","","","87","94","","ro","published","STUDII","seria-2","ingest/series2/issues/aaf-seria2-1996-1998-vol-xv-xvii/articles/007-dragonul-metafora-a-lumii-exterioare-interferente-folclorice-romano-bulgare.pdf","","","","","","","","","",""
"233","12","Leul la porțile mitologiei și colindului românesc","Alexandru Filipașcu","","","","","","","","","","","95","106","","ro","published","STUDII","seria-2","ingest/series2/issues/aaf-seria2-1996-1998-vol-xv-xvii/articles/008-leul-la-portile-mitologiei-si-colindului-romanesc.pdf","","","","","","","","","",""
"234","12","Genii sau spirite ale grâului și ultimele spice","Maria Cuceu","","","","","","","","","","","107","132","","ro","published","STUDII","seria-2","ingest/series2/issues/aaf-seria2-1996-1998-vol-xv-xvii/articles/009-genii-sau-spirite-ale-graului-si-ultimele-spice.pdf","","","","","","","","","",""
"235","12","Gesta lui Roman și Vlahata","Ovidiu Pecican","","","","","","","","","","","133","156","","ro","published","STUDII","seria-2","ingest/series2/issues/aaf-seria2-1996-1998-vol-xv-xvii/articles/010-gesta-lui-roman-si-vlahata.pdf","","","","","","","","","",""
"236","12","Geneza complexului riturilor de trecere","Andrei Hâncu","","","","","","","","","","","157","180","","ro","published","STUDII","seria-2","ingest/series2/issues/aaf-seria2-1996-1998-vol-xv-xvii/articles/011-geneza-complexului-riturilor-de-trecere.pdf","","","","","","","","","",""
"237","12","Tabu și metaforă — Între magic, ludic și estetic","Nicoleta Coatu","","","","","","","","","","","181","198","","ro","published","STUDII","seria-2","ingest/series2/issues/aaf-seria2-1996-1998-vol-xv-xvii/articles/012-tabu-si-metafora-intre-magic-ludic-si-estetic.pdf","","","","","","","","","",""
"238","12","Mitul în preocupările lui Lucian Blaga","I. Șeuleanu, E. Șerbu","","","","","","","","","","","199","202","","ro","published","STUDII","seria-2","ingest/series2/issues/aaf-seria2-1996-1998-vol-xv-xvii/articles/013-mitul-in-preocuparile-lui-lucian-blaga.pdf","","","","","","","","","",""
"239","12","D. Caracostea între folclor și antropologie","Ioana Bot","","","","","","","","","","","203","244","","ro","published","STUDII","seria-2","ingest/series2/issues/aaf-seria2-1996-1998-vol-xv-xvii/articles/014-d-caracostea-intre-folclor-si-antropologie.pdf","","","","","","","","","",""
"240","12","baza cercetărilor comparative","Gabriella Vöö, Arhetipul","","","","","","","","","","","245","250","","ro","published","STUDII","seria-2","ingest/series2/issues/aaf-seria2-1996-1998-vol-xv-xvii/articles/015-baza-cercetarilor-comparative.pdf","","","","","","","","","",""
"241","12","Repere socio-etnologice în studiul formelor de proprietate","Gheorghe Șișeștean","","","","","","","","","","","251","260","","ro","published","STUDII","seria-2","ingest/series2/issues/aaf-seria2-1996-1998-vol-xv-xvii/articles/016-repere-socio-etnologice-in-studiul-formelor-de-proprietate.pdf","","","","","","","","","",""
"242","12","Credințele și riturile de înmormântare în Evul Mediu românesc","Ion Chiș Șter","","","","","","","","","","","261","286","","ro","published","STUDII","seria-2","ingest/series2/issues/aaf-seria2-1996-1998-vol-xv-xvii/articles/017-credintele-si-riturile-de-inmormantare-in-evul-mediu-romanesc.pdf","","","","","","","","","",""
"243","12","Nășia — instituție a înrudirii spirituale în zona Codrului","Viorel Rogoz","","","","","","","","","","","287","292","","ro","published","STUDII","seria-2","ingest/series2/issues/aaf-seria2-1996-1998-vol-xv-xvii/articles/018-nasia-institutie-a-inrudirii-spirituale-in-zona-codrului.pdf","","","","","","","","","",""
"244","12","Practici magice augurale și de divinație în obiceiurile de naștere","Lucia Berdan","","","","","","","","","","","293","300","","ro","published","STUDII","seria-2","ingest/series2/issues/aaf-seria2-1996-1998-vol-xv-xvii/articles/019-practici-magice-augurale-si-de-divinatie-in-obiceiurile-de-nastere.pdf","","","","","","","","","",""
"245","12","Unele aspecte ale motivului „trecerii peste apă"" în folclorul românesc și maghiar","István Pál Demény","","","","","","","","","","","301","316","","ro","published","STUDII","seria-2","ingest/series2/issues/aaf-seria2-1996-1998-vol-xv-xvii/articles/020-unele-aspecte-ale-motivului-trecerii-peste-apa-in-folclorul-romanesc-si-maghiar.pdf","","","","","","","","","",""
"246","12","Interferențe: folclor — literatură","Dumitru Pop","","","","","","","","","","","317","326","","ro","published","STUDII","seria-2","ingest/series2/issues/aaf-seria2-1996-1998-vol-xv-xvii/articles/021-interferente-folclor-literatura.pdf","","","","","","","","","",""
"247","12","Ipostaze ale unui cântec popular din zona dintre Mureș și Târnava Mică","István Almási","","","","","","","","","","","327","340","","ro","published","STUDII","seria-2","ingest/series2/issues/aaf-seria2-1996-1998-vol-xv-xvii/articles/022-ipostaze-ale-unui-cantec-popular-din-zona-dintre-mures-si-tarnava-mica.pdf","","","","","","","","","",""
"248","12","Toaca — probleme de organologie","Constanța Cristescu","","","","","","","","","","","341","356","","ro","published","STUDII","seria-2","ingest/series2/issues/aaf-seria2-1996-1998-vol-xv-xvii/articles/023-toaca-probleme-de-organologie.pdf","","","","","","","","","",""
"249","12","la „Purtata"" dansée","Zamfir Dejeu, La „Purtata"" chantée","","","","","","","","","","","357","364","","ro","published","STUDII","seria-2","ingest/series2/issues/aaf-seria2-1996-1998-vol-xv-xvii/articles/024-la-purtata-dansee.pdf","","","","","","","","","",""
"250","12","Izvoare folclorice. Un manuscris inedit de la 1864","Dumitru Pop","","","","","","","","","","","365","382","","ro","published","MATERIALE ȘI CONTRIBUȚII LA ISTORIA ȘTIINȚELOR ETNOLOGICE","seria-2","ingest/series2/issues/aaf-seria2-1996-1998-vol-xv-xvii/articles/025-izvoare-folclorice-un-manuscris-inedit-de-la-1864.pdf","","","","","","","","","",""
"251","12","Colecția inedită de folclor a profesorului Teodor Murășanu. II","Nicolae Bot","","","","","","","","","","","383","430","","ro","published","MATERIALE ȘI CONTRIBUȚII LA ISTORIA ȘTIINȚELOR ETNOLOGICE","seria-2","ingest/series2/issues/aaf-seria2-1996-1998-vol-xv-xvii/articles/026-colectia-inedita-de-folclor-a-profesorului-teodor-murasanu-ii.pdf","","","","","","","","","",""
"252","12","Materiale etnografico-folclorice de arhivă, privind tradiția Caloianului și Paparudei la românii din Republica Moldova și Ucraina","Nicolae Băieșu","","","","","","","","","","","431","466","","ro","published","MATERIALE ȘI CONTRIBUȚII LA ISTORIA ȘTIINȚELOR ETNOLOGICE","seria-2","ingest/series2/issues/aaf-seria2-1996-1998-vol-xv-xvii/articles/027-materiale-etnografico-folclorice-de-arhiva-privind-traditia-caloianului-si-paparudei-la-romanii-din-republica-moldova-si.pdf","","","","","","","","","",""
"253","12","Contribuția publicațiilor transilvănene și bănățene la descrierea realității sociale — monografiile sătești","A. Negru, E. Pop","","","","","","","","","","","467","474","","ro","published","MATERIALE ȘI CONTRIBUȚII LA ISTORIA ȘTIINȚELOR ETNOLOGICE","seria-2","ingest/series2/issues/aaf-seria2-1996-1998-vol-xv-xvii/articles/028-contributia-publicatiilor-transilvanene-si-banatene-la-descrierea-realitatii-sociale-monografiile-satesti.pdf","","","","","","","","","",""
"254","12","Jurnal de editor (1963—1994)","Iordan Datcu","","","","","","","","","","","475","546","","ro","published","MATERIALE ȘI CONTRIBUȚII LA ISTORIA ȘTIINȚELOR ETNOLOGICE","seria-2","ingest/series2/issues/aaf-seria2-1996-1998-vol-xv-xvii/articles/029-jurnal-de-editor-19631994.pdf","","","","","","","","","",""
"255","12","Simion Mehedinți și polemica în jurul discursului de recepție al lui Duiliu Zamfirescu","Alexandru Dobre","","","","","","","","","","","547","558","","ro","published","MATERIALE ȘI CONTRIBUȚII LA ISTORIA ȘTIINȚELOR ETNOLOGICE","seria-2","ingest/series2/issues/aaf-seria2-1996-1998-vol-xv-xvii/articles/030-simion-mehedinti-si-polemica-in-jurul-discursului-de-receptie-al-lui-duiliu-zamfirescu.pdf","","","","","","","","","",""
"256","12","Ion Pop-Reteganul. După 90 de ani","Virgiliu Florea","","","","","","","","","","","559","566","","ro","published","MATERIALE ȘI CONTRIBUȚII LA ISTORIA ȘTIINȚELOR ETNOLOGICE","seria-2","ingest/series2/issues/aaf-seria2-1996-1998-vol-xv-xvii/articles/031-ion-pop-reteganul-dupa-90-de-ani.pdf","","","","","","","","","",""
"257","12","Perspectives on Contemporary Legend","Nicolae Constantinescu","","","","","","","","","","","567","569","","ro","published","ALTERNATIVA","seria-2","ingest/series2/issues/aaf-seria2-1996-1998-vol-xv-xvii/articles/032-perspectives-on-contemporary-legend.pdf","","","","","","","","","",""
"258","12","Understanding Cultural Anthropology and the Related Notions of Culture","Enikő Magyari Vincze","","","","","","","","","","","570","575","","ro","published","ALTERNATIVA","seria-2","ingest/series2/issues/aaf-seria2-1996-1998-vol-xv-xvii/articles/033-understanding-cultural-anthropology-and-the-related-notions-of-culture.pdf","","","","","","","","","",""
"259","12","Élection de Maire — Alegere de primar","Silvia Ciubotaru","","","","","","","","","","","576","581","","ro","published","ALTERNATIVA","seria-2","ingest/series2/issues/aaf-seria2-1996-1998-vol-xv-xvii/articles/034-election-de-maire-alegere-de-primar.pdf","","","","","","","","","",""
"260","12","Un nou pas în cunoașterea mitologiei scandinave","N. Constantinescu","","","","","","","","","","","582","586","","ro","published","ALTERNATIVA","seria-2","ingest/series2/issues/aaf-seria2-1996-1998-vol-xv-xvii/articles/035-un-nou-pas-in-cunoasterea-mitologiei-scandinave.pdf","","","","","","","","","",""
"261","12","Deus Otiosus","Cristina Pop","","","","","","","","","","","587","593","","ro","published","ALTERNATIVA","seria-2","ingest/series2/issues/aaf-seria2-1996-1998-vol-xv-xvii/articles/036-deus-otiosus.pdf","","","","","","","","","",""
"262","12","Revolta împotriva Etnografiei","Enikő Demény","","","","","","","","","","","594","597","","ro","published","ALTERNATIVA","seria-2","ingest/series2/issues/aaf-seria2-1996-1998-vol-xv-xvii/articles/037-revolta-impotriva-etnografiei.pdf","","","","","","","","","",""
"263","12","Înțelegerea și receptarea spațiului în mentalul și imaginarul popular","Alina Branda","","","","","","","","","","","598","607","","ro","published","ALTERNATIVA","seria-2","ingest/series2/issues/aaf-seria2-1996-1998-vol-xv-xvii/articles/038-intelegerea-si-receptarea-spatiului-in-mentalul-si-imaginarul-popular.pdf","","","","","","","","","",""
"264","12","Jung și Kerényi despre arhetipuri","Laura Vanesik","","","","","","","","","","","608","610","","ro","published","ALTERNATIVA","seria-2","ingest/series2/issues/aaf-seria2-1996-1998-vol-xv-xvii/articles/039-jung-si-kerenyi-despre-arhetipuri.pdf","","","","","","","","","",""
"265","12","Miturile anticilor sub lupa cercetării contemporane","Lionel D. Roșca","","","","","","","","","","","611","613","","ro","published","ALTERNATIVA","seria-2","ingest/series2/issues/aaf-seria2-1996-1998-vol-xv-xvii/articles/040-miturile-anticilor-sub-lupa-cercetarii-contemporane.pdf","","","","","","","","","",""
"266","12","Publicația Centrului de Tradiții Culturale și Limba din Sheffild (Marea Britanie)","Romulus Oșianu","","","","","","","","","","","614","620","","ro","published","ALTERNATIVA","seria-2","ingest/series2/issues/aaf-seria2-1996-1998-vol-xv-xvii/articles/041-publicatia-centrului-de-traditii-culturale-si-limba-din-sheffild-marea-britanie.pdf","","","","","","","","","",""
"267","12","Spre o istorie orală a comunismului","Eugenia Bîrlea","","","","","","","","","","","621","623","","ro","published","ALTERNATIVA","seria-2","ingest/series2/issues/aaf-seria2-1996-1998-vol-xv-xvii/articles/042-spre-o-istorie-orala-a-comunismului.pdf","","","","","","","","","",""
"268","12","Un model hermeneutic","Bogdan Neagota","","","","","","","","","","","624","625","","ro","published","ALTERNATIVA","seria-2","ingest/series2/issues/aaf-seria2-1996-1998-vol-xv-xvii/articles/043-un-model-hermeneutic.pdf","","","","","","","","","",""
"269","12","Un dialog despre muzica populară românească","S. Layman, I. Șeuleanu","","","","","","","","","","","626","630","","ro","published","ALTERNATIVA","seria-2","ingest/series2/issues/aaf-seria2-1996-1998-vol-xv-xvii/articles/044-un-dialog-despre-muzica-populara-romaneasca.pdf","","","","","","","","","",""
"270","12","Revista maghiară „Replika""","Enikő Demény","","","","","","","","","","","631","634","","ro","published","ALTERNATIVA","seria-2","ingest/series2/issues/aaf-seria2-1996-1998-vol-xv-xvii/articles/045-revista-maghiara-replika.pdf","","","","","","","","","",""
"271","12","Tipuri melodice ale cântecelor de nuntă din Transilvania","L. Iștoc, E. Hlinca Drăgan","","","","","","","","","","","635","688","","ro","published","SISTEMATICĂ TIPOLOGICĂ","seria-2","ingest/series2/issues/aaf-seria2-1996-1998-vol-xv-xvii/articles/046-tipuri-melodice-ale-cantecelor-de-nunta-din-transilvania.pdf","","","","","","","","","",""
"272","12","Corpusul Folclorului Românesc. Destinul unei idei II","Ion Cuceu","","","","","","","","","","","689","716","","ro","published","SISTEMATICĂ TIPOLOGICĂ","seria-2","ingest/series2/issues/aaf-seria2-1996-1998-vol-xv-xvii/articles/047-corpusul-folclorului-romanesc-destinul-unei-idei-ii.pdf","","","","","","","","","",""
"273","12","Antologia liricii populare românești a lui Lucian Blaga și destinul ei","Ion Taloș","","","","","","","","","","","717","728","","ro","published","ANIVERSARĂ","seria-2","ingest/series2/issues/aaf-seria2-1996-1998-vol-xv-xvii/articles/048-antologia-liricii-populare-romanesti-a-lui-lucian-blaga-si-destinul-ei.pdf","","","","","","","","","",""
"274","12","Tudor Pamfile — 75","ani de la moarte (Virgiliu Florea)","","","","","","","","","","","729","730","","ro","published","IN MEMORIAM","seria-2","ingest/series2/issues/aaf-seria2-1996-1998-vol-xv-xvii/articles/049-tudor-pamfile-75.pdf","","","","","","","","","",""
"275","12","Prietenul meu Alexandru Ciplea, folclorist","Alexandru Borza","","","","","","","","","","","731","734","","ro","published","IN MEMORIAM","seria-2","ingest/series2/issues/aaf-seria2-1996-1998-vol-xv-xvii/articles/050-prietenul-meu-alexandru-ciplea-folclorist.pdf","","","","","","","","","",""
"276","12","Vasile Crețu, (1938—1989)","Otilia Hedișan","","","","","","","","","","","735","740","","ro","published","IN MEMORIAM","seria-2","ingest/series2/issues/aaf-seria2-1996-1998-vol-xv-xvii/articles/051-vasile-cretu-19381989.pdf","","","","","","","","","",""
"277","12","Petru Munteanu (1902—1993)","Gh. Pavelescu","","","","","","","","","","","741","744","","ro","published","IN MEMORIAM","seria-2","ingest/series2/issues/aaf-seria2-1996-1998-vol-xv-xvii/articles/052-petru-munteanu-19021993.pdf","","","","","","","","","",""
"278","12","Károly Kós (1919—1996)","Klára Gazda","","","","","","","","","","","745","748","","ro","published","IN MEMORIAM","seria-2","ingest/series2/issues/aaf-seria2-1996-1998-vol-xv-xvii/articles/053-karoly-kos-19191996.pdf","","","","","","","","","",""
"279","12","Romulus Oșianu (1940—1996)","Ioan Toșa","","","","","","","","","","","749","750","","ro","published","IN MEMORIAM","seria-2","ingest/series2/issues/aaf-seria2-1996-1998-vol-xv-xvii/articles/054-romulus-osianu-19401996.pdf","","","","","","","","","",""
"280","12","Românii și modernitatea ca o catastrofă","Gabriel Troc","","","","","","","","","","","751","751","","ro","published","NOTE","seria-2","ingest/series2/issues/aaf-seria2-1996-1998-vol-xv-xvii/articles/055-romanii-si-modernitatea-ca-o-catastrofa.pdf","","","","","","","","","",""
"281","12","Etnografia Basarabiei și Bucovinei. Cronologie selectivă","Iordan Datcu","","","","","","","","","","","752","762","","ro","published","NOTE","seria-2","ingest/series2/issues/aaf-seria2-1996-1998-vol-xv-xvii/articles/056-etnografia-basarabiei-si-bucovinei-cronologie-selectiva.pdf","","","","","","","","","",""
"282","12","45 de ani de la înființarea Institutului de Etnografie și Folclor „C. Brăiloiu"" din București","Iordan Datcu","","","","","","","","","","","763","763","","ro","published","NOTE","seria-2","ingest/series2/issues/aaf-seria2-1996-1998-vol-xv-xvii/articles/057-45-de-ani-de-la-infiintarea-institutului-de-etnografie-si-folclor-c-brailoiu-din-bucuresti.pdf","","","","","","","","","",""
"283","12","Landlerii — o enclavă lingvistică, în altă enclavă","Hanni Markel","","","","","","","","","","","764","766","","ro","published","NOTE","seria-2","ingest/series2/issues/aaf-seria2-1996-1998-vol-xv-xvii/articles/058-landlerii-o-enclava-lingvistica-in-alta-enclava.pdf","","","","","","","","","",""
"284","12","Cărțile unor antropologi români la Paris","Iordan Datcu","","","","","","","","","","","767","767","","ro","published","NOTE","seria-2","ingest/series2/issues/aaf-seria2-1996-1998-vol-xv-xvii/articles/059-cartile-unor-antropologi-romani-la-paris.pdf","","","","","","","","","",""
"285","12","„Lares"", în schimbul „Anuarului Arhivei de Folclor""","Monica Leheny","","","","","","","","","","","768","769","","ro","published","NOTE","seria-2","ingest/series2/issues/aaf-seria2-1996-1998-vol-xv-xvii/articles/060-lares-in-schimbul-anuarului-arhivei-de-folclor.pdf","","","","","","","","","",""
"286","12","Un cărturar mureșan, Aurel Filimon, într-o arhivă londoneză","V. Florea","","","","","","","","","","","770","770","","ro","published","NOTE","seria-2","ingest/series2/issues/aaf-seria2-1996-1998-vol-xv-xvii/articles/061-un-carturar-muresan-aurel-filimon-intr-o-arhiva-londoneza.pdf","","","","","","","","","",""
"287","12","De vorbă cu Domnul Ion Cuceu, Directorul Institutului „Arhiva de Folclor a Academiei Române""","Ion Maxim Danciu","","","","","","","","","","","771","774","","ro","published","NOTE","seria-2","ingest/series2/issues/aaf-seria2-1996-1998-vol-xv-xvii/articles/062-de-vorba-cu-domnul-ion-cuceu-directorul-institutului-arhiva-de-folclor-a-academiei-romane.pdf","","","","","","","","","",""
"288","12","Memoria documentului folcloric","Ion Șeuleanu","","","","","","","","","","","775","776","","ro","published","NOTE","seria-2","ingest/series2/issues/aaf-seria2-1996-1998-vol-xv-xvii/articles/063-memoria-documentului-folcloric.pdf","","","","","","","","","",""
"289","12","Probleme de folclor la Congresul slaviștilor","O. Vințeler","","","","","","","","","","","777","778","","ro","published","NOTE","seria-2","ingest/series2/issues/aaf-seria2-1996-1998-vol-xv-xvii/articles/064-probleme-de-folclor-la-congresul-slavistilor.pdf","","","","","","","","","",""
"290","12","Anca Giurchescu, Sunni Bloland, Romanian Traditional Dance. California, 1995","Mihai Pătrașcu","","","","","","","","","","","779","780","","ro","published","RECENZII","seria-2","ingest/series2/issues/aaf-seria2-1996-1998-vol-xv-xvii/articles/065-anca-giurchescu-sunni-bloland-romanian-traditional-dance-california-1995.pdf","","","","","","","","","",""
"291","12","Ion Șeuleanu, Dincoace de sacru, dincolo de profan. Tg. Mureș, 1991","Laura Top","","","","","","","","","","","781","781","","ro","published","RECENZII","seria-2","ingest/series2/issues/aaf-seria2-1996-1998-vol-xv-xvii/articles/066-ion-seuleanu-dincoace-de-sacru-dincolo-de-profan-tg-mures-1991.pdf","","","","","","","","","",""
"292","12","Andrei Hâncu, Probleme de geneză a creației poetice populare moldovenești. Chișinău, 1991","Stela Ouș","","","","","","","","","","","782","783","","ro","published","RECENZII","seria-2","ingest/series2/issues/aaf-seria2-1996-1998-vol-xv-xvii/articles/067-andrei-hancu-probleme-de-geneza-a-creatiei-poetice-populare-moldovenesti-chisinau-1991.pdf","","","","","","","","","",""
"293","12","Alexandru Voevidca, Cântece populare din Bucovina. București, 1990","Zamfir Dejeu","","","","","","","","","","","784","786","","ro","published","RECENZII","seria-2","ingest/series2/issues/aaf-seria2-1996-1998-vol-xv-xvii/articles/068-alexandru-voevidca-cantece-populare-din-bucovina-bucuresti-1990.pdf","","","","","","","","","",""
"294","12","Efim Junghietu, A. Furtună, Folclor păstoresc. Chișinău, 1991","Olga Ciobanu","","","","","","","","","","","787","788","","ro","published","RECENZII","seria-2","ingest/series2/issues/aaf-seria2-1996-1998-vol-xv-xvii/articles/069-efim-junghietu-a-furtuna-folclor-pastoresc-chisinau-1991.pdf","","","","","","","","","",""
"295","12","Mihai Bălăianu, Ilie Constantinescu, Cântece bătrânești și doine. București, 1994","Iordan Datcu","","","","","","","","","","","789","789","","ro","published","RECENZII","seria-2","ingest/series2/issues/aaf-seria2-1996-1998-vol-xv-xvii/articles/070-mihai-balaianu-ilie-constantinescu-cantece-batranesti-si-doine-bucuresti-1994.pdf","","","","","","","","","",""
"296","12","A. Gh. Olteanu, Folclor și literatură cultă. Brașov, 1994","Iordan Datcu","","","","","","","","","","","789","789","","ro","published","RECENZII","seria-2","ingest/series2/issues/aaf-seria2-1996-1998-vol-xv-xvii/articles/071-a-gh-olteanu-folclor-si-literatura-culta-brasov-1994.pdf","","","","","","","","","",""
"297","12","Teresia B. Tătaru, Terminologia botanică creștină la poporul român. Augsburg, 1993","Anamaria Petrean","","","","","","","","","","","790","791","","ro","published","RECENZII","seria-2","ingest/series2/issues/aaf-seria2-1996-1998-vol-xv-xvii/articles/072-teresia-b-tataru-terminologia-botanica-crestina-la-poporul-roman-augsburg-1993.pdf","","","","","","","","","",""
"298","12","Dan Octavian Cepraga, Graiurile Domnului. Cluj-Napoca, 1995","Ion Cuceu","","","","","","","","","","","792","792","","ro","published","RECENZII","seria-2","ingest/series2/issues/aaf-seria2-1996-1998-vol-xv-xvii/articles/073-dan-octavian-cepraga-graiurile-domnului-cluj-napoca-1995.pdf","","","","","","","","","",""
"299","12","D. D. Stancu, Pe deal la Teleormănel. V. București, 1994","Iordan Datcu","","","","","","","","","","","792","793","","ro","published","RECENZII","seria-2","ingest/series2/issues/aaf-seria2-1996-1998-vol-xv-xvii/articles/074-d-d-stancu-pe-deal-la-teleormanel-v-bucuresti-1994.pdf","","","","","","","","","",""
"300","12","Ion Moanță, Cântece de stea. La Nașterea Domnului Nostru Iisus Hristos. București, 1995","Iordan Datcu","","","","","","","","","","","794","794","","ro","published","RECENZII","seria-2","ingest/series2/issues/aaf-seria2-1996-1998-vol-xv-xvii/articles/075-ion-moanta-cantece-de-stea-la-nasterea-domnului-nostru-iisus-hristos-bucuresti-1995.pdf","","","","","","","","","",""
"301","12","Anton Rațiu, Românii de la Est de Bug. București, 1994","Iordan Datcu","","","","","","","","","","","794","795","","ro","published","RECENZII","seria-2","ingest/series2/issues/aaf-seria2-1996-1998-vol-xv-xvii/articles/076-anton-ratiu-romanii-de-la-est-de-bug-bucuresti-1994.pdf","","","","","","","","","",""
"302","12","Toma Pavel, Mirajul lingvistic, eseu asupra modernizării intelectuale. București, 1993","Daniela Vartic","","","","","","","","","","","796","796","","ro","published","RECENZII","seria-2","ingest/series2/issues/aaf-seria2-1996-1998-vol-xv-xvii/articles/077-toma-pavel-mirajul-lingvistic-eseu-asupra-modernizarii-intelectuale-bucuresti-1993.pdf","","","","","","","","","",""
"303","12","Arnold Van Gennep, Riturile de trecere. Iași, 1996","Oana Năvodaru","","","","","","","","","","","797","797","","ro","published","RECENZII","seria-2","ingest/series2/issues/aaf-seria2-1996-1998-vol-xv-xvii/articles/078-arnold-van-gennep-riturile-de-trecere-iasi-1996.pdf","","","","","","","","","",""
"304","12","Klaus Heitmann, Imaginea românilor în spațiul lingvistic german. București, 1995","Eugenia Bîrlea","","","","","","","","","","","798","800","","ro","published","RECENZII","seria-2","ingest/series2/issues/aaf-seria2-1996-1998-vol-xv-xvii/articles/079-klaus-heitmann-imaginea-romanilor-in-spatiul-lingvistic-german-bucuresti-1995.pdf","","","","","","","","","",""
"305","12","Maria Jesus Ruiz Fernandez, El romancero tradicional de Jerez. Jerez, 1991","Ion Taloș","","","","","","","","","","","801","801","","ro","published","RECENZII","seria-2","ingest/series2/issues/aaf-seria2-1996-1998-vol-xv-xvii/articles/080-maria-jesus-ruiz-fernandez-el-romancero-tradicional-de-jerez-jerez-1991.pdf","","","","","","","","","",""
"306","12","Dorothe Schubarth e Antón Santamarina, Concioniero Popular Galega. VI Galicia Editorial, 1993","Ion Taloș","","","","","","","","","","","802","803","","ro","published","RECENZII","seria-2","ingest/series2/issues/aaf-seria2-1996-1998-vol-xv-xvii/articles/081-dorothe-schubarth-e-anton-santamarina-concioniero-popular-galega-vi-galicia-editorial-1993.pdf","","","","","","","","","",""
"307","12","Günter Noll (ed.), Musikalische Volkskultur und die politische Macht. Essen, 1994","Hanni Markel","","","","","","","","","","","804","805","","ro","published","RECENZII","seria-2","ingest/series2/issues/aaf-seria2-1996-1998-vol-xv-xvii/articles/082-gunter-noll-ed-musikalische-volkskultur-und-die-politische-macht-essen-1994.pdf","","","","","","","","","",""
"308","12","Carl Gustav Jung, In lumea arhetipurilor. București, 1994","Sidonia Nedeianu","","","","","","","","","","","806","807","","ro","published","RECENZII","seria-2","ingest/series2/issues/aaf-seria2-1996-1998-vol-xv-xvii/articles/083-carl-gustav-jung-in-lumea-arhetipurilor-bucuresti-1994.pdf","","","","","","","","","",""
"309","12","Carlo Ginzburg, Istorie nocturnă. Iași, 1996","Bogdan Neagota","","","","","","","","","","","808","811","","ro","published","RECENZII","seria-2","ingest/series2/issues/aaf-seria2-1996-1998-vol-xv-xvii/articles/084-carlo-ginzburg-istorie-nocturna-iasi-1996.pdf","","","","","","","","","",""
"310","12","Lorenz Homberger, Die Kunst der Dogon, Zürich, 1995","Livia Bot","","","","","","","","","","","812","812","","ro","published","RECENZII","seria-2","ingest/series2/issues/aaf-seria2-1996-1998-vol-xv-xvii/articles/085-lorenz-homberger-die-kunst-der-dogon-zurich-1995.pdf","","","","","","","","","",""
"311","12","Heinrich Zimmer, Mituri și simboluri în civilizația indiană. București, 1994","Iordan Datcu","","","","","","","","","","","812","813","","ro","published","RECENZII","seria-2","ingest/series2/issues/aaf-seria2-1996-1998-vol-xv-xvii/articles/086-heinrich-zimmer-mituri-si-simboluri-in-civilizatia-indiana-bucuresti-1994.pdf","","","","","","","","","",""
"312","12","Georges Dumézil, Le Roman des Jumeaux et autres essais. Paris, 1995","Livia Bot","","","","","","","","","","","814","814","","ro","published","RECENZII","seria-2","ingest/series2/issues/aaf-seria2-1996-1998-vol-xv-xvii/articles/087-georges-dumezil-le-roman-des-jumeaux-et-autres-essais-paris-1995.pdf","","","","","","","","","",""
"313","12","Jean Chevalier, Alain Gheerbrant, Dicționar de simboluri. I—III, București, 1994—1995","Iordan Datcu","","","","","","","","","","","815","815","","ro","published","RECENZII","seria-2","ingest/series2/issues/aaf-seria2-1996-1998-vol-xv-xvii/articles/088-jean-chevalier-alain-gheerbrant-dictionar-de-simboluri-iiii-bucuresti-19941995.pdf","","","","","","","","","",""
"314","12","Paul Henri Stahl, Les communaux: essai de clasification, in „Anamnèses. Cahiers de maieutique"", 1991","","","","","","","","","","","","815","815","","ro","published","RECENZII","seria-2","ingest/series2/issues/aaf-seria2-1996-1998-vol-xv-xvii/articles/089-paul-henri-stahl-les-communaux-essai-de-clasification-in-anamneses-cahiers-de-maieutique-1991.pdf","","","","","","","","","",""
"315","12","S. Corina Bille, Maurice Chappaz, Edmond et René-Pierre Bille, L'Aventure de Chandolin. Sierre, 1994","Livia Bot","","","","","","","","","","","816","817","","ro","published","RECENZII","seria-2","ingest/series2/issues/aaf-seria2-1996-1998-vol-xv-xvii/articles/090-s-corina-bille-maurice-chappaz-edmond-et-rene-pierre-bille-laventure-de-chandolin-sierre-1994.pdf","","","","","","","","","",""
"316","12","Michel de Certeau, L'invention du quotidien. Paris, 1990","Livia Bot","","","","","","","","","","","818","818","","ro","published","RECENZII","seria-2","ingest/series2/issues/aaf-seria2-1996-1998-vol-xv-xvii/articles/091-michel-de-certeau-linvention-du-quotidien-paris-1990.pdf","","","","","","","","","",""
"317","12","Heinrich Zimmer, Regele și cadavrul. [București], 1994","Patricia Mihulecea","","","","","","","","","","","819","819","","ro","published","RECENZII","seria-2","ingest/series2/issues/aaf-seria2-1996-1998-vol-xv-xvii/articles/092-heinrich-zimmer-regele-si-cadavrul-bucuresti-1994.pdf","","","","","","","","","",""
"318","12","Maurice Chappaz, Lötschental secret. Sierre, 1995","Livia Bot","","","","","","","","","","","820","821","","ro","published","RECENZII","seria-2","ingest/series2/issues/aaf-seria2-1996-1998-vol-xv-xvii/articles/093-maurice-chappaz-lotschental-secret-sierre-1995.pdf","","","","","","","","","",""
"319","12","Cristina Papa, Antropologia e storia dell'alimentazione. Il Pane. Perugia, 1992","Ion Șeuleanu","","","","","","","","","","","822","823","","ro","published","RECENZII","seria-2","ingest/series2/issues/aaf-seria2-1996-1998-vol-xv-xvii/articles/094-cristina-papa-antropologia-e-storia-dellalimentazione-il-pane-perugia-1992.pdf","","","","","","","","","",""
"320","12","Ugo Fabietti, Storia dell'Antropologia. Bologna, 1991","Anamaria Petrean","","","","","","","","","","","824","824","","ro","published","RECENZII","seria-2","ingest/series2/issues/aaf-seria2-1996-1998-vol-xv-xvii/articles/095-ugo-fabietti-storia-dellantropologia-bologna-1991.pdf","","","","","","","","","",""
"321","12","Mary Douglas, Purezza e pericole. Bologna, 1993","Laura Top","","","","","","","","","","","825","826","","ro","published","RECENZII","seria-2","ingest/series2/issues/aaf-seria2-1996-1998-vol-xv-xvii/articles/096-mary-douglas-purezza-e-pericole-bologna-1993.pdf","","","","","","","","","",""
"322","12","Marvin Harris, La nostra specie. Milano, 1991","Dan Brie","","","","","","","","","","","827","833","","ro","published","RECENZII","seria-2","ingest/series2/issues/aaf-seria2-1996-1998-vol-xv-xvii/articles/097-marvin-harris-la-nostra-specie-milano-1991.pdf","","","","","","","","","",""
"323","13","Prefață","Ion Cuceu","","","","","","","","","","","9","10","","ro","published","","seria-2","ingest/series2/issues/aaf-seria2-1994-1995-vol-xii-xiv/articles/001-prefata.pdf","","","","","","","","","",""
"324","13","Revista „Șezătoarea"" — 100 de ani de la apariție","Ion Șeuleanu","","","","","","","","","","","11","18","","ro","published","","seria-2","ingest/series2/issues/aaf-seria2-1994-1995-vol-xii-xiv/articles/002-revista-sezatoarea-100-de-ani-de-la-aparitie.pdf","","","","","","","","","",""
"325","13","Aspecte metodologice ale etnologiei europene","Marianne Mesnil","","","","","","","","","","","19","26","","ro","published","STUDII","seria-2","ingest/series2/issues/aaf-seria2-1994-1995-vol-xii-xiv/articles/003-aspecte-metodologice-ale-etnologiei-europene.pdf","","","","","","","","","",""
"326","13","Un studiu inedit al lui Ilarion Cocișiu","Tiberiu Alexandru","","","","","","","","","","","27","36","","ro","published","STUDII","seria-2","ingest/series2/issues/aaf-seria2-1994-1995-vol-xii-xiv/articles/004-un-studiu-inedit-al-lui-ilarion-cocisiu.pdf","","","","","","","","","",""
"327","13","Despre dialectul muzical ardelean","Ilarion Cocișiu","","","","","","","","","","","37","142","","ro","published","STUDII","seria-2","ingest/series2/issues/aaf-seria2-1994-1995-vol-xii-xiv/articles/005-despre-dialectul-muzical-ardelean.pdf","","","","","","","","","",""
"328","13","Cel mai vechi descântec românesc?","Romulus Todoran","","","","","","","","","","","143","146","","ro","published","STUDII","seria-2","ingest/series2/issues/aaf-seria2-1994-1995-vol-xii-xiv/articles/006-cel-mai-vechi-descantec-romanesc.pdf","","","","","","","","","",""
"329","13","Eros-polemos. Comentarii asupra unei balade","Sabina Ispas","","","","","","","","","","","147","158","","ro","published","STUDII","seria-2","ingest/series2/issues/aaf-seria2-1994-1995-vol-xii-xiv/articles/007-eros-polemos-comentarii-asupra-unei-balade.pdf","","","","","","","","","",""
"330","13","Trăsăturile muzicale ale țăpuriturilor din Oaș","Ilona Szenik","","","","","","","","","","","159","184","","ro","published","STUDII","seria-2","ingest/series2/issues/aaf-seria2-1994-1995-vol-xii-xiv/articles/008-trasaturile-muzicale-ale-tapuriturilor-din-oas.pdf","","","","","","","","","",""
"331","13","simbol cultural. Aspecte ale antropozoomorfismului solar: capul solarizat","Nicoleta Coatu, Soarele","","","","","","","","","","","185","196","","ro","published","STUDII","seria-2","ingest/series2/issues/aaf-seria2-1994-1995-vol-xii-xiv/articles/009-simbol-cultural-aspecte-ale-antropozoomorfismului-solar-capul-solarizat.pdf","","","","","","","","","",""
"332","13","Universul floral în legenda populară românească","Mihai Al. Canciovici","","","","","","","","","","","197","204","","ro","published","STUDII","seria-2","ingest/series2/issues/aaf-seria2-1994-1995-vol-xii-xiv/articles/010-universul-floral-in-legenda-populara-romaneasca.pdf","","","","","","","","","",""
"333","13","Balada „Corbul și Vântul"". Contribuție la cunoașterea epicii mitologice românești","István Pál Demény","","","","","","","","","","","205","216","","ro","published","STUDII","seria-2","ingest/series2/issues/aaf-seria2-1994-1995-vol-xii-xiv/articles/011-balada-corbul-si-vantul-contributie-la-cunoasterea-epicii-mitologice-romanesti.pdf","","","","","","","","","",""
"334","13","Cununa la seceriș. Contribuții privind structura ritualului","Maria Cuceu","","","","","","","","","","","217","228","","ro","published","STUDII","seria-2","ingest/series2/issues/aaf-seria2-1994-1995-vol-xii-xiv/articles/012-cununa-la-seceris-contributii-privind-structura-ritualului.pdf","","","","","","","","","",""
"335","13","Făt-Frumos din Lacrimă și fratele său de cruce","Ioana Bot","","","","","","","","","","","229","234","","ro","published","STUDII","seria-2","ingest/series2/issues/aaf-seria2-1994-1995-vol-xii-xiv/articles/013-fat-frumos-din-lacrima-si-fratele-sau-de-cruce.pdf","","","","","","","","","",""
"336","13","Ceremonialul nunții în comuna Mozăceni—Argeș","Ion Cruceană","","","","","","","","","","","235","246","","ro","published","STUDII","seria-2","ingest/series2/issues/aaf-seria2-1994-1995-vol-xii-xiv/articles/014-ceremonialul-nuntii-in-comuna-mozaceniarges.pdf","","","","","","","","","",""
"337","13","Feciorește-românește — un dans distinct din zona Huedin—Cluj","Zamfir Dejeu","","","","","","","","","","","247","256","","ro","published","STUDII","seria-2","ingest/series2/issues/aaf-seria2-1994-1995-vol-xii-xiv/articles/015-fecioreste-romaneste-un-dans-distinct-din-zona-huedincluj.pdf","","","","","","","","","",""
"338","13","Căsătoria în contextul mentalității arhaice","Viorel Rogoz","","","","","","","","","","","257","264","","ro","published","STUDII","seria-2","ingest/series2/issues/aaf-seria2-1994-1995-vol-xii-xiv/articles/016-casatoria-in-contextul-mentalitatii-arhaice.pdf","","","","","","","","","",""
"339","13","centru de cercetare a culturii populare românești","Dumitru Pop, Clujul","","","","","","","","","","","265","298","","ro","published","CONTRIBUȚII DE ISTORIE A FOLCLORISTICII ȘI ETNOGRAFIE","seria-2","ingest/series2/issues/aaf-seria2-1994-1995-vol-xii-xiv/articles/017-centru-de-cercetare-a-culturii-populare-romanesti.pdf","","","","","","","","","",""
"340","13","Folcloriști și etnografi. Pagini de dicționar","Iordan Datcu","","","","","","","","","","","299","326","","ro","published","CONTRIBUȚII DE ISTORIE A FOLCLORISTICII ȘI ETNOGRAFIE","seria-2","ingest/series2/issues/aaf-seria2-1994-1995-vol-xii-xiv/articles/018-folcloristi-si-etnografi-pagini-de-dictionar.pdf","","","","","","","","","",""
"341","13","Un nou document al colaborării dintre Béla Bartók și Constantin Brăiloiu","Francisc László","","","","","","","","","","","327","332","","ro","published","CONTRIBUȚII DE ISTORIE A FOLCLORISTICII ȘI ETNOGRAFIE","seria-2","ingest/series2/issues/aaf-seria2-1994-1995-vol-xii-xiv/articles/019-un-nou-document-al-colaborarii-dintre-bela-bartok-si-constantin-brailoiu.pdf","","","","","","","","","",""
"342","13","Colecția inedită de folclor a profesorului Teodor Murășanu","Nicolae Bot","","","","","","","","","","","333","342","","ro","published","CONTRIBUȚII DE ISTORIE A FOLCLORISTICII ȘI ETNOGRAFIE","seria-2","ingest/series2/issues/aaf-seria2-1994-1995-vol-xii-xiv/articles/020-colectia-inedita-de-folclor-a-profesorului-teodor-murasanu.pdf","","","","","","","","","",""
"343","13","Însemnătatea cercetărilor făcute în Transilvania de László Lajtha","István Almási","","","","","","","","","","","343","350","","ro","published","CONTRIBUȚII DE ISTORIE A FOLCLORISTICII ȘI ETNOGRAFIE","seria-2","ingest/series2/issues/aaf-seria2-1994-1995-vol-xii-xiv/articles/021-insemnatatea-cercetarilor-facute-in-transilvania-de-laszlo-lajtha.pdf","","","","","","","","","",""
"344","13","în Anglia, a studiilor de folclor românesc","Virgiliu Florea, Agnes Murgoci — o animatoare","","","","","","","","","","","351","368","","ro","published","CONTRIBUȚII DE ISTORIE A FOLCLORISTICII ȘI ETNOGRAFIE","seria-2","ingest/series2/issues/aaf-seria2-1994-1995-vol-xii-xiv/articles/022-in-anglia-a-studiilor-de-folclor-romanesc.pdf","","","","","","","","","",""
"345","13","Interesul profesorului Alexandru Borza pentru cultura populară","Dumitru Pop","","","","","","","","","","","369","378","","ro","published","CONTRIBUȚII DE ISTORIE A FOLCLORISTICII ȘI ETNOGRAFIE","seria-2","ingest/series2/issues/aaf-seria2-1994-1995-vol-xii-xiv/articles/023-interesul-profesorului-alexandru-borza-pentru-cultura-populara.pdf","","","","","","","","","",""
"346","13","Tipuri melodice ale cântecului de cunună la seceriș","Lucia Iștoc, Elena Hlinca-Drăgan","","","","","","","","","","","379","404","","ro","published","SISTEMATICĂ TIPOLOGICĂ","seria-2","ingest/series2/issues/aaf-seria2-1994-1995-vol-xii-xiv/articles/024-tipuri-melodice-ale-cantecului-de-cununa-la-seceris.pdf","","","","","","","","","",""
"347","13","Corpusul Folclorului Românesc. Destinul unei idei","Ion Cuceu","","","","","","","","","","","405","422","","ro","published","SISTEMATICĂ TIPOLOGICĂ","seria-2","ingest/series2/issues/aaf-seria2-1994-1995-vol-xii-xiv/articles/025-corpusul-folclorului-romanesc-destinul-unei-idei.pdf","","","","","","","","","",""
"348","13","Valer Butură (1910—1989)","Nicolae Bot","","","","","","","","","","","423","425","","ro","published","IN MEMORIAM","seria-2","ingest/series2/issues/aaf-seria2-1994-1995-vol-xii-xiv/articles/026-valer-butura-19101989.pdf","","","","","","","","","",""
"349","13","Sabina C. Stroescu (1912—1989)","Iordan Datcu","","","","","","","","","","","426","428","","ro","published","IN MEMORIAM","seria-2","ingest/series2/issues/aaf-seria2-1994-1995-vol-xii-xiv/articles/027-sabina-c-stroescu-19121989.pdf","","","","","","","","","",""
"350","13","Ovidiu Bîrlea (1917—1990)","Ion Cuceu","","","","","","","","","","","429","432","","ro","published","IN MEMORIAM","seria-2","ingest/series2/issues/aaf-seria2-1994-1995-vol-xii-xiv/articles/028-ovidiu-birlea-19171990.pdf","","","","","","","","","",""
"351","13","Gheorghe Vrabie (1908—1991)","Ion Cuceu","","","","","","","","","","","433","435","","ro","published","IN MEMORIAM","seria-2","ingest/series2/issues/aaf-seria2-1994-1995-vol-xii-xiv/articles/029-gheorghe-vrabie-19081991.pdf","","","","","","","","","",""
"352","13","Henri H. Stahl (1901—1991)","Ion Șeuleanu","","","","","","","","","","","436","438","","ro","published","IN MEMORIAM","seria-2","ingest/series2/issues/aaf-seria2-1994-1995-vol-xii-xiv/articles/030-henri-h-stahl-19011991.pdf","","","","","","","","","",""
"353","13","Ingeborg Weber-Kellermann (1918—1993)","Hans Friedrich Foltin","","","","","","","","","","","439","439","","ro","published","IN MEMORIAM","seria-2","ingest/series2/issues/aaf-seria2-1994-1995-vol-xii-xiv/articles/031-ingeborg-weber-kellermann-19181993.pdf","","","","","","","","","",""
"354","13","Viorica Pascu (1922—1993)","Maria Bocșe","","","","","","","","","","","440","442","","ro","published","IN MEMORIAM","seria-2","ingest/series2/issues/aaf-seria2-1994-1995-vol-xii-xiv/articles/032-viorica-pascu-19221993.pdf","","","","","","","","","",""
"355","13","„Revista de Etnografie și Folclor"" la 38 de ani de existență","D. Pop","","","","","","","","","","","443","444","","ro","published","NOTE","seria-2","ingest/series2/issues/aaf-seria2-1994-1995-vol-xii-xiv/articles/033-revista-de-etnografie-si-folclor-la-38-de-ani-de-existenta.pdf","","","","","","","","","",""
"356","13","Profesorul Paul H. Stahl","I. Datcu","","","","","","","","","","","445","446","","ro","published","NOTE","seria-2","ingest/series2/issues/aaf-seria2-1994-1995-vol-xii-xiv/articles/034-profesorul-paul-h-stahl.pdf","","","","","","","","","",""
"357","13","Profesorul Paul H. Stahl și colecția „Sociétés européennes""","D. Pop","","","","","","","","","","","447","448","","ro","published","NOTE","seria-2","ingest/series2/issues/aaf-seria2-1994-1995-vol-xii-xiv/articles/035-profesorul-paul-h-stahl-si-colectia-societes-europeennes.pdf","","","","","","","","","",""
"358","13","Preliminarii la culegerea de muzică populară românească a lui Zoltán Kodály","Fr. László","","","","","","","","","","","449","450","","ro","published","NOTE","seria-2","ingest/series2/issues/aaf-seria2-1994-1995-vol-xii-xiv/articles/036-preliminarii-la-culegerea-de-muzica-populara-romaneasca-a-lui-zoltan-kodaly.pdf","","","","","","","","","",""
"359","13","Sensul tradiției","V. Zvanciuc","","","","","","","","","","","451","453","","ro","published","NOTE","seria-2","ingest/series2/issues/aaf-seria2-1994-1995-vol-xii-xiv/articles/037-sensul-traditiei.pdf","","","","","","","","","",""
"360","13","Proverbul — document de limbă și istorie românească (Al. Stanciulescu-Bîrda) .","","","","","","","","","","","","454","456","","ro","published","NOTE","seria-2","ingest/series2/issues/aaf-seria2-1994-1995-vol-xii-xiv/articles/038-proverbul-document-de-limba-si-istorie-romaneasca-al-stanciulescu-birda.pdf","","","","","","","","","",""
"361","13","Sistemul Bartók","István Almási","","","","","","","","","","","457","460","","ro","published","NOTE","seria-2","ingest/series2/issues/aaf-seria2-1994-1995-vol-xii-xiv/articles/039-sistemul-bartok.pdf","","","","","","","","","",""
"362","13","Convergențe spirituale. Spre tărâmurile unei ecologii culturale (Ana P. Fabian) .","","","","","","","","","","","","461","461","","ro","published","NOTE","seria-2","ingest/series2/issues/aaf-seria2-1994-1995-vol-xii-xiv/articles/040-convergente-spirituale-spre-taramurile-unei-ecologii-culturale-ana-p-fabian.pdf","","","","","","","","","",""
"363","13","Ediție completă a repertoriului popular cântat de sași","H. Markel","","","","","","","","","","","462","464","","ro","published","NOTE","seria-2","ingest/series2/issues/aaf-seria2-1994-1995-vol-xii-xiv/articles/041-editie-completa-a-repertoriului-popular-cantat-de-sasi.pdf","","","","","","","","","",""
"364","13","Traian Gherman în scrisori către Gheorghe Vrabie","I. Datcu","","","","","","","","","","","465","468","","ro","published","NOTE","seria-2","ingest/series2/issues/aaf-seria2-1994-1995-vol-xii-xiv/articles/042-traian-gherman-in-scrisori-catre-gheorghe-vrabie.pdf","","","","","","","","","",""
"365","13","Cercetarea etnografică a naționalităților","H. Markel","","","","","","","","","","","469","470","","ro","published","NOTE","seria-2","ingest/series2/issues/aaf-seria2-1994-1995-vol-xii-xiv/articles/043-cercetarea-etnografica-a-nationalitatilor.pdf","","","","","","","","","",""
"366","13","O impunătoare sursă documentară în studierea mitologiei românești (V. Tihan) .","","","","","","","","","","","","471","472","","ro","published","NOTE","seria-2","ingest/series2/issues/aaf-seria2-1994-1995-vol-xii-xiv/articles/044-o-impunatoare-sursa-documentara-in-studierea-mitologiei-romanesti-v-tihan.pdf","","","","","","","","","",""
"367","13","Ceasul slab","P. Mureșan","","","","","","","","","","","473","474","","ro","published","NOTE","seria-2","ingest/series2/issues/aaf-seria2-1994-1995-vol-xii-xiv/articles/045-ceasul-slab.pdf","","","","","","","","","",""
"368","13","Ion Mușlea despre „titlul de glorie"" al lui Artur Gorovei","I. Datcu","","","","","","","","","","","475","475","","ro","published","NOTE","seria-2","ingest/series2/issues/aaf-seria2-1994-1995-vol-xii-xiv/articles/046-ion-muslea-despre-titlul-de-glorie-al-lui-artur-gorovei.pdf","","","","","","","","","",""
"369","13","Opera inedită a lui Ion Pop Reteganul","I. Datcu","","","","","","","","","","","476","476","","ro","published","NOTE","seria-2","ingest/series2/issues/aaf-seria2-1994-1995-vol-xii-xiv/articles/047-opera-inedita-a-lui-ion-pop-reteganul.pdf","","","","","","","","","",""
"370","13","I. G. Sbiera către M. Gaster","V. Florea","","","","","","","","","","","477","477","","ro","published","NOTE","seria-2","ingest/series2/issues/aaf-seria2-1994-1995-vol-xii-xiv/articles/048-i-g-sbiera-catre-m-gaster.pdf","","","","","","","","","",""
"371","13","O pagină din istoria editării cărții de folclor și etnografie","I. Datcu","","","","","","","","","","","478","478","","ro","published","NOTE","seria-2","ingest/series2/issues/aaf-seria2-1994-1995-vol-xii-xiv/articles/049-o-pagina-din-istoria-editarii-cartii-de-folclor-si-etnografie.pdf","","","","","","","","","",""
"372","13","O nouă ediție din opera lui Gorovei","Nicolae Băieșu","","","","","","","","","","","479","481","","ro","published","NOTE","seria-2","ingest/series2/issues/aaf-seria2-1994-1995-vol-xii-xiv/articles/050-o-noua-editie-din-opera-lui-gorovei.pdf","","","","","","","","","",""
"373","13","Gh. Vrabie și valorificarea estetică a literaturii populare","I. Datcu","","","","","","","","","","","482","482","","ro","published","NOTE","seria-2","ingest/series2/issues/aaf-seria2-1994-1995-vol-xii-xiv/articles/051-gh-vrabie-si-valorificarea-estetica-a-literaturii-populare.pdf","","","","","","","","","",""
"374","13","Proverbe românești din Basarabia și echivalente rusești","E. Roșcovan","","","","","","","","","","","483","484","","ro","published","NOTE","seria-2","ingest/series2/issues/aaf-seria2-1994-1995-vol-xii-xiv/articles/052-proverbe-romanesti-din-basarabia-si-echivalente-rusesti.pdf","","","","","","","","","",""
"375","13","Identitate și etnicitate","H. Markel","","","","","","","","","","","485","486","","ro","published","NOTE","seria-2","ingest/series2/issues/aaf-seria2-1994-1995-vol-xii-xiv/articles/053-identitate-si-etnicitate.pdf","","","","","","","","","",""
"376","13","Alexei Mateevici și creația populară din Basarabia","Iordan Datcu","","","","","","","","","","","487","488","","ro","published","NOTE","seria-2","ingest/series2/issues/aaf-seria2-1994-1995-vol-xii-xiv/articles/054-alexei-mateevici-si-creatia-populara-din-basarabia.pdf","","","","","","","","","",""
"377","13","Documentul folcloric într-o istorie nouă a Țărilor Romîne","N. Constantinescu","","","","","","","","","","","489","582","","ro","published","NOTE","seria-2","ingest/series2/issues/aaf-seria2-1994-1995-vol-xii-xiv/articles/055-documentul-folcloric-intr-o-istorie-noua-a-tarilor-romine.pdf","","","","","","","","","",""
"378","14","Cultura populară și viața modernă","Dumitru Pop","","","","","","","","","","","11","18","","ro","published","","seria-2","ingest/series2/issues/aaf-seria2-1990-1993-vol-viii-xi/articles/001-cultura-populara-si-viata-moderna.pdf","","","","","","","","","",""
"379","14","Mircea Eliade — exeget al folclorului românesc arhaic","Gheorghe Pavelescu","","","","","","","","","","","19","38","","ro","published","STUDII","seria-2","ingest/series2/issues/aaf-seria2-1990-1993-vol-viii-xi/articles/002-mircea-eliade-exeget-al-folclorului-romanesc-arhaic.pdf","","","","","","","","","",""
"380","14","Istoria religiilor și culturile „populare"". Trad. de Ioana Bot","Mircea Eliade","","","","","","","","","","","39","58","","ro","published","STUDII","seria-2","ingest/series2/issues/aaf-seria2-1990-1993-vol-viii-xi/articles/003-istoria-religiilor-si-culturile-populare-trad-de-ioana-bot.pdf","","","","","","","","","",""
"381","14","Procesele de constituire a discursului mitologic. Cîteva considerații","Mihai Coman","","","","","","","","","","","59","80","","ro","published","STUDII","seria-2","ingest/series2/issues/aaf-seria2-1990-1993-vol-viii-xi/articles/004-procesele-de-constituire-a-discursului-mitologic-citeva-consideratii.pdf","","","","","","","","","",""
"382","14","Deschideri metodologice în cercetarea literaturii și culturii orale","Ion Șeuleanu","","","","","","","","","","","81","86","","ro","published","STUDII","seria-2","ingest/series2/issues/aaf-seria2-1990-1993-vol-viii-xi/articles/005-deschideri-metodologice-in-cercetarea-literaturii-si-culturii-orale.pdf","","","","","","","","","",""
"383","14","Istorie și folclor. Evenimentul politic în istoria folclorului","Dumitru Pop","","","","","","","","","","","87","96","","ro","published","STUDII","seria-2","ingest/series2/issues/aaf-seria2-1990-1993-vol-viii-xi/articles/006-istorie-si-folclor-evenimentul-politic-in-istoria-folclorului.pdf","","","","","","","","","",""
"384","14","Un corpus al basmelor românești despre animale","Ion Cuceu, Maria Cuceu","","","","","","","","","","","97","122","","ro","published","STUDII","seria-2","ingest/series2/issues/aaf-seria2-1990-1993-vol-viii-xi/articles/007-un-corpus-al-basmelor-romanesti-despre-animale.pdf","","","","","","","","","",""
"385","14","Celebra polemică D. Caracostea — P. Caraman pe tema „Cîntecului Gerului"". Contribuții documentare","Iordan Datcu","","","","","","","","","","","123","134","","ro","published","STUDII","seria-2","ingest/series2/issues/aaf-seria2-1990-1993-vol-viii-xi/articles/008-celebra-polemica-d-caracostea-p-caraman-pe-tema-cintecului-gerului-contributii-documentare.pdf","","","","","","","","","",""
"386","14","Tendințe estetice ale basmului contemporan. Procesele de veridicizare și comicizare ale elementelor fantastice","Gabriella Vöö","","","","","","","","","","","135","146","","ro","published","STUDII","seria-2","ingest/series2/issues/aaf-seria2-1990-1993-vol-viii-xi/articles/009-tendinte-estetice-ale-basmului-contemporan-procesele-de-veridicizare-si-comicizare-ale-elementelor-fantastice.pdf","","","","","","","","","",""
"387","14","Din începuturile metodei științifice de culegere a folclorului muzical. Cercetările lui Béla Vikár în Transilvania","István Almási","","","","","","","","","","","147","154","","ro","published","STUDII","seria-2","ingest/series2/issues/aaf-seria2-1990-1993-vol-viii-xi/articles/010-din-inceputurile-metodei-stiintifice-de-culegere-a-folclorului-muzical-cercetarile-lui-bela-vikar-in-transilvania.pdf","","","","","","","","","",""
"388","14","Folcloristul I. C. Hintz-Hințescu. Noi contribuții bio-bibliografice","Hanni Markel, Virgiliu Florea","","","","","","","","","","","155","174","","ro","published","STUDII","seria-2","ingest/series2/issues/aaf-seria2-1990-1993-vol-viii-xi/articles/011-folcloristul-i-c-hintz-hintescu-noi-contributii-bio-bibliografice.pdf","","","","","","","","","",""
"389","14","Contribuția Institutului Social Banat-Crișana la cercetarea culturii populare","Andrei Negru, Emil Pop","","","","","","","","","","","175","190","","ro","published","STUDII","seria-2","ingest/series2/issues/aaf-seria2-1990-1993-vol-viii-xi/articles/012-contributia-institutului-social-banat-crisana-la-cercetarea-culturii-populare.pdf","","","","","","","","","",""
"390","14","Simeon Florea Marian — inedit","Stelian Mîndruț","","","","","","","","","","","191","196","","ro","published","STUDII","seria-2","ingest/series2/issues/aaf-seria2-1990-1993-vol-viii-xi/articles/013-simeon-florea-marian-inedit.pdf","","","","","","","","","",""
"391","14","Tipuri melodice de bocet din Transilvania","Lucia Iștoc","","","","","","","","","","","197","222","","ro","published","SISTEMATICĂ TIPOLOGICĂ","seria-2","ingest/series2/issues/aaf-seria2-1990-1993-vol-viii-xi/articles/014-tipuri-melodice-de-bocet-din-transilvania.pdf","","","","","","","","","",""
"392","14","Tipuri melodice în bocetele maghiare din România","Ilona Szenik","","","","","","","","","","","223","240","","ro","published","SISTEMATICĂ TIPOLOGICĂ","seria-2","ingest/series2/issues/aaf-seria2-1990-1993-vol-viii-xi/articles/015-tipuri-melodice-in-bocetele-maghiare-din-romania.pdf","","","","","","","","","",""
"393","14","Tony Brill (1910—1986)","I. Cuceu","","","","","","","","","","","241","242","","ro","published","IN MEMORIAM","seria-2","ingest/series2/issues/aaf-seria2-1990-1993-vol-viii-xi/articles/016-tony-brill-19101986.pdf","","","","","","","","","",""
"394","14","Nicolae Dunăre (1916—1987)","M. Bocșe","","","","","","","","","","","243","246","","ro","published","IN MEMORIAM","seria-2","ingest/series2/issues/aaf-seria2-1990-1993-vol-viii-xi/articles/017-nicolae-dunare-19161987.pdf","","","","","","","","","",""
"395","14","Radu Niculescu (1938—1987)","I. Cuceu","","","","","","","","","","","247","250","","ro","published","IN MEMORIAM","seria-2","ingest/series2/issues/aaf-seria2-1990-1993-vol-viii-xi/articles/018-radu-niculescu-19381987.pdf","","","","","","","","","",""
"396","14","O contribuție esențială la definirea Omului","I. Bot","","","","","","","","","","","251","252","","ro","published","NOTE","seria-2","ingest/series2/issues/aaf-seria2-1990-1993-vol-viii-xi/articles/019-o-contributie-esentiala-la-definirea-omului.pdf","","","","","","","","","",""
"397","14","Comisia de Folclor a Academiei","I. Cuceu","","","","","","","","","","","253","253","","ro","published","NOTE","seria-2","ingest/series2/issues/aaf-seria2-1990-1993-vol-viii-xi/articles/020-comisia-de-folclor-a-academiei.pdf","","","","","","","","","",""
"398","14","Cercetări de folclor la românii din Iugoslavia","R. Ghircoiașiu","","","","","","","","","","","254","255","","ro","published","NOTE","seria-2","ingest/series2/issues/aaf-seria2-1990-1993-vol-viii-xi/articles/021-cercetari-de-folclor-la-romanii-din-iugoslavia.pdf","","","","","","","","","",""
"399","14","Conferințe românești la Universitatea din Oxford, acum o sută de ani (V. Florea) .","","","","","","","","","","","","256","256","","ro","published","NOTE","seria-2","ingest/series2/issues/aaf-seria2-1990-1993-vol-viii-xi/articles/022-conferinte-romanesti-la-universitatea-din-oxford-acum-o-suta-de-ani-v-florea.pdf","","","","","","","","","",""
"400","14","Études et Documents Balkaniques et Méditerranéens","A. Măniuțiu","","","","","","","","","","","257","259","","ro","published","NOTE","seria-2","ingest/series2/issues/aaf-seria2-1990-1993-vol-viii-xi/articles/023-etudes-et-documents-balkaniques-et-mediterraneens.pdf","","","","","","","","","",""
"401","14","O teză americană de doctorat despre colindatul cu dubele la români","L. Iștoc, I. Șeuleanu","","","","","","","","","","","260","261","","ro","published","NOTE","seria-2","ingest/series2/issues/aaf-seria2-1990-1993-vol-viii-xi/articles/024-o-teza-americana-de-doctorat-despre-colindatul-cu-dubele-la-romani.pdf","","","","","","","","","",""
"402","14","O bibliografie fundamentală","I. Datcu","","","","","","","","","","","262","263","","ro","published","NOTE","seria-2","ingest/series2/issues/aaf-seria2-1990-1993-vol-viii-xi/articles/025-o-bibliografie-fundamentala.pdf","","","","","","","","","",""
"403","14","Anuarul ICED","M. Cuceu","","","","","","","","","","","264","265","","ro","published","NOTE","seria-2","ingest/series2/issues/aaf-seria2-1990-1993-vol-viii-xi/articles/026-anuarul-iced.pdf","","","","","","","","","",""
"404","14","Buletinul științific al Muzeului Etnografic Croat din Zagreb","R. Oșianu","","","","","","","","","","","266","268","","ro","published","NOTE","seria-2","ingest/series2/issues/aaf-seria2-1990-1993-vol-viii-xi/articles/027-buletinul-stiintific-al-muzeului-etnografic-croat-din-zagreb.pdf","","","","","","","","","",""
"405","14","O importantă sinteză a lui Eliazar M. Meletinski","O. Vințeler","","","","","","","","","","","269","271","","ro","published","NOTE","seria-2","ingest/series2/issues/aaf-seria2-1990-1993-vol-viii-xi/articles/028-o-importanta-sinteza-a-lui-eliazar-m-meletinski.pdf","","","","","","","","","",""
"406","14","Bibliografii paremiologice internaționale","C. Negreanu","","","","","","","","","","","272","274","","ro","published","NOTE","seria-2","ingest/series2/issues/aaf-seria2-1990-1993-vol-viii-xi/articles/029-bibliografii-paremiologice-internationale.pdf","","","","","","","","","",""
"407","14","Un deceniu al revistei „Man"": teme și orientări","O. Cătineanu","","","","","","","","","","","275","281","","ro","published","NOTE","seria-2","ingest/series2/issues/aaf-seria2-1990-1993-vol-viii-xi/articles/030-un-deceniu-al-revistei-man-teme-si-orientari.pdf","","","","","","","","","",""
"408","14","Lucrări recente ale Școlii din Tübingen","H. Markel","","","","","","","","","","","282","284","","ro","published","NOTE","seria-2","ingest/series2/issues/aaf-seria2-1990-1993-vol-viii-xi/articles/031-lucrari-recente-ale-scolii-din-tubingen.pdf","","","","","","","","","",""
"409","14","Ipoteze privind originea cuvîntului „doină""","V. I. Oprișiu","","","","","","","","","","","285","286","","ro","published","NOTE","seria-2","ingest/series2/issues/aaf-seria2-1990-1993-vol-viii-xi/articles/032-ipoteze-privind-originea-cuvintului-doina.pdf","","","","","","","","","",""
"410","14","Copie-manuscris a colecției „Doine și strigături din Ardeal""","A. Pavelescu","","","","","","","","","","","287","289","","ro","published","NOTE","seria-2","ingest/series2/issues/aaf-seria2-1990-1993-vol-viii-xi/articles/033-copie-manuscris-a-colectiei-doine-si-strigaturi-din-ardeal.pdf","","","","","","","","","",""
"411","14","Lirica populară în actualitate","L. Malița","","","","","","","","","","","290","292","","ro","published","NOTE","seria-2","ingest/series2/issues/aaf-seria2-1990-1993-vol-viii-xi/articles/034-lirica-populara-in-actualitate.pdf","","","","","","","","","",""
"412","14","Festivalul jocului fecioresc din Transilvania","Z. Dejeu","","","","","","","","","","","293","296","","ro","published","NOTE","seria-2","ingest/series2/issues/aaf-seria2-1990-1993-vol-viii-xi/articles/035-festivalul-jocului-fecioresc-din-transilvania.pdf","","","","","","","","","",""
"413","14","Ispirescu reeditat","V. Florea","","","","","","","","","","","297","297","","ro","published","NOTE","seria-2","ingest/series2/issues/aaf-seria2-1990-1993-vol-viii-xi/articles/036-ispirescu-reeditat.pdf","","","","","","","","","",""
"414","14","Noi bibliografii folclorice","V. Florea","","","","","","","","","","","298","299","","ro","published","NOTE","seria-2","ingest/series2/issues/aaf-seria2-1990-1993-vol-viii-xi/articles/037-noi-bibliografii-folclorice.pdf","","","","","","","","","",""
"415","14","Etnobotanică și etnoiatrie","N. Bot","","","","","","","","","","","300","304","","ro","published","NOTE","seria-2","ingest/series2/issues/aaf-seria2-1990-1993-vol-viii-xi/articles/038-etnobotanica-si-etnoiatrie.pdf","","","","","","","","","",""
"416","14","Ispas, S., D. Truță, Lirica de dragoste, I—IV. București, 1985—1989 (I. Cuceu) .","","","","","","","","","","","","305","305","","ro","published","RECENZII","seria-2","ingest/series2/issues/aaf-seria2-1990-1993-vol-viii-xi/articles/039-ispas-s-d-truta-lirica-de-dragoste-iiv-bucuresti-19851989-i-cuceu.pdf","","","","","","","","","",""
"417","14","Kahane, M., L. Georgescu-Stănculeanu, Cîntecul Zorilor și Bradului. București, 1988","I. Herțea","","","","","","","","","","","306","307","","ro","published","RECENZII","seria-2","ingest/series2/issues/aaf-seria2-1990-1993-vol-viii-xi/articles/040-kahane-m-l-georgescu-stanculeanu-cintecul-zorilor-si-bradului-bucuresti-1988.pdf","","","","","","","","","",""
"418","14","Micu Moldovan, I., Povești populare din Transilvania culese prin elevii școlilor din Blaj (1863—1878). București, 1987","V. Florea","","","","","","","","","","","308","309","","ro","published","RECENZII","seria-2","ingest/series2/issues/aaf-seria2-1990-1993-vol-viii-xi/articles/041-micu-moldovan-i-povesti-populare-din-transilvania-culese-prin-elevii-scolilor-din-blaj-18631878-bucuresti-1987.pdf","","","","","","","","","",""
"419","14","Șandru, D., Folclor românesc. București, 1987","M. Cuceu","","","","","","","","","","","310","310","","ro","published","RECENZII","seria-2","ingest/series2/issues/aaf-seria2-1990-1993-vol-viii-xi/articles/042-sandru-d-folclor-romanesc-bucuresti-1987.pdf","","","","","","","","","",""
"420","14","Nicola, I. R., Folclorul muzical din Mărginimea Sibiului. București, 1987","E. Hlinca-Drăgan","","","","","","","","","","","311","312","","ro","published","RECENZII","seria-2","ingest/series2/issues/aaf-seria2-1990-1993-vol-viii-xi/articles/043-nicola-i-r-folclorul-muzical-din-marginimea-sibiului-bucuresti-1987.pdf","","","","","","","","","",""
"421","14","Coatu, N. (ed.), Legende populare geografice. București, 1986","I. Mureșanu","","","","","","","","","","","313","314","","ro","published","RECENZII","seria-2","ingest/series2/issues/aaf-seria2-1990-1993-vol-viii-xi/articles/044-coatu-n-ed-legende-populare-geografice-bucuresti-1986.pdf","","","","","","","","","",""
"422","14","Fochi, A., Cîntecul epic tradițional al românilor. București, 1985","D. Pop","","","","","","","","","","","315","317","","ro","published","RECENZII","seria-2","ingest/series2/issues/aaf-seria2-1990-1993-vol-viii-xi/articles/045-fochi-a-cintecul-epic-traditional-al-romanilor-bucuresti-1985.pdf","","","","","","","","","",""
"423","14","Fochi, A., Valori ale culturii populare. I—II. București, 1987, 1988 (I. Șeuleanu) .","","","","","","","","","","","","318","319","","ro","published","RECENZII","seria-2","ingest/series2/issues/aaf-seria2-1990-1993-vol-viii-xi/articles/046-fochi-a-valori-ale-culturii-populare-iii-bucuresti-1987-1988-i-seuleanu.pdf","","","","","","","","","",""
"424","14","Bănățeanu, T., Prolegomene la o teorie a esteticii artei populare. București, 1985","I. Șeuleanu","","","","","","","","","","","320","321","","ro","published","RECENZII","seria-2","ingest/series2/issues/aaf-seria2-1990-1993-vol-viii-xi/articles/047-banateanu-t-prolegomene-la-o-teorie-a-esteticii-artei-populare-bucuresti-1985.pdf","","","","","","","","","",""
"425","14","Adăscălitei, V., Istoria unui obicei. Plugușorul. Iași, 1987","D. Pop","","","","","","","","","","","322","324","","ro","published","RECENZII","seria-2","ingest/series2/issues/aaf-seria2-1990-1993-vol-viii-xi/articles/048-adascalitei-v-istoria-unui-obicei-plugusorul-iasi-1987.pdf","","","","","","","","","",""
"426","14","Constantinescu, N., Relațiile de rudenie în societățile tradiționale. București, 1987","I. Șeuleanu","","","","","","","","","","","325","326","","ro","published","RECENZII","seria-2","ingest/series2/issues/aaf-seria2-1990-1993-vol-viii-xi/articles/049-constantinescu-n-relatiile-de-rudenie-in-societatile-traditionale-bucuresti-1987.pdf","","","","","","","","","",""
"427","14","Canciovici, M. (ed.), Domnitori români în legende. București, 1984 (I. Mureșanu) .","","","","","","","","","","","","327","327","","ro","published","RECENZII","seria-2","ingest/series2/issues/aaf-seria2-1990-1993-vol-viii-xi/articles/050-canciovici-m-ed-domnitori-romani-in-legende-bucuresti-1984-i-muresanu.pdf","","","","","","","","","",""
"428","14","Apolzan, L., Carpații tezaur de istorie. București, 1987","D. Pop","","","","","","","","","","","328","328","","ro","published","RECENZII","seria-2","ingest/series2/issues/aaf-seria2-1990-1993-vol-viii-xi/articles/051-apolzan-l-carpatii-tezaur-de-istorie-bucuresti-1987.pdf","","","","","","","","","",""
"429","14","Vrabie, Gh., Proza populară românească. București, 1986","A. Rujan","","","","","","","","","","","329","330","","ro","published","RECENZII","seria-2","ingest/series2/issues/aaf-seria2-1990-1993-vol-viii-xi/articles/052-vrabie-gh-proza-populara-romaneasca-bucuresti-1986.pdf","","","","","","","","","",""
"430","14","Pogorilovschi, I., Arhetipul expresiei lirice românești. [București], 1987 (I. Cuceu) .","","","","","","","","","","","","331","331","","ro","published","RECENZII","seria-2","ingest/series2/issues/aaf-seria2-1990-1993-vol-viii-xi/articles/053-pogorilovschi-i-arhetipul-expresiei-lirice-romanesti-bucuresti-1987-i-cuceu.pdf","","","","","","","","","",""
"431","14","Anghelescu, M., Introducere în opera lui Petre Ispirescu. București, 1987","V. Florea","","","","","","","","","","","332","334","","ro","published","RECENZII","seria-2","ingest/series2/issues/aaf-seria2-1990-1993-vol-viii-xi/articles/054-anghelescu-m-introducere-in-opera-lui-petre-ispirescu-bucuresti-1987.pdf","","","","","","","","","",""
"432","14","Olteanu, A. Gh., Structurile retorice ale liricii orale românești, 1985 (M. Cuceu) .","","","","","","","","","","","","335","335","","ro","published","RECENZII","seria-2","ingest/series2/issues/aaf-seria2-1990-1993-vol-viii-xi/articles/055-olteanu-a-gh-structurile-retorice-ale-liricii-orale-romanesti-1985-m-cuceu.pdf","","","","","","","","","",""
"433","14","Fotea, M., Simeon Florea Marian, folclorist. București, 1987","V. Florea","","","","","","","","","","","336","338","","ro","published","RECENZII","seria-2","ingest/series2/issues/aaf-seria2-1990-1993-vol-viii-xi/articles/056-fotea-m-simeon-florea-marian-folclorist-bucuresti-1987.pdf","","","","","","","","","",""
"434","14","Popescu, Al., Tradiții de muncă în obiceiuri, folclor, artă populară. București, 1986","O. Pecican","","","","","","","","","","","339","339","","ro","published","RECENZII","seria-2","ingest/series2/issues/aaf-seria2-1990-1993-vol-viii-xi/articles/057-popescu-al-traditii-de-munca-in-obiceiuri-folclor-arta-populara-bucuresti-1986.pdf","","","","","","","","","",""
"435","14","Evseev, I., Simboluri folclorice. Timișoara, 1987","I. Mureșanu","","","","","","","","","","","340","340","","ro","published","RECENZII","seria-2","ingest/series2/issues/aaf-seria2-1990-1993-vol-viii-xi/articles/058-evseev-i-simboluri-folclorice-timisoara-1987.pdf","","","","","","","","","",""
"436","14","Trebici, N, Ghinoiu I. Demografie și etnografie. București, 1986","O. Pecican","","","","","","","","","","","341","341","","ro","published","RECENZII","seria-2","ingest/series2/issues/aaf-seria2-1990-1993-vol-viii-xi/articles/059-trebici-n-ghinoiu-i-demografie-si-etnografie-bucuresti-1986.pdf","","","","","","","","","",""
"437","14","Miftode, V., Elemente de sociologie rurală. București, 1984","A. Negru","","","","","","","","","","","342","342","","ro","published","RECENZII","seria-2","ingest/series2/issues/aaf-seria2-1990-1993-vol-viii-xi/articles/060-miftode-v-elemente-de-sociologie-rurala-bucuresti-1984.pdf","","","","","","","","","",""
"438","14","Toma Zoicaș, L., Pedagogia muzicii și valorile folclorului. București, 1987","E. Hlinca-Drăgan","","","","","","","","","","","343","343","","ro","published","RECENZII","seria-2","ingest/series2/issues/aaf-seria2-1990-1993-vol-viii-xi/articles/061-toma-zoicas-l-pedagogia-muzicii-si-valorile-folclorului-bucuresti-1987.pdf","","","","","","","","","",""
"439","14","Papadima, O. (ed.), Cu cît cînt, atîta sînt. București, 1987","D. Pop","","","","","","","","","","","344","344","","ro","published","RECENZII","seria-2","ingest/series2/issues/aaf-seria2-1990-1993-vol-viii-xi/articles/062-papadima-o-ed-cu-cit-cint-atita-sint-bucuresti-1987.pdf","","","","","","","","","",""
"440","14","Vasiliu, Al., Literatură populară din Moldova. București, 1984","M. Cuceu","","","","","","","","","","","345","345","","ro","published","RECENZII","seria-2","ingest/series2/issues/aaf-seria2-1990-1993-vol-viii-xi/articles/063-vasiliu-al-literatura-populara-din-moldova-bucuresti-1984.pdf","","","","","","","","","",""
"441","14","Popescu, A., Ideea de dreptate și libertate în cîntecul popular. Craiova, 1988","L. Bot","","","","","","","","","","","346","346","","ro","published","RECENZII","seria-2","ingest/series2/issues/aaf-seria2-1990-1993-vol-viii-xi/articles/064-popescu-a-ideea-de-dreptate-si-libertate-in-cintecul-popular-craiova-1988.pdf","","","","","","","","","",""
"442","14","Anton, M., I. Mărgineanu (ed.), Cîntece și tradiții populare despre Horca și Avram Iancu. București, 1985","I. Mureșanu","","","","","","","","","","","347","348","","ro","published","RECENZII","seria-2","ingest/series2/issues/aaf-seria2-1990-1993-vol-viii-xi/articles/065-anton-m-i-margineanu-ed-cintece-si-traditii-populare-despre-horca-si-avram-iancu-bucuresti-1985.pdf","","","","","","","","","",""
"443","14","Cojocaru, N., Cîntece, obiceiuri și tradiții românești. București, 1989 (M. Cuceu) .","","","","","","","","","","","","349","349","","ro","published","RECENZII","seria-2","ingest/series2/issues/aaf-seria2-1990-1993-vol-viii-xi/articles/066-cojocaru-n-cintece-obiceiuri-si-traditii-romanesti-bucuresti-1989-m-cuceu.pdf","","","","","","","","","",""
"444","14","Bîrgu-Georgescu, L. (ed.), Basme cu animale și păsări. București, 1987 (V. Florea) .","","","","","","","","","","","","350","350","","ro","published","RECENZII","seria-2","ingest/series2/issues/aaf-seria2-1990-1993-vol-viii-xi/articles/067-birgu-georgescu-l-ed-basme-cu-animale-si-pasari-bucuresti-1987-v-florea.pdf","","","","","","","","","",""
"445","14","Ioniță, M., Drumul Urieșilor. Cluj-Napoca","I. Mureșanu","","","","","","","","","","","351","351","","ro","published","RECENZII","seria-2","ingest/series2/issues/aaf-seria2-1990-1993-vol-viii-xi/articles/068-ionita-m-drumul-uriesilor-cluj-napoca.pdf","","","","","","","","","",""
"446","14","Caraman, P., Studii de folclor, I—II. București, 1987, 1988","D. Pop","","","","","","","","","","","352","353","","ro","published","RECENZII","seria-2","ingest/series2/issues/aaf-seria2-1990-1993-vol-viii-xi/articles/069-caraman-p-studii-de-folclor-iii-bucuresti-1987-1988.pdf","","","","","","","","","",""
"447","14","Comișel, E., Studii de entomuzicologie. București, 1986","L. Iștoc","","","","","","","","","","","354","354","","ro","published","RECENZII","seria-2","ingest/series2/issues/aaf-seria2-1990-1993-vol-viii-xi/articles/070-comisel-e-studii-de-entomuzicologie-bucuresti-1986.pdf","","","","","","","","","",""
"448","14","Hințescu, I. C., Proverbele românilor. Timișoara, 1985","V. Florea","","","","","","","","","","","355","355","","ro","published","RECENZII","seria-2","ingest/series2/issues/aaf-seria2-1990-1993-vol-viii-xi/articles/071-hintescu-i-c-proverbele-romanilor-timisoara-1985.pdf","","","","","","","","","",""
"449","14","Busuioceanu, A., Zamolxis sau mitul dacic în istoria și legendele spaniole. București, 1985","A. Stoian","","","","","","","","","","","356","356","","ro","published","RECENZII","seria-2","ingest/series2/issues/aaf-seria2-1990-1993-vol-viii-xi/articles/072-busuioceanu-a-zamolxis-sau-mitul-dacic-in-istoria-si-legendele-spaniole-bucuresti-1985.pdf","","","","","","","","","",""
"450","14","Jurjovan, T., Folclorul muzical românesc din Ovcea. Ovcea, 1983","I. Herțea","","","","","","","","","","","357","358","","ro","published","RECENZII","seria-2","ingest/series2/issues/aaf-seria2-1990-1993-vol-viii-xi/articles/073-jurjovan-t-folclorul-muzical-romanesc-din-ovcea-ovcea-1983.pdf","","","","","","","","","",""
"451","14","Veveris, E., M. Kuplais, Latvijes Etnografiskaia brivdabas museja. Riga, 1986","L. Bot","","","","","","","","","","","359","359","","ro","published","RECENZII","seria-2","ingest/series2/issues/aaf-seria2-1990-1993-vol-viii-xi/articles/074-veveris-e-m-kuplais-latvijes-etnografiskaia-brivdabas-museja-riga-1986.pdf","","","","","","","","","",""
"452","14","Latysskie dainy. Moscova, 1987","O. Vințeler","","","","","","","","","","","360","361","","ro","published","RECENZII","seria-2","ingest/series2/issues/aaf-seria2-1990-1993-vol-viii-xi/articles/075-latysskie-dainy-moscova-1987.pdf","","","","","","","","","",""
"453","14","Bouras, A., Quand l'arbre devient bois. Paris, 1986","A. Măniuțiu","","","","","","","","","","","362","362","","ro","published","RECENZII","seria-2","ingest/series2/issues/aaf-seria2-1990-1993-vol-viii-xi/articles/076-bouras-a-quand-larbre-devient-bois-paris-1986.pdf","","","","","","","","","",""
"454","14","Brînaru, M. I., Cîntece de pe Olt, I—II. Rîmnicu Vîlcea, 1973, f.a","E. Hlinca-Drăgan","","","","","","","","","","","362","362","","ro","published","RECENZII","seria-2","ingest/series2/issues/aaf-seria2-1990-1993-vol-viii-xi/articles/077-brinaru-m-i-cintece-de-pe-olt-iii-rimnicu-vilcea-1973-fa.pdf","","","","","","","","","",""
"455","14","Iahin, A. G., Sistema tatarskovo folklora. Kazan, 1984","I. Németh","","","","","","","","","","","362","363","","ro","published","RECENZII","seria-2","ingest/series2/issues/aaf-seria2-1990-1993-vol-viii-xi/articles/078-iahin-a-g-sistema-tatarskovo-folklora-kazan-1984.pdf","","","","","","","","","",""
"456","14","Kunsi, M., Proverbia septentrionalia. Helsinki, 1985","C. Negreanu","","","","","","","","","","","364","364","","ro","published","RECENZII","seria-2","ingest/series2/issues/aaf-seria2-1990-1993-vol-viii-xi/articles/079-kunsi-m-proverbia-septentrionalia-helsinki-1985.pdf","","","","","","","","","",""
"457","14","Mieder, W., Deutsche Sprichwörter in Literatur, Politik, Presse und Werbung. Hamburg, 1983","C. Negreanu","","","","","","","","","","","365","365","","ro","published","RECENZII","seria-2","ingest/series2/issues/aaf-seria2-1990-1993-vol-viii-xi/articles/080-mieder-w-deutsche-sprichworter-in-literatur-politik-presse-und-werbung-hamburg-1983.pdf","","","","","","","","","",""
"458","14","Hasan-Rokem, Proverbs in Israeli Folk Narratives. Helsinki, 1982","C. Negreanu","","","","","","","","","","","366","366","","ro","published","RECENZII","seria-2","ingest/series2/issues/aaf-seria2-1990-1993-vol-viii-xi/articles/081-hasan-rokem-proverbs-in-israeli-folk-narratives-helsinki-1982.pdf","","","","","","","","","",""
"459","14","Schellbach-Kopra, I., Finnisch-Deutsches Sprichwörterbuch. Helsinki—Bonn, 1980","C. Negreanu","","","","","","","","","","","367","367","","ro","published","RECENZII","seria-2","ingest/series2/issues/aaf-seria2-1990-1993-vol-viii-xi/articles/082-schellbach-kopra-i-finnisch-deutsches-sprichworterbuch-helsinkibonn-1980.pdf","","","","","","","","","",""
"460","14","Kausel, E., Volkskundler in und aus Österreich heute. Wien, 1987 (H. Markel) .","","","","","","","","","","","","368","368","","ro","published","RECENZII","seria-2","ingest/series2/issues/aaf-seria2-1990-1993-vol-viii-xi/articles/083-kausel-e-volkskundler-in-und-aus-osterreich-heute-wien-1987-h-markel.pdf","","","","","","","","","",""
"461","14","Holbek, B., Interpretation of Fairy Tales. Helsinki, 1987","I. Șeuleanu","","","","","","","","","","","369","370","","ro","published","RECENZII","seria-2","ingest/series2/issues/aaf-seria2-1990-1993-vol-viii-xi/articles/084-holbek-b-interpretation-of-fairy-tales-helsinki-1987.pdf","","","","","","","","","",""
"462","14","Jerrendorf, M., Grimms Märchen in Medien. Tübingen, 1985","H. Markel","","","","","","","","","","","371","371","","ro","published","RECENZII","seria-2","ingest/series2/issues/aaf-seria2-1990-1993-vol-viii-xi/articles/085-jerrendorf-m-grimms-marchen-in-medien-tubingen-1985.pdf","","","","","","","","","",""
"463","14","Magyar népmesekatalógus l. Budapest, 1987","G. Vöö","","","","","","","","","","","372","372","","ro","published","RECENZII","seria-2","ingest/series2/issues/aaf-seria2-1990-1993-vol-viii-xi/articles/086-magyar-nepmesekatalogus-l-budapest-1987.pdf","","","","","","","","","",""
"464","14","Schenk, A., Familie und Wohnen in Stolzenburg. Köln—Wien, 1984 (H. Markel) .","","","","","","","","","","","","373","384","","ro","published","RECENZII","seria-2","ingest/series2/issues/aaf-seria2-1990-1993-vol-viii-xi/articles/087-schenk-a-familie-und-wohnen-in-stolzenburg-kolnwien-1984-h-markel.pdf","","","","","","","","","",""
"465","15","Prefață","","","","","","","","","","","","9","10","","ro","published","","seria-2","ingest/series2/issues/aaf-seria2-1987-1989-vol-v-vii/articles/001-prefata.pdf","","","","","","","","","",""
"466","15","Cercetarea culturii noastre populare în perspectiva unor noi împliniri .","Dumitru Pop","","","","","","","","","","","11","20","","ro","published","","seria-2","ingest/series2/issues/aaf-seria2-1987-1989-vol-v-vii/articles/002-cercetarea-culturii-noastre-populare-in-perspectiva-unor-noi-impliniri.pdf","","","","","","","","","",""
"467","15","Priorități în cercetarea folclorului","Ion Șeuleanu","","","","","","","","","","","21","28","","ro","published","","seria-2","ingest/series2/issues/aaf-seria2-1987-1989-vol-v-vii/articles/003-prioritati-in-cercetarea-folclorului.pdf","","","","","","","","","",""
"468","15","Doina — poezie a destinului","Nicolae Bot","","","","","","","","","","","29","60","","ro","published","STUDII","seria-2","ingest/series2/issues/aaf-seria2-1987-1989-vol-v-vii/articles/004-doina-poezie-a-destinului.pdf","","","","","","","","","",""
"469","15","Drăgaica","Dumitru Pop","","","","","","","","","","","61","88","","ro","published","STUDII","seria-2","ingest/series2/issues/aaf-seria2-1987-1989-vol-v-vii/articles/005-dragaica.pdf","","","","","","","","","",""
"470","15","Sîngeorzul sau Bloaja — un obicei agrar la românii din Transilvania .","Traian Gherman","","","","","","","","","","","89","118","","ro","published","STUDII","seria-2","ingest/series2/issues/aaf-seria2-1987-1989-vol-v-vii/articles/006-singeorzul-sau-bloaja-un-obicei-agrar-la-romanii-din-transilvania.pdf","","","","","","","","","",""
"471","15","O structură poetică distinctă: logomachia","Adrian Fochi","","","","","","","","","","","119","132","","ro","published","STUDII","seria-2","ingest/series2/issues/aaf-seria2-1987-1989-vol-v-vii/articles/007-o-structura-poetica-distincta-logomachia.pdf","","","","","","","","","",""
"472","15","Cercetări de etnobotanică în zona Sebeșului","Gheorghe Pavelescu","","","","","","","","","","","133","156","","ro","published","STUDII","seria-2","ingest/series2/issues/aaf-seria2-1987-1989-vol-v-vii/articles/008-cercetari-de-etnobotanica-in-zona-sebesului.pdf","","","","","","","","","",""
"473","15","Miorița și Toma Alimoș","Iordan Datcu","","","","","","","","","","","157","164","","ro","published","STUDII","seria-2","ingest/series2/issues/aaf-seria2-1987-1989-vol-v-vii/articles/009-miorita-si-toma-alimos.pdf","","","","","","","","","",""
"474","15","Instrumente muzicale populare în perspectivă semiologică","Iosif Herțea","","","","","","","","","","","165","176","","ro","published","STUDII","seria-2","ingest/series2/issues/aaf-seria2-1987-1989-vol-v-vii/articles/010-instrumente-muzicale-populare-in-perspectiva-semiologica.pdf","","","","","","","","","",""
"475","15","Din biografia unei lucrări centenare: „Literatura populară română"" de M. Gaster. Contribuție documentară","Virgiliu Florea","","","","","","","","","","","177","210","","ro","published","STUDII","seria-2","ingest/series2/issues/aaf-seria2-1987-1989-vol-v-vii/articles/011-din-biografia-unei-lucrari-centenare-literatura-populara-romana-de-m-gaster-contributie-documentara.pdf","","","","","","","","","",""
"476","15","Proverbul săsesc","Hanni Markel","","","","","","","","","","","211","248","","ro","published","STUDII","seria-2","ingest/series2/issues/aaf-seria2-1987-1989-vol-v-vii/articles/012-proverbul-sasesc.pdf","","","","","","","","","",""
"477","15","Aspecte ale ceremonialului funerar în Moldova","Ion H. Ciubotaru","","","","","","","","","","","249","266","","ro","published","STUDII","seria-2","ingest/series2/issues/aaf-seria2-1987-1989-vol-v-vii/articles/013-aspecte-ale-ceremonialului-funerar-in-moldova.pdf","","","","","","","","","",""
"478","15","Implicații arhaice ale torsului","Silvia Ciubotaru","","","","","","","","","","","267","274","","ro","published","STUDII","seria-2","ingest/series2/issues/aaf-seria2-1987-1989-vol-v-vii/articles/014-implicatii-arhaice-ale-torsului.pdf","","","","","","","","","",""
"479","15","Înmormîntarea după datină a unui tînăr în zilele noastre","Ion Chiș Șter","","","","","","","","","","","275","280","","ro","published","STUDII","seria-2","ingest/series2/issues/aaf-seria2-1987-1989-vol-v-vii/articles/015-inmormintarea-dupa-datina-a-unui-tinar-in-zilele-noastre.pdf","","","","","","","","","",""
"480","15","Cercetarea obiceiurilor agrare și problema tipologizării lor .","Ion Cuceu, Maria Cuceu","","","","","","","","","","","281","304","","ro","published","SISTEMATICĂ TIPOLOGICĂ","seria-2","ingest/series2/issues/aaf-seria2-1987-1989-vol-v-vii/articles/016-cercetarea-obiceiurilor-agrare-si-problema-tipologizarii-lor.pdf","","","","","","","","","",""
"481","15","Proiect de clasificare a melodiilor populare vocale","Ilona Szenik, Lucia Iștoc","","","","","","","","","","","305","352","","ro","published","SISTEMATICĂ TIPOLOGICĂ","seria-2","ingest/series2/issues/aaf-seria2-1987-1989-vol-v-vii/articles/017-proiect-de-clasificare-a-melodiilor-populare-vocale.pdf","","","","","","","","","",""
"482","15","Criterii noi în clasificarea proverbelor. Considerații pe baza cercetării proverbelor maghiare din Transilvania","Gabriella Vöö","","","","","","","","","","","353","372","","ro","published","SISTEMATICĂ TIPOLOGICĂ","seria-2","ingest/series2/issues/aaf-seria2-1987-1989-vol-v-vii/articles/018-criterii-noi-in-clasificarea-proverbelor-consideratii-pe-baza-cercetarii-proverbelor-maghiare-din-transilvania.pdf","","","","","","","","","",""
"483","15","Un model sinoptic de preselecție a textelor de lirică populară maghiară .","Iulia Németh","","","","","","","","","","","373","386","","ro","published","SISTEMATICĂ TIPOLOGICĂ","seria-2","ingest/series2/issues/aaf-seria2-1987-1989-vol-v-vii/articles/019-un-model-sinoptic-de-preselectie-a-textelor-de-lirica-populara-maghiara.pdf","","","","","","","","","",""
"484","15","M. Gaster și Petre Ispirescu","Virgiliu Florea","","","","","","","","","","","387","408","","ro","published","ARHIVA","seria-2","ingest/series2/issues/aaf-seria2-1987-1989-vol-v-vii/articles/020-m-gaster-si-petre-ispirescu.pdf","","","","","","","","","",""
"485","15","Romulus Vuia către Silviu Dragomir","Stelian Mîndruț","","","","","","","","","","","409","416","","ro","published","ARHIVA","seria-2","ingest/series2/issues/aaf-seria2-1987-1989-vol-v-vii/articles/021-romulus-vuia-catre-silviu-dragomir.pdf","","","","","","","","","",""
"486","15","Profesorul Onisifor Ghibu și cultura populară","D. Pop","","","","","","","","","","","417","422","","ro","published","IN MEMORIAM","seria-2","ingest/series2/issues/aaf-seria2-1987-1989-vol-v-vii/articles/022-profesorul-onisifor-ghibu-si-cultura-populara.pdf","","","","","","","","","",""
"487","15","Alexandru Tiplea (1885—1939)","I. Cuceu","","","","","","","","","","","423","424","","ro","published","IN MEMORIAM","seria-2","ingest/series2/issues/aaf-seria2-1987-1989-vol-v-vii/articles/023-alexandru-tiplea-18851939.pdf","","","","","","","","","",""
"488","15","Ion Diaconu (1903—1984)","I. Șeuleanu","","","","","","","","","","","425","426","","ro","published","IN MEMORIAM","seria-2","ingest/series2/issues/aaf-seria2-1987-1989-vol-v-vii/articles/024-ion-diaconu-19031984.pdf","","","","","","","","","",""
"489","15","Adrian Fochi (1920—1985)","D. Pop","","","","","","","","","","","427","427","","ro","published","IN MEMORIAM","seria-2","ingest/series2/issues/aaf-seria2-1987-1989-vol-v-vii/articles/025-adrian-fochi-19201985.pdf","","","","","","","","","",""
"490","15","Pentikäinen, J., Kalevala Mythology. Translated and edited by Ritva Poom. Bloomington, 1989","S. Ispas","","","","","","","","","","","428","429","","ro","published","RECENZII","seria-2","ingest/series2/issues/aaf-seria2-1987-1989-vol-v-vii/articles/026-pentikainen-j-kalevala-mythology-translated-and-edited-by-ritva-poom-bloomington-1989.pdf","","","","","","","","","",""
"491","15","Traian Mirza (1923—1985)","I. Cuceu","","","","","","","","","","","430","430","","ro","published","IN MEMORIAM","seria-2","ingest/series2/issues/aaf-seria2-1987-1989-vol-v-vii/articles/027-traian-mirza-19231985.pdf","","","","","","","","","",""
"492","15","Meletinski, E., Mitologhiceskii slovar, Moskva, 1990","O. Vințeler","","","","","","","","","","","430","430","","ro","published","RECENZII","seria-2","ingest/series2/issues/aaf-seria2-1987-1989-vol-v-vii/articles/028-meletinski-e-mitologhiceskii-slovar-moskva-1990.pdf","","","","","","","","","",""
"493","15","Paysans et Nations d'Europe centrale et balkanique. Paris, 1985","S. Hațiegan","","","","","","","","","","","431","431","","ro","published","RECENZII","seria-2","ingest/series2/issues/aaf-seria2-1987-1989-vol-v-vii/articles/029-paysans-et-nations-deurope-centrale-et-balkanique-paris-1985.pdf","","","","","","","","","",""
"494","15","Lurker, M., Wörterbuch der Symbolik. Stuttgart, 1983","I. Taloș","","","","","","","","","","","432","432","","ro","published","RECENZII","seria-2","ingest/series2/issues/aaf-seria2-1987-1989-vol-v-vii/articles/030-lurker-m-worterbuch-der-symbolik-stuttgart-1983.pdf","","","","","","","","","",""
"495","15","Paremiologia în actualitate","I. Cuceu","","","","","","","","","","","433","433","","ro","published","NOTE","seria-2","ingest/series2/issues/aaf-seria2-1987-1989-vol-v-vii/articles/031-paremiologia-in-actualitate.pdf","","","","","","","","","",""
"496","15","Simek, R., Lexikon der germanischen Mythologie. Stuttgart, 1984","I. Taloș","","","","","","","","","","","433","433","","ro","published","RECENZII","seria-2","ingest/series2/issues/aaf-seria2-1987-1989-vol-v-vii/articles/032-simek-r-lexikon-der-germanischen-mythologie-stuttgart-1984.pdf","","","","","","","","","",""
"497","15","Mertens, V., U. Müller, Epische Stoffe des Mittelalters. Stuttgart, 1984 (I. Taloș) .","","","","","","","","","","","","434","434","","ro","published","RECENZII","seria-2","ingest/series2/issues/aaf-seria2-1987-1989-vol-v-vii/articles/033-mertens-v-u-muller-epische-stoffe-des-mittelalters-stuttgart-1984-i-talos.pdf","","","","","","","","","",""
"498","15","Caietele Arhivei de Folclor a Moldovei și Bucovinei","N. Bot","","","","","","","","","","","435","435","","ro","published","NOTE","seria-2","ingest/series2/issues/aaf-seria2-1987-1989-vol-v-vii/articles/034-caietele-arhivei-de-folclor-a-moldovei-si-bucovinei.pdf","","","","","","","","","",""
"499","15","Lurker, M., Lexikon der Götter und Dämonen. Stuttgart, 1984","I. Taloș","","","","","","","","","","","435","435","","ro","published","RECENZII","seria-2","ingest/series2/issues/aaf-seria2-1987-1989-vol-v-vii/articles/035-lurker-m-lexikon-der-gotter-und-damonen-stuttgart-1984.pdf","","","","","","","","","",""
"500","15","Schenk, A., Deutsche in Siebenbürgen. Ihre Geschichte und Kultur. München, 1992","H. Markel","","","","","","","","","","","436","436","","ro","published","RECENZII","seria-2","ingest/series2/issues/aaf-seria2-1987-1989-vol-v-vii/articles/036-schenk-a-deutsche-in-siebenburgen-ihre-geschichte-und-kultur-munchen-1992.pdf","","","","","","","","","",""
"501","15","Mitologie și rigoare științifică","Iordan Datcu","","","","","","","","","","","437","437","","ro","published","NOTE","seria-2","ingest/series2/issues/aaf-seria2-1987-1989-vol-v-vii/articles/037-mitologie-si-rigoare-stiintifica.pdf","","","","","","","","","",""
"502","15","Studii despre cultura noastră populară","I. Șeuleanu","","","","","","","","","","","437","437","","ro","published","NOTE","seria-2","ingest/series2/issues/aaf-seria2-1987-1989-vol-v-vii/articles/038-studii-despre-cultura-noastra-populara.pdf","","","","","","","","","",""
"503","15","Weber, Georg und Renate, Zendersch. Eine siebenbürgische Gemeinde im Wandel. München, 1985","H. Markel","","","","","","","","","","","437","438","","ro","published","RECENZII","seria-2","ingest/series2/issues/aaf-seria2-1987-1989-vol-v-vii/articles/039-weber-georg-und-renate-zendersch-eine-siebenburgische-gemeinde-im-wandel-munchen-1985.pdf","","","","","","","","","",""
"504","15","Masson, E., Le combat pour l'immortalité. Paris, 1991","C. Bărbulescu","","","","","","","","","","","439","440","","ro","published","RECENZII","seria-2","ingest/series2/issues/aaf-seria2-1987-1989-vol-v-vii/articles/040-masson-e-le-combat-pour-limmortalite-paris-1991.pdf","","","","","","","","","",""
"505","15","Besançon, A., Confuzia limbilor. Criza ideologică a bisericii. București, 1992","C. Varfalvi Berinde","","","","","","","","","","","441","441","","ro","published","RECENZII","seria-2","ingest/series2/issues/aaf-seria2-1987-1989-vol-v-vii/articles/041-besancon-a-confuzia-limbilor-criza-ideologica-a-bisericii-bucuresti-1992.pdf","","","","","","","","","",""
"506","15","The 8th Congress for the ISFNR","Ioana Bot","","","","","","","","","","","442","442","","ro","published","NOTE","seria-2","ingest/series2/issues/aaf-seria2-1987-1989-vol-v-vii/articles/042-the-8th-congress-for-the-isfnr.pdf","","","","","","","","","",""
"507","15","Cuisenier, J., Ethnologie de l'Europe. Paris, 1990","C. Bărbulescu","","","","","","","","","","","442","442","","ro","published","RECENZII","seria-2","ingest/series2/issues/aaf-seria2-1987-1989-vol-v-vii/articles/043-cuisenier-j-ethnologie-de-leurope-paris-1990.pdf","","","","","","","","","",""
"508","15","Le conte, pourquoi? comment?","A. Măniuțiu","","","","","","","","","","","443","443","","ro","published","NOTE","seria-2","ingest/series2/issues/aaf-seria2-1987-1989-vol-v-vii/articles/044-le-conte-pourquoi-comment.pdf","","","","","","","","","",""
"509","15","Signorini, I., Del grano al pane: simboli, saperi, pratiche. A cura di — Roma—Pisa, 1990","M. Bocșe","","","","","","","","","","","443","444","","ro","published","RECENZII","seria-2","ingest/series2/issues/aaf-seria2-1987-1989-vol-v-vii/articles/045-signorini-i-del-grano-al-pane-simboli-saperi-pratiche-a-cura-di-romapisa-1990.pdf","","","","","","","","","",""
"510","15","Direcții actuale în etnolingvistica sovietică","O. Vințeler","","","","","","","","","","","445","445","","ro","published","NOTE","seria-2","ingest/series2/issues/aaf-seria2-1987-1989-vol-v-vii/articles/046-directii-actuale-in-etnolingvistica-sovietica.pdf","","","","","","","","","",""
"511","15","Aubert, L., (ed.), Mondes en musique. Genève, 1991","C. Cristescu","","","","","","","","","","","446","446","","ro","published","RECENZII","seria-2","ingest/series2/issues/aaf-seria2-1987-1989-vol-v-vii/articles/047-aubert-l-ed-mondes-en-musique-geneve-1991.pdf","","","","","","","","","",""
"512","15","Tendințe în cercetarea folclorului american","I. Șeuleanu","","","","","","","","","","","447","447","","ro","published","NOTE","seria-2","ingest/series2/issues/aaf-seria2-1987-1989-vol-v-vii/articles/048-tendinte-in-cercetarea-folclorului-american.pdf","","","","","","","","","",""
"513","15","Kravțov, N. I., A. V., Kulaghina, Slavjanskij folklor. Moskva, 1987 (O. Vințeler) .","","","","","","","","","","","","447","447","","ro","published","RECENZII","seria-2","ingest/series2/issues/aaf-seria2-1987-1989-vol-v-vii/articles/049-kravtov-n-i-a-v-kulaghina-slavjanskij-folklor-moskva-1987-o-vinteler.pdf","","","","","","","","","",""
"514","15","Lovinescu, V., Creangă și Creanga de aur. București, 1989","M. Pintilie","","","","","","","","","","","448","448","","ro","published","RECENZII","seria-2","ingest/series2/issues/aaf-seria2-1987-1989-vol-v-vii/articles/050-lovinescu-v-creanga-si-creanga-de-aur-bucuresti-1989.pdf","","","","","","","","","",""
"515","15","Cornea, A., Scriere și oralitate în cultura antică. București, 1988","E. Platon","","","","","","","","","","","449","449","","ro","published","RECENZII","seria-2","ingest/series2/issues/aaf-seria2-1987-1989-vol-v-vii/articles/051-cornea-a-scriere-si-oralitate-in-cultura-antica-bucuresti-1988.pdf","","","","","","","","","",""
"516","15","O bibliografie fundamentală","I. Datcu","","","","","","","","","","","450","450","","ro","published","NOTE","seria-2","ingest/series2/issues/aaf-seria2-1987-1989-vol-v-vii/articles/052-o-bibliografie-fundamentala.pdf","","","","","","","","","",""
"517","15","Bădescu, I., Timp și cultură. București, 1989","V. Orga","","","","","","","","","","","451","451","","ro","published","RECENZII","seria-2","ingest/series2/issues/aaf-seria2-1987-1989-vol-v-vii/articles/053-badescu-i-timp-si-cultura-bucuresti-1989.pdf","","","","","","","","","",""
"518","15","Hanga, Vl., Les institutions du droit coutumier roumain. București, 1988 (G. Chivu) .","","","","","","","","","","","","452","453","","ro","published","RECENZII","seria-2","ingest/series2/issues/aaf-seria2-1987-1989-vol-v-vii/articles/054-hanga-vl-les-institutions-du-droit-coutumier-roumain-bucuresti-1988-g-chivu.pdf","","","","","","","","","",""
"519","15","Bejan, D., Nume românești de plante. Cluj-Napoca, 1991","L. Bot","","","","","","","","","","","454","454","","ro","published","RECENZII","seria-2","ingest/series2/issues/aaf-seria2-1987-1989-vol-v-vii/articles/055-bejan-d-nume-romanesti-de-plante-cluj-napoca-1991.pdf","","","","","","","","","",""
"520","15","Eliade, M., Taina Indiei. București 1991","I. Datcu","","","","","","","","","","","455","455","","ro","published","RECENZII","seria-2","ingest/series2/issues/aaf-seria2-1987-1989-vol-v-vii/articles/056-eliade-m-taina-indiei-bucuresti-1991.pdf","","","","","","","","","",""
"521","15","Réthei Prikkel M., Az igazttörténet. Debrecen, 1991","V. Keszeg","","","","","","","","","","","456","456","","ro","published","RECENZII","seria-2","ingest/series2/issues/aaf-seria2-1987-1989-vol-v-vii/articles/057-rethei-prikkel-m-az-igazttortenet-debrecen-1991.pdf","","","","","","","","","",""
"522","15","Hopp, L., Küllős, L., Voigt, V., A megváltozott helyi hagyomány. Budapest, 1988","F. Pozsony","","","","","","","","","","","457","458","","ro","published","RECENZII","seria-2","ingest/series2/issues/aaf-seria2-1987-1989-vol-v-vii/articles/058-hopp-l-kullos-l-voigt-v-a-megvaltozott-helyi-hagyomany-budapest-1988.pdf","","","","","","","","","",""
"523","15","Gunda, B., A rostaforgató asszony. Budapest, 1989","K. Gazda","","","","","","","","","","","459","460","","ro","published","RECENZII","seria-2","ingest/series2/issues/aaf-seria2-1987-1989-vol-v-vii/articles/059-gunda-b-a-rostaforgato-asszony-budapest-1989.pdf","","","","","","","","","",""
"524","15","Benedek, K., A magyar novellamesék típusai. Budapest, 1984","G. Vöö","","","","","","","","","","","461","461","","ro","published","RECENZII","seria-2","ingest/series2/issues/aaf-seria2-1987-1989-vol-v-vii/articles/060-benedek-k-a-magyar-novellamesek-tipusai-budapest-1984.pdf","","","","","","","","","",""
"525","15","Anuarul ICED","M. Cuceu","","","","","","","","","","","462","462","","ro","published","NOTE","seria-2","ingest/series2/issues/aaf-seria2-1987-1989-vol-v-vii/articles/061-anuarul-iced.pdf","","","","","","","","","",""
"526","15","Bernát, L., A magyar legendamesék típusai. Budapest, 1989","G. Vöö","","","","","","","","","","","462","462","","ro","published","RECENZII","seria-2","ingest/series2/issues/aaf-seria2-1987-1989-vol-v-vii/articles/062-bernat-l-a-magyar-legendamesek-tipusai-budapest-1989.pdf","","","","","","","","","",""
"527","15","Kósa, L., A magyar néprajz tudománytörténete. Budapest, 1989","I. Demény","","","","","","","","","","","462","463","","ro","published","RECENZII","seria-2","ingest/series2/issues/aaf-seria2-1987-1989-vol-v-vii/articles/063-kosa-l-a-magyar-neprajz-tudomanytortenete-budapest-1989.pdf","","","","","","","","","",""
"528","15","Buletinul științific al Muzeului Etnografic Croat din Zagreb","R. Oșianu","","","","","","","","","","","464","464","","ro","published","NOTE","seria-2","ingest/series2/issues/aaf-seria2-1987-1989-vol-v-vii/articles/064-buletinul-stiintific-al-muzeului-etnografic-croat-din-zagreb.pdf","","","","","","","","","",""
"529","15","Keszeg, V., A folklór határán. București, 1991","F. Pozsony","","","","","","","","","","","464","464","","ro","published","RECENZII","seria-2","ingest/series2/issues/aaf-seria2-1987-1989-vol-v-vii/articles/065-keszeg-v-a-folklor-hataran-bucuresti-1991.pdf","","","","","","","","","",""
"530","15","Folklore (London), 1989—1990","L. Bot","","","","","","","","","","","465","465","","ro","published","RECENZII","seria-2","ingest/series2/issues/aaf-seria2-1987-1989-vol-v-vii/articles/066-folklore-london-19891990.pdf","","","","","","","","","",""
"531","15","O importantă sinteză a lui Eliazar M. Meletinski","O. Vințeler","","","","","","","","","","","466","466","","ro","published","NOTE","seria-2","ingest/series2/issues/aaf-seria2-1987-1989-vol-v-vii/articles/067-o-importanta-sinteza-a-lui-eliazar-m-meletinski.pdf","","","","","","","","","",""
"532","15","Muzeum Budownictwa Ludowego w Sanoku. (Acta Scansenologica), 1990","L. Bot","","","","","","","","","","","466","466","","ro","published","RECENZII","seria-2","ingest/series2/issues/aaf-seria2-1987-1989-vol-v-vii/articles/068-muzeum-budownictwa-ludowego-w-sanoku-acta-scansenologica-1990.pdf","","","","","","","","","",""
"533","15","Thalmann R., V. Leimgruber et B. Schülle, Coutumes et fêtes populaires en Suisse. Zürich, 1990","L. Bot","","","","","","","","","","","467","467","","ro","published","RECENZII","seria-2","ingest/series2/issues/aaf-seria2-1987-1989-vol-v-vii/articles/069-thalmann-r-v-leimgruber-et-b-schulle-coutumes-et-fetes-populaires-en-suisse-zurich-1990.pdf","","","","","","","","","",""
"534","15","Mesnil, M., Les Plantes et les Saisons. Montpellier, 1990","V. Keszeg","","","","","","","","","","","468","468","","ro","published","RECENZII","seria-2","ingest/series2/issues/aaf-seria2-1987-1989-vol-v-vii/articles/070-mesnil-m-les-plantes-et-les-saisons-montpellier-1990.pdf","","","","","","","","","",""
"535","15","Bibliografii paremiologice internaționale","C. Negreanu","","","","","","","","","","","469","469","","ro","published","NOTE","seria-2","ingest/series2/issues/aaf-seria2-1987-1989-vol-v-vii/articles/071-bibliografii-paremiologice-internationale.pdf","","","","","","","","","",""
"536","15","Alsheimer, R., Internationale Volkskundliche Bibliographie für die Jahre 1985—1986; 1987—1988. Bonn 1991, 1992","C. Bărbulescu","","","","","","","","","","","470","470","","ro","published","RECENZII","seria-2","ingest/series2/issues/aaf-seria2-1987-1989-vol-v-vii/articles/072-alsheimer-r-internationale-volkskundliche-bibliographie-fur-die-jahre-19851986-19871988-bonn-1991-1992.pdf","","","","","","","","","",""
"537","15","Goia, V., Hasdeu și contemporanii. București, 1988","M. Cuceu","","","","","","","","","","","471","471","","ro","published","RECENZII","seria-2","ingest/series2/issues/aaf-seria2-1987-1989-vol-v-vii/articles/073-goia-v-hasdeu-si-contemporanii-bucuresti-1988.pdf","","","","","","","","","",""
"538","15","Un deceniu al revistei „Man"": teme și orientări","O. Cătineanu","","","","","","","","","","","472","472","","ro","published","NOTE","seria-2","ingest/series2/issues/aaf-seria2-1987-1989-vol-v-vii/articles/074-un-deceniu-al-revistei-man-teme-si-orientari.pdf","","","","","","","","","",""
"539","15","Adăscălitei, V., De la Dragoș la Cuza Vodă. Legende populare istorice. București, 1988","M. Cuceu","","","","","","","","","","","472","472","","ro","published","RECENZII","seria-2","ingest/series2/issues/aaf-seria2-1987-1989-vol-v-vii/articles/075-adascalitei-v-de-la-dragos-la-cuza-voda-legende-populare-istorice-bucuresti-1988.pdf","","","","","","","","","",""
"540","15","Dobre, Al., Idealul unității naționale în cultura română. București, 1988 (I. Cuceu) .","","","","","","","","","","","","473","473","","ro","published","RECENZII","seria-2","ingest/series2/issues/aaf-seria2-1987-1989-vol-v-vii/articles/076-dobre-al-idealul-unitatii-nationale-in-cultura-romana-bucuresti-1988-i-cuceu.pdf","","","","","","","","","",""
"541","15","Anuarul Institutului de Etnografie și Folclor, București—Chișinău, (1991) (L. Bot) .","","","","","","","","","","","","474","474","","ro","published","RECENZII","seria-2","ingest/series2/issues/aaf-seria2-1987-1989-vol-v-vii/articles/077-anuarul-institutului-de-etnografie-si-folclor-bucurestichisinau-1991-l-bot.pdf","","","","","","","","","",""
"542","15","Lucrări recente ale Școlii din Tübingen","H. Markel","","","","","","","","","","","475","475","","ro","published","NOTE","seria-2","ingest/series2/issues/aaf-seria2-1987-1989-vol-v-vii/articles/078-lucrari-recente-ale-scolii-din-tubingen.pdf","","","","","","","","","",""
"543","15","Eliade, M., Memorii. I—II. București, 1991","I. Bot","","","","","","","","","","","475","476","","ro","published","RECENZII","seria-2","ingest/series2/issues/aaf-seria2-1987-1989-vol-v-vii/articles/079-eliade-m-memorii-iii-bucuresti-1991.pdf","","","","","","","","","",""
"544","15","Marin, D., Nicolae Iorga și creația populară. București, 1986","A. Boca","","","","","","","","","","","477","477","","ro","published","RECENZII","seria-2","ingest/series2/issues/aaf-seria2-1987-1989-vol-v-vii/articles/080-marin-d-nicolae-iorga-si-creatia-populara-bucuresti-1986.pdf","","","","","","","","","",""
"545","15","Oprișan, I., Romanul vieții lui B. P. Hasdeu. București, 1990","M. Pintilie","","","","","","","","","","","478","481","","ro","published","RECENZII","seria-2","ingest/series2/issues/aaf-seria2-1987-1989-vol-v-vii/articles/081-oprisan-i-romanul-vietii-lui-b-p-hasdeu-bucuresti-1990.pdf","","","","","","","","","",""
"546","15","Ipoteze privind originea cuvîntului „doină""","V. I. Oprișiu","","","","","","","","","","","482","484","","ro","published","NOTE","seria-2","ingest/series2/issues/aaf-seria2-1987-1989-vol-v-vii/articles/082-ipoteze-privind-originea-cuvintului-doina.pdf","","","","","","","","","",""
"547","15","Copie-manuscris a colecției „Doine și strigături din Ardeal""","A. Pavelescu","","","","","","","","","","","485","486","","ro","published","NOTE","seria-2","ingest/series2/issues/aaf-seria2-1987-1989-vol-v-vii/articles/083-copie-manuscris-a-colectiei-doine-si-strigaturi-din-ardeal.pdf","","","","","","","","","",""
"548","15","Lirica populară în actualitate","L. Malița","","","","","","","","","","","487","489","","ro","published","NOTE","seria-2","ingest/series2/issues/aaf-seria2-1987-1989-vol-v-vii/articles/084-lirica-populara-in-actualitate.pdf","","","","","","","","","",""
"549","15","Festivalul jocului fecioresc din Transilvania","Z. Dejeu","","","","","","","","","","","490","492","","ro","published","NOTE","seria-2","ingest/series2/issues/aaf-seria2-1987-1989-vol-v-vii/articles/085-festivalul-jocului-fecioresc-din-transilvania.pdf","","","","","","","","","",""
"550","15","Ispirescu reeditat","V. Florea","","","","","","","","","","","493","494","","ro","published","NOTE","seria-2","ingest/series2/issues/aaf-seria2-1987-1989-vol-v-vii/articles/086-ispirescu-reeditat.pdf","","","","","","","","","",""
"551","15","Butură, N., Cultura spirituală românească, București, 1992","I. Cuceu","","","","","","","","","","","495","495","","ro","published","RECENZII","seria-2","ingest/series2/issues/aaf-seria2-1987-1989-vol-v-vii/articles/087-butura-n-cultura-spirituala-romaneasca-bucuresti-1992.pdf","","","","","","","","","",""
"552","15","Pop, D., Obiceiuri agrare în tradiția populară românească. Cluj-Napoca, 1989","N. Bot","","","","","","","","","","","496","496","","ro","published","RECENZII","seria-2","ingest/series2/issues/aaf-seria2-1987-1989-vol-v-vii/articles/088-pop-d-obiceiuri-agrare-in-traditia-populara-romaneasca-cluj-napoca-1989.pdf","","","","","","","","","",""
"553","15","Noi bibliografii folclorice","V. Florea","","","","","","","","","","","497","497","","ro","published","NOTE","seria-2","ingest/series2/issues/aaf-seria2-1987-1989-vol-v-vii/articles/089-noi-bibliografii-folclorice.pdf","","","","","","","","","",""
"554","15","Etnobotanică și etnoiatrie","N. Bot","","","","","","","","","","","498","498","","ro","published","NOTE","seria-2","ingest/series2/issues/aaf-seria2-1987-1989-vol-v-vii/articles/090-etnobotanica-si-etnoiatrie.pdf","","","","","","","","","",""
"555","15","Datcu, I., V. Săvulescu, O capodoperă a baladei românești: „Toma Alimoș"". București, 1989","I. Cuceu","","","","","","","","","","","498","499","","ro","published","RECENZII","seria-2","ingest/series2/issues/aaf-seria2-1987-1989-vol-v-vii/articles/091-datcu-i-v-savulescu-o-capodopera-a-baladei-romanesti-toma-alimos-bucuresti-1989.pdf","","","","","","","","","",""
"556","15","O contribuție esențială la definirea Omului","I. Bot","","","","","","","","","","","500","500","","ro","published","NOTE","seria-2","ingest/series2/issues/aaf-seria2-1987-1989-vol-v-vii/articles/092-o-contributie-esentiala-la-definirea-omului.pdf","","","","","","","","","",""
"557","15","Cuceu, I., M. Cuceu, Vechi obiceiuri agrare românești. București, 1988 (E. Bîrlea) .","","","","","","","","","","","","500","500","","ro","published","RECENZII","seria-2","ingest/series2/issues/aaf-seria2-1987-1989-vol-v-vii/articles/093-cuceu-i-m-cuceu-vechi-obiceiuri-agrare-romanesti-bucuresti-1988-e-birlea.pdf","","","","","","","","","",""
"558","15","Ciubotaru I. H., Valea Somuzului Mare. Monografie folclorică. Cu un capitol de etnomuzicologie de Florin Bucescu și Viorel Bîrleanu. I—II. Iași, 1991 (N. Bot) .","","","","","","","","","","","","501","502","","ro","published","RECENZII","seria-2","ingest/series2/issues/aaf-seria2-1987-1989-vol-v-vii/articles/094-ciubotaru-i-h-valea-somuzului-mare-monografie-folclorica-cu-un-capitol-de-etnomuzicologie-de-florin-bucescu-si-viorel-bi.pdf","","","","","","","","","",""
"559","15","Butură V., Străvechi mărturii de civilizație românească. Transilvania. București 1989","I. Cuceu","","","","","","","","","","","503","504","","ro","published","RECENZII","seria-2","ingest/series2/issues/aaf-seria2-1987-1989-vol-v-vii/articles/095-butura-v-stravechi-marturii-de-civilizatie-romaneasca-transilvania-bucuresti-1989.pdf","","","","","","","","","",""
"560","15","Diaconu, I., Ținutul Vrancei. III—IV. București, 1989","D. Pop","","","","","","","","","","","505","506","","ro","published","RECENZII","seria-2","ingest/series2/issues/aaf-seria2-1987-1989-vol-v-vii/articles/096-diaconu-i-tinutul-vrancei-iiiiv-bucuresti-1989.pdf","","","","","","","","","",""
"561","15","Robea, M., Basme populare românești. București, 1986","M. Cuceu","","","","","","","","","","","507","507","","ro","published","RECENZII","seria-2","ingest/series2/issues/aaf-seria2-1987-1989-vol-v-vii/articles/097-robea-m-basme-populare-romanesti-bucuresti-1986.pdf","","","","","","","","","",""
"562","15","Bîrleanu, V., Bucescu, F., Melodii de joc din Moldova. Iași, 1990 (Z. Dejeu) .","","","","","","","","","","","","508","509","","ro","published","RECENZII","seria-2","ingest/series2/issues/aaf-seria2-1987-1989-vol-v-vii/articles/098-birleanu-v-bucescu-f-melodii-de-joc-din-moldova-iasi-1990-z-dejeu.pdf","","","","","","","","","",""
"563","15","Bot, N., Cîntecele cununii. București, 1989","I. Cuceu","","","","","","","","","","","510","510","","ro","published","RECENZII","seria-2","ingest/series2/issues/aaf-seria2-1987-1989-vol-v-vii/articles/099-bot-n-cintecele-cununii-bucuresti-1989.pdf","","","","","","","","","",""
"564","15","Mironenko, I., Și cânt codrului cu drag. Folclor moldovenesc din sate nord-caucaziene. Chișinău, 1987","N. Bot","","","","","","","","","","","511","512","","ro","published","RECENZII","seria-2","ingest/series2/issues/aaf-seria2-1987-1989-vol-v-vii/articles/100-mironenko-i-si-cant-codrului-cu-drag-folclor-moldovenesc-din-sate-nord-caucaziene-chisinau-1987.pdf","","","","","","","","","",""
"565","15","Cît îi Maramureșul. Culegere, alcătnire, note și comentarii de — [un colectiv al Institutului de Etnografie și Folclor]. Chișinău, 1993","I. Datcu","","","","","","","","","","","513","513","","ro","published","RECENZII","seria-2","ingest/series2/issues/aaf-seria2-1987-1989-vol-v-vii/articles/101-cit-ii-maramuresul-culegere-alcatnire-note-si-comentarii-de-un-colectiv-al-institutului-de-etnografie-si-folclor-chisina.pdf","","","","","","","","","",""
"566","15","Folclor din Țara Fagilor. [Antologie editată de Institutul de Etnografie și Folclor], Chișinău, 1993","I. Datcu","","","","","","","","","","","514","514","","ro","published","RECENZII","seria-2","ingest/series2/issues/aaf-seria2-1987-1989-vol-v-vii/articles/102-folclor-din-tara-fagilor-antologie-editata-de-institutul-de-etnografie-si-folclor-chisinau-1993.pdf","","","","","","","","","",""
"567","15","Ștețco, V., Poezii populare din Țara Maramureșului, București, 1990 (E. Platon) .","","","","","","","","","","","","515","515","","ro","published","RECENZII","seria-2","ingest/series2/issues/aaf-seria2-1987-1989-vol-v-vii/articles/103-stetco-v-poezii-populare-din-tara-maramuresului-bucuresti-1990-e-platon.pdf","","","","","","","","","",""
"568","15","Medan, V., Folclor muzical. Cântece de joc. II. București, 1989 (E. Hlinca-Drăgan) .","","","","","","","","","","","","516","517","","ro","published","RECENZII","seria-2","ingest/series2/issues/aaf-seria2-1987-1989-vol-v-vii/articles/104-medan-v-folclor-muzical-cantece-de-joc-ii-bucuresti-1989-e-hlinca-dragan.pdf","","","","","","","","","",""
"569","15","Bilțiu, P., Poezii și povești populare din Țara Lăpușului. București, 1990","E. Platon","","","","","","","","","","","518","518","","ro","published","RECENZII","seria-2","ingest/series2/issues/aaf-seria2-1987-1989-vol-v-vii/articles/105-biltiu-p-poezii-si-povesti-populare-din-tara-lapusului-bucuresti-1990.pdf","","","","","","","","","",""
"570","15","Narodni perlene. Ucrainsca narodna poetečna tvorčist. București, 1986 (M. Kramar) .","","","","","","","","","","","","519","520","","ro","published","RECENZII","seria-2","ingest/series2/issues/aaf-seria2-1987-1989-vol-v-vii/articles/106-narodni-perlene-ucrainsca-narodna-poetecna-tvorcist-bucuresti-1986-m-kramar.pdf","","","","","","","","","",""
"571","15","Néphagyományok új környezetben. Tanulmányok a folklorizmus köréből, București, 1987","I. Demény","","","","","","","","","","","521","522","","ro","published","RECENZII","seria-2","ingest/series2/issues/aaf-seria2-1987-1989-vol-v-vii/articles/107-nephagyomanyok-uj-kornyezetben-tanulmanyok-a-folklorizmus-korebol-bucuresti-1987.pdf","","","","","","","","","",""
"572","15","Mărgineanu, I., Iancule, soare tundit. Culegere-selecție, cuvânt înainte, note asupra lucrării — Alba Iulia, 1992","E. Bîrlea","","","","","","","","","","","523","524","","ro","published","RECENZII","seria-2","ingest/series2/issues/aaf-seria2-1987-1989-vol-v-vii/articles/108-margineanu-i-iancule-soare-tundit-culegere-selectie-cuvant-inainte-note-asupra-lucrarii-alba-iulia-1992.pdf","","","","","","","","","",""
"573","15","Felea, R., Avram Iancu in tradiția moților. Cluj-Napoca, 1992","E. Bîrlea","","","","","","","","","","","525","525","","ro","published","RECENZII","seria-2","ingest/series2/issues/aaf-seria2-1987-1989-vol-v-vii/articles/109-felea-r-avram-iancu-in-traditia-motilor-cluj-napoca-1992.pdf","","","","","","","","","",""
"574","15","Stahl, P. H., La consanguinité fictive. Paris, 1985/1987","Gh. Șișeștean","","","","","","","","","","","526","526","","ro","published","RECENZII","seria-2","ingest/series2/issues/aaf-seria2-1987-1989-vol-v-vii/articles/110-stahl-p-h-la-consanguinite-fictive-paris-19851987.pdf","","","","","","","","","",""
"575","15","Stahl, P. H., La fonction de „vieillard"". Quelques exemples de l'Europe Orientale. Lisabona, 1989","Gh. Șișeștean","","","","","","","","","","","527","527","","ro","published","RECENZII","seria-2","ingest/series2/issues/aaf-seria2-1987-1989-vol-v-vii/articles/111-stahl-p-h-la-fonction-de-vieillard-quelques-exemples-de-leurope-orientale-lisabona-1989.pdf","","","","","","","","","",""
"576","16","Prefață","","","","","","","","","","","","9","10","","ro","published","","seria-2","ingest/series2/issues/aaf-seria2-1985-1986-vol-iii-iv/articles/001-prefata.pdf","","","","","","","","","",""
"577","16","Folclorul românesc — vechime, statornicie, originalitate","","","","","","","","","","","","11","14","","ro","published","","seria-2","ingest/series2/issues/aaf-seria2-1985-1986-vol-iii-iv/articles/002-folclorul-romanesc-vechime-statornicie-originalitate.pdf","","","","","","","","","",""
"578","16","Miorița și vechile rituri funerare la români. I.","Ion Taloș","","","","","","","","","","","15","35","","ro","published","STUDII","seria-2","ingest/series2/issues/aaf-seria2-1985-1986-vol-iii-iv/articles/003-miorita-si-vechile-rituri-funerare-la-romani-i.pdf","","","","","","","","","",""
"579","16","Rituri funerare: vechime și semnificație","Nicolae Bot","","","","","","","","","","","36","59","","ro","published","STUDII","seria-2","ingest/series2/issues/aaf-seria2-1985-1986-vol-iii-iv/articles/004-rituri-funerare-vechime-si-semnificatie.pdf","","","","","","","","","",""
"580","16","Izvoare bizantine interesînd folcloristica românească","Adrian Fochi","","","","","","","","","","","60","70","","ro","published","STUDII","seria-2","ingest/series2/issues/aaf-seria2-1985-1986-vol-iii-iv/articles/005-izvoare-bizantine-interesind-folcloristica-romaneasca.pdf","","","","","","","","","",""
"581","16","Paralele românești în folclorul universal","Harry A. Senn","","","","","","","","","","","71","85","","ro","published","STUDII","seria-2","ingest/series2/issues/aaf-seria2-1985-1986-vol-iii-iv/articles/006-paralele-romanesti-in-folclorul-universal.pdf","","","","","","","","","",""
"582","16","„Schimburile"" — o secvență a ceremonialului nupțial","Ion Șeuleanu","","","","","","","","","","","86","100","","ro","published","STUDII","seria-2","ingest/series2/issues/aaf-seria2-1985-1986-vol-iii-iv/articles/007-schimburile-o-secventa-a-ceremonialului-nuptial.pdf","","","","","","","","","",""
"583","16","Actualitatea unei teme etnografice și de folclor: obiceiurile agrare","Ion Cuceu, Maria Cuceu","","","","","","","","","","","101","110","","ro","published","STUDII","seria-2","ingest/series2/issues/aaf-seria2-1985-1986-vol-iii-iv/articles/008-actualitatea-unei-teme-etnografice-si-de-folclor-obiceiurile-agrare.pdf","","","","","","","","","",""
"584","16","Preliminarii la studiul repartiției zonale a culturii populare românești în funcție de criteriile folclorului muzical","Corneliu Dan Georgescu","","","","","","","","","","","111","119","","ro","published","STUDII","seria-2","ingest/series2/issues/aaf-seria2-1985-1986-vol-iii-iv/articles/009-preliminarii-la-studiul-repartitiei-zonale-a-culturii-populare-romanesti-in-functie-de-criteriile-folclorului-muzical.pdf","","","","","","","","","",""
"585","16","Ludicul în cîntecul popular românesc","Traian Mirza","","","","","","","","","","","120","130","","ro","published","STUDII","seria-2","ingest/series2/issues/aaf-seria2-1985-1986-vol-iii-iv/articles/010-ludicul-in-cintecul-popular-romanesc.pdf","","","","","","","","","",""
"586","16","Cimpoierul—păpușar","Iosif Herțea","","","","","","","","","","","131","160","","ro","published","STUDII","seria-2","ingest/series2/issues/aaf-seria2-1985-1986-vol-iii-iv/articles/011-cimpoierulpapusar.pdf","","","","","","","","","",""
"587","16","Elemente compoziționale în structura arhitectonică a țipurituri oșenești","Lucia Iștoc","","","","","","","","","","","161","174","","ro","published","STUDII","seria-2","ingest/series2/issues/aaf-seria2-1985-1986-vol-iii-iv/articles/012-elemente-compozitionale-in-structura-arhitectonica-a-tipurituri-osenesti.pdf","","","","","","","","","",""
"588","16","Cultura populară spirituală românească în perioada medievală. Izvoarele documentare","Ion Chiș Șter","","","","","","","","","","","175","183","","ro","published","STUDII","seria-2","ingest/series2/issues/aaf-seria2-1985-1986-vol-iii-iv/articles/013-cultura-populara-spirituala-romaneasca-in-perioada-medievala-izvoarele-documentare.pdf","","","","","","","","","",""
"589","16","Prima generație de folcloriști sași","Hanni Markel","","","","","","","","","","","184","216","","ro","published","STUDII","seria-2","ingest/series2/issues/aaf-seria2-1985-1986-vol-iii-iv/articles/014-prima-generatie-de-folcloristi-sasi.pdf","","","","","","","","","",""
"590","16","Un povestitor maghiar din Cristurul Secuiesc din anii de după 1810","József Faragó","","","","","","","","","","","217","224","","ro","published","STUDII","seria-2","ingest/series2/issues/aaf-seria2-1985-1986-vol-iii-iv/articles/015-un-povestitor-maghiar-din-cristurul-secuiesc-din-anii-de-dupa-1810.pdf","","","","","","","","","",""
"591","16","Zilahy Kiss Károly și folclorul românesc din Transilvania","Gabriella Vöö","","","","","","","","","","","225","237","","ro","published","STUDII","seria-2","ingest/series2/issues/aaf-seria2-1985-1986-vol-iii-iv/articles/016-zilahy-kiss-karoly-si-folclorul-romanesc-din-transilvania.pdf","","","","","","","","","",""
"592","16","Texte populare într-un vechi manuscris bihorean","Mircea Popa","","","","","","","","","","","238","256","","ro","published","STUDII","seria-2","ingest/series2/issues/aaf-seria2-1985-1986-vol-iii-iv/articles/017-texte-populare-intr-un-vechi-manuscris-bihorean.pdf","","","","","","","","","",""
"593","16","Zoltán Kodály și cercetarea muzicii populare din Transilvania","István Almási","","","","","","","","","","","257","265","","ro","published","ANIVERSĂRI UNESCO","seria-2","ingest/series2/issues/aaf-seria2-1985-1986-vol-iii-iv/articles/018-zoltan-kodaly-si-cercetarea-muzicii-populare-din-transilvania.pdf","","","","","","","","","",""
"594","16","Lazăr Șăineanu (1859—1934) către Moses Gaster","Virgiliu Florea","","","","","","","","","","","266","319","","ro","published","ARHIVA","seria-2","ingest/series2/issues/aaf-seria2-1985-1986-vol-iii-iv/articles/019-lazar-saineanu-18591934-catre-moses-gaster.pdf","","","","","","","","","",""
"595","16","Tiberiu Morariu (1905—1982)","Petru Idu","","","","","","","","","","","320","322","","ro","published","IN MEMORIAM","seria-2","ingest/series2/issues/aaf-seria2-1985-1986-vol-iii-iv/articles/020-tiberiu-morariu-19051982.pdf","","","","","","","","","",""
"596","16","George Em. Marica (1904—1982)","Gheorghe Cordoș","","","","","","","","","","","323","325","","ro","published","IN MEMORIAM","seria-2","ingest/series2/issues/aaf-seria2-1985-1986-vol-iii-iv/articles/021-george-em-marica-19041982.pdf","","","","","","","","","",""
"597","16","Ioan R. Nicola (1913—1981)","Ion Cuceu","","","","","","","","","","","326","328","","ro","published","IN MEMORIAM","seria-2","ingest/series2/issues/aaf-seria2-1985-1986-vol-iii-iv/articles/022-ioan-r-nicola-19131981.pdf","","","","","","","","","",""
"598","16","Robert Wildhaber (1902—1982)","Rolf Wilh. Brednich","","","","","","","","","","","329","330","","ro","published","IN MEMORIAM","seria-2","ingest/series2/issues/aaf-seria2-1985-1986-vol-iii-iv/articles/023-robert-wildhaber-19021982.pdf","","","","","","","","","",""
"599","16","60 de ani de la întemeierea Muzeului etnografic al Transilvaniei","Maria Bocșe","","","","","","","","","","","331","333","","ro","published","NOTE","seria-2","ingest/series2/issues/aaf-seria2-1985-1986-vol-iii-iv/articles/024-60-de-ani-de-la-intemeierea-muzeului-etnografic-al-transilvaniei.pdf","","","","","","","","","",""
"600","16","Cultura tradițională și destinul ei în actualitate","Ion Șeuleanu","","","","","","","","","","","334","335","","ro","published","NOTE","seria-2","ingest/series2/issues/aaf-seria2-1985-1986-vol-iii-iv/articles/025-cultura-traditionala-si-destinul-ei-in-actualitate.pdf","","","","","","","","","",""
"601","16","Un remarcabil studiu despre balada populară","Ion Șeuleanu","","","","","","","","","","","336","337","","ro","published","NOTE","seria-2","ingest/series2/issues/aaf-seria2-1985-1986-vol-iii-iv/articles/026-un-remarcabil-studiu-despre-balada-populara.pdf","","","","","","","","","",""
"602","16","Lucrări preliminare la „Etnografia maghiară""","József Faragó","","","","","","","","","","","338","339","","ro","published","NOTE","seria-2","ingest/series2/issues/aaf-seria2-1985-1986-vol-iii-iv/articles/027-lucrari-preliminare-la-etnografia-maghiara.pdf","","","","","","","","","",""
"603","16","Studii de interpretare antropologică","Andrea Deletant","","","","","","","","","","","340","340","","ro","published","NOTE","seria-2","ingest/series2/issues/aaf-seria2-1985-1986-vol-iii-iv/articles/028-studii-de-interpretare-antropologica.pdf","","","","","","","","","",""
"604","16","Dansurile populației germane din Transilvania în atenția folcloriștilor și a practicienilor","Hanni Markel","","","","","","","","","","","341","343","","ro","published","NOTE","seria-2","ingest/series2/issues/aaf-seria2-1985-1986-vol-iii-iv/articles/029-dansurile-populatiei-germane-din-transilvania-in-atentia-folcloristilor-si-a-practicienilor.pdf","","","","","","","","","",""
"605","16","„Caietele Arhivei de folclor""","Ion Cuceu","","","","","","","","","","","344","345","","ro","published","NOTE","seria-2","ingest/series2/issues/aaf-seria2-1985-1986-vol-iii-iv/articles/030-caietele-arhivei-de-folclor.pdf","","","","","","","","","",""
"606","16","Reeditare și inedit — F. W. Schuster","Hanni Markel","","","","","","","","","","","346","347","","ro","published","NOTE","seria-2","ingest/series2/issues/aaf-seria2-1985-1986-vol-iii-iv/articles/031-reeditare-si-inedit-f-w-schuster.pdf","","","","","","","","","",""
"607","16","Bibliografia internațională a etnografiei și folclorului pe anii 1977—1978 (Ion Taloș) .","","","","","","","","","","","","348","349","","ro","published","NOTE","seria-2","ingest/series2/issues/aaf-seria2-1985-1986-vol-iii-iv/articles/032-bibliografia-internationala-a-etnografiei-si-folclorului-pe-anii-19771978-ion-talos.pdf","","","","","","","","","",""
"608","16","Ovidiu Bîrlea, Folclorul românesc, I—II. București, 1981, 1983","N. Bot","","","","","","","","","","","350","352","","ro","published","RECENZII","seria-2","ingest/series2/issues/aaf-seria2-1985-1986-vol-iii-iv/articles/033-ovidiu-birlea-folclorul-romanesc-iii-bucuresti-1981-1983.pdf","","","","","","","","","",""
"609","16","Al. I. Amzulescu, Cîntecul epic eroic. Tipologie și corpus de texte poetice. București, 1981","A. Fochi","","","","","","","","","","","353","355","","ro","published","RECENZII","seria-2","ingest/series2/issues/aaf-seria2-1985-1986-vol-iii-iv/articles/034-al-i-amzulescu-cintecul-epic-eroic-tipologie-si-corpus-de-texte-poetice-bucuresti-1981.pdf","","","","","","","","","",""
"610","16","Constantin Brăiloiu, Opere. Oeuvres, V, București, 1981","N. Bot","","","","","","","","","","","356","357","","ro","published","RECENZII","seria-2","ingest/series2/issues/aaf-seria2-1985-1986-vol-iii-iv/articles/035-constantin-brailoiu-opere-oeuvres-v-bucuresti-1981.pdf","","","","","","","","","",""
"611","16","Dionisie Petcu, Conceptul de etnic. Eseu metodologic. București, 1980 (I. Șeuleanu) .","","","","","","","","","","","","358","359","","ro","published","RECENZII","seria-2","ingest/series2/issues/aaf-seria2-1985-1986-vol-iii-iv/articles/036-dionisie-petcu-conceptul-de-etnic-eseu-metodologic-bucuresti-1980-i-seuleanu.pdf","","","","","","","","","",""
"612","16","Hermann Bausinger, Utz Jeggle, Gottfried Korff, Martin Scharfe, Grundzüge der Volkskunde. Darmstadt, 1978","I. Taloș","","","","","","","","","","","360","361","","ro","published","RECENZII","seria-2","ingest/series2/issues/aaf-seria2-1985-1986-vol-iii-iv/articles/037-hermann-bausinger-utz-jeggle-gottfried-korff-martin-scharfe-grundzuge-der-volkskunde-darmstadt-1978.pdf","","","","","","","","","",""
"613","16","Hermann Strobach (ed.), Geschichte der deutschen Volksdichtung. Berlin, 1982","H. Markel","","","","","","","","","","","362","363","","ro","published","RECENZII","seria-2","ingest/series2/issues/aaf-seria2-1985-1986-vol-iii-iv/articles/038-hermann-strobach-ed-geschichte-der-deutschen-volksdichtung-berlin-1982.pdf","","","","","","","","","",""
"614","16","Vargyas Lajos, A magyarság népzenéje, Budapest, 1981","I. Almási","","","","","","","","","","","364","364","","ro","published","RECENZII","seria-2","ingest/series2/issues/aaf-seria2-1985-1986-vol-iii-iv/articles/039-vargyas-lajos-a-magyarsag-nepzeneje-budapest-1981.pdf","","","","","","","","","",""
"615","16","Adrian Fochi, Estetica oralității. București, 1980","I. Taloș","","","","","","","","","","","365","365","","ro","published","RECENZII","seria-2","ingest/series2/issues/aaf-seria2-1985-1986-vol-iii-iv/articles/040-adrian-fochi-estetica-oralitatii-bucuresti-1980.pdf","","","","","","","","","",""
"616","16","Marco Cugno, Dumitru Loșonți, Folclore letterario romeno. Torino, 1981 (M. Cuceu) .","","","","","","","","","","","","366","366","","ro","published","RECENZII","seria-2","ingest/series2/issues/aaf-seria2-1985-1986-vol-iii-iv/articles/041-marco-cugno-dumitru-losonti-folclore-letterario-romeno-torino-1981-m-cuceu.pdf","","","","","","","","","",""
"617","16","Szendrei Janka, Dobszay László, Rajeczky Benjamin, XVI—XVII. századi dallamaink a népi emlékezetben. I—II. Budapest, 1979","I. Almási","","","","","","","","","","","367","367","","ro","published","RECENZII","seria-2","ingest/series2/issues/aaf-seria2-1985-1986-vol-iii-iv/articles/042-szendrei-janka-dobszay-laszlo-rajeczky-benjamin-xvixvii-szazadi-dallamaink-a-nepi-emlekezetben-iii-budapest-1979.pdf","","","","","","","","","",""
"618","16","11. Arbeitstagung über Probleme der europäischen Volksballade vom 22. bis 24. August 1980 in Jannina/Griechenland. Jannina, 1981","I. Taloș","","","","","","","","","","","368","369","","ro","published","RECENZII","seria-2","ingest/series2/issues/aaf-seria2-1985-1986-vol-iii-iv/articles/043-11-arbeitstagung-uber-probleme-der-europaischen-volksballade-vom-22-bis-24-august-1980-in-janninagriechenland-jannina-19.pdf","","","","","","","","","",""
"619","16","Jahrbuch für Volksliedforschung. Bd. 23—28","I. Taloș","","","","","","","","","","","370","371","","ro","published","RECENZII","seria-2","ingest/series2/issues/aaf-seria2-1985-1986-vol-iii-iv/articles/044-jahrbuch-fur-volksliedforschung-bd-2328.pdf","","","","","","","","","",""
"620","16","Ion Diaconu, Cîntăreți și povestitori populari. București, 1980","I. Cuceu","","","","","","","","","","","372","373","","ro","published","RECENZII","seria-2","ingest/series2/issues/aaf-seria2-1985-1986-vol-iii-iv/articles/045-ion-diaconu-cintareti-si-povestitori-populari-bucuresti-1980.pdf","","","","","","","","","",""
"621","16","G. Dem. Teodorescu, Poezii populare române. București, 1982","I. Cuceu","","","","","","","","","","","374","374","","ro","published","RECENZII","seria-2","ingest/series2/issues/aaf-seria2-1985-1986-vol-iii-iv/articles/046-g-dem-teodorescu-poezii-populare-romane-bucuresti-1982.pdf","","","","","","","","","",""
"622","16","Ernst Klusen (ed.), Deutsche Lieder. Texte und Melodien. Frankfurt am Main, 1980","H. Markel","","","","","","","","","","","375","375","","ro","published","RECENZII","seria-2","ingest/series2/issues/aaf-seria2-1985-1986-vol-iii-iv/articles/047-ernst-klusen-ed-deutsche-lieder-texte-und-melodien-frankfurt-am-main-1980.pdf","","","","","","","","","",""
"623","16","Gh. I., Neagu (ed.), Cîntece și jocuri de copii. București, 1982","I. Cuceu","","","","","","","","","","","376","377","","ro","published","RECENZII","seria-2","ingest/series2/issues/aaf-seria2-1985-1986-vol-iii-iv/articles/048-gh-i-neagu-ed-cintece-si-jocuri-de-copii-bucuresti-1982.pdf","","","","","","","","","",""
"624","16","Faragó József, Fábián Imre, Bihari gyermekmondókák. Bukarest, 1982","G. Vöö","","","","","","","","","","","378","378","","ro","published","RECENZII","seria-2","ingest/series2/issues/aaf-seria2-1985-1986-vol-iii-iv/articles/049-farago-jozsef-fabian-imre-bihari-gyermekmondokak-bukarest-1982.pdf","","","","","","","","","",""
"625","16","Ligia Toma Zoicaș, Antologie din folclorul copiilor destinată instruirii muzicale. Cluj-Napoca, 1981","L. Iștoc","","","","","","","","","","","379","379","","ro","published","RECENZII","seria-2","ingest/series2/issues/aaf-seria2-1985-1986-vol-iii-iv/articles/050-ligia-toma-zoicas-antologie-din-folclorul-copiilor-destinata-instruirii-muzicale-cluj-napoca-1981.pdf","","","","","","","","","",""
"626","16","Lutz Röhrich, Wolfgang Mieder, Sprichwort. Stuttgart, 1977","I. Taloș","","","","","","","","","","","380","381","","ro","published","RECENZII","seria-2","ingest/series2/issues/aaf-seria2-1985-1986-vol-iii-iv/articles/051-lutz-rohrich-wolfgang-mieder-sprichwort-stuttgart-1977.pdf","","","","","","","","","",""
"627","16","Wolfgang Mieder, Das Sprichwort in der deutschen Prosaliteratur des neunzehnten Jahrhunderts. München, 1976","I. Taloș","","","","","","","","","","","382","382","","ro","published","RECENZII","seria-2","ingest/series2/issues/aaf-seria2-1985-1986-vol-iii-iv/articles/052-wolfgang-mieder-das-sprichwort-in-der-deutschen-prosaliteratur-des-neunzehnten-jahrhunderts-munchen-1976.pdf","","","","","","","","","",""
"628","16","Angăcitor armâneasâte/Aromunske zagonetke. Beograd, 1980","L. Bot","","","","","","","","","","","382","383","","ro","published","RECENZII","seria-2","ingest/series2/issues/aaf-seria2-1985-1986-vol-iii-iv/articles/053-angacitor-armaneasatearomunske-zagonetke-beograd-1980.pdf","","","","","","","","","",""
"629","16","Ovidiu Bîrlea, Eseu despre dansul popular românesc. București, 1982 (I. Cuceu) .","","","","","","","","","","","","384","385","","ro","published","RECENZII","seria-2","ingest/series2/issues/aaf-seria2-1985-1986-vol-iii-iv/articles/054-ovidiu-birlea-eseu-despre-dansul-popular-romanesc-bucuresti-1982-i-cuceu.pdf","","","","","","","","","",""
"630","16","Gail Kligman, Căluș. Symbolic Transformation in Romanian Ritual. Chicago and London, 1981","Harry A. Senn","","","","","","","","","","","386","387","","ro","published","RECENZII","seria-2","ingest/series2/issues/aaf-seria2-1985-1986-vol-iii-iv/articles/055-gail-kligman-calus-symbolic-transformation-in-romanian-ritual-chicago-and-london-1981.pdf","","","","","","","","","",""
"631","16","Brüder Grimm, Kinder- und Hausmärchen. Band 1—3. Stuttgart, 1980 (I. Taloș) .","","","","","","","","","","","","388","390","","ro","published","RECENZII","seria-2","ingest/series2/issues/aaf-seria2-1985-1986-vol-iii-iv/articles/056-bruder-grimm-kinder-und-hausmarchen-band-13-stuttgart-1980-i-talos.pdf","","","","","","","","","",""
"632","16","Andrei Oișteanu, Grădina de dincolo. Zoosofia. Cluj-Napoca, 1980","Șt. Gencărău","","","","","","","","","","","391","392","","ro","published","RECENZII","seria-2","ingest/series2/issues/aaf-seria2-1985-1986-vol-iii-iv/articles/057-andrei-oisteanu-gradina-de-dincolo-zoosofia-cluj-napoca-1980.pdf","","","","","","","","","",""
"633","16","Vöö Gabriella, Tréfás népi elbeszélések. Bukarest, 1980","I. Șeuleanu, M. Márk","","","","","","","","","","","393","394","","ro","published","RECENZII","seria-2","ingest/series2/issues/aaf-seria2-1985-1986-vol-iii-iv/articles/058-voo-gabriella-trefas-nepi-elbeszelesek-bukarest-1980.pdf","","","","","","","","","",""
"634","16","Felix Karlinger, Emanuel Turczynski (ed.), Rumänische Sagen und Sagen aus Rumänien. Berlin, 1982","H. Markel","","","","","","","","","","","395","396","","ro","published","RECENZII","seria-2","ingest/series2/issues/aaf-seria2-1985-1986-vol-iii-iv/articles/059-felix-karlinger-emanuel-turczynski-ed-rumanische-sagen-und-sagen-aus-rumanien-berlin-1982.pdf","","","","","","","","","",""
"635","16","Romanian Folk Tales. Bucharest, 1979","A. S. Ginter","","","","","","","","","","","397","398","","ro","published","RECENZII","seria-2","ingest/series2/issues/aaf-seria2-1985-1986-vol-iii-iv/articles/060-romanian-folk-tales-bucharest-1979.pdf","","","","","","","","","",""
"636","16","Ingo Reiffenstein (ed.). Österreichische Märchen. Düsseldorf-Köln, 1979 (I. Taloș) .","","","","","","","","","","","","399","399","","ro","published","RECENZII","seria-2","ingest/series2/issues/aaf-seria2-1985-1986-vol-iii-iv/articles/061-ingo-reiffenstein-ed-osterreichische-marchen-dusseldorf-koln-1979-i-talos.pdf","","","","","","","","","",""
"637","16","Bohdan Mykytiuk (ed.), Ukrainische Märchen. Düsseldorf-Köln, 1979 (I. Taloș) .","","","","","","","","","","","","400","400","","ro","published","RECENZII","seria-2","ingest/series2/issues/aaf-seria2-1985-1986-vol-iii-iv/articles/062-bohdan-mykytiuk-ed-ukrainische-marchen-dusseldorf-koln-1979-i-talos.pdf","","","","","","","","","",""
"638","16","Günter Hartfiel, Karl-Heinz Hillmann, Wörterbuch der Soziologie. Stuttgart, 1982","I. Taloș","","","","","","","","","","","401","402","","ro","published","RECENZII","seria-2","ingest/series2/issues/aaf-seria2-1985-1986-vol-iii-iv/articles/063-gunter-hartfiel-karl-heinz-hillmann-worterbuch-der-soziologie-stuttgart-1982.pdf","","","","","","","","","",""
"639","16","René König, Die Familie der Gegenwart. Ein interkultureller Vergleich. München, 1978","I. Taloș","","","","","","","","","","","403","403","","ro","published","RECENZII","seria-2","ingest/series2/issues/aaf-seria2-1985-1986-vol-iii-iv/articles/064-rene-konig-die-familie-der-gegenwart-ein-interkultureller-vergleich-munchen-1978.pdf","","","","","","","","","",""
"640","16","Ina-Maria Greverus, Kultur und Alltagswelt. München, 1978","I. Taloș","","","","","","","","","","","404","405","","ro","published","RECENZII","seria-2","ingest/series2/issues/aaf-seria2-1985-1986-vol-iii-iv/articles/065-ina-maria-greverus-kultur-und-alltagswelt-munchen-1978.pdf","","","","","","","","","",""
"641","16","Ingeborg Weber-Kellermann, Brauch. Familie. Arbeitsleben. Marburg, 1978","H. Markel","","","","","","","","","","","406","406","","ro","published","RECENZII","seria-2","ingest/series2/issues/aaf-seria2-1985-1986-vol-iii-iv/articles/066-ingeborg-weber-kellermann-brauch-familie-arbeitsleben-marburg-1978.pdf","","","","","","","","","",""
"642","16","Graiul, etnografia și folclorul zonei Chioar. Baia Mare, 1983","N. Bot","","","","","","","","","","","407","408","","ro","published","RECENZII","seria-2","ingest/series2/issues/aaf-seria2-1985-1986-vol-iii-iv/articles/067-graiul-etnografia-si-folclorul-zonei-chioar-baia-mare-1983.pdf","","","","","","","","","",""
"643","16","Péntek János, A kalotaszegi népi hímzés és szókincse. Bukarest, 1979","I. Șeuleanu, M. Márk","","","","","","","","","","","409","409","","ro","published","RECENZII","seria-2","ingest/series2/issues/aaf-seria2-1985-1986-vol-iii-iv/articles/068-pentek-janos-a-kalotaszegi-nepi-himzes-es-szokincse-bukarest-1979.pdf","","","","","","","","","",""
"644","16","Iordan Datcu, S. C. Stroescu, Dicționarul folcloriștilor, [I]. Folclorul literar. București, 1979; Iordan Datcu, Dicționarul folcloriștilor, [II]. Folclorul muzical, coregrafic și literar românesc. București, 1983 (I. Cuceu) .","","","","","","","","","","","","410","411","","ro","published","RECENZII","seria-2","ingest/series2/issues/aaf-seria2-1985-1986-vol-iii-iv/articles/069-iordan-datcu-s-c-stroescu-dictionarul-folcloristilor-i-folclorul-literar-bucuresti-1979-iordan-datcu-dictionarul-folclor.pdf","","","","","","","","","",""
"645","16","Wörterbuch der Antike. Mit Berücksichtigung ihres Fortwirkens. Stuttgart, 1976","I. Taloș","","","","","","","","","","","412","413","","ro","published","RECENZII","seria-2","ingest/series2/issues/aaf-seria2-1985-1986-vol-iii-iv/articles/070-worterbuch-der-antike-mit-berucksichtigung-ihres-fortwirkens-stuttgart-1976.pdf","","","","","","","","","",""
"646","16","Helmut Koopmann (ed.), Mythos und Mythologie in der Literatur des 19. Jahrhunderts. Frankfurt am Main, 1979","I. Taloș","","","","","","","","","","","414","414","","ro","published","RECENZII","seria-2","ingest/series2/issues/aaf-seria2-1985-1986-vol-iii-iv/articles/071-helmut-koopmann-ed-mythos-und-mythologie-in-der-literatur-des-19-jahrhunderts-frankfurt-am-main-1979.pdf","","","","","","","","","",""
"647","16","Gunther Stephenson (ed.), Leben und Tod in den Religionen. Symbol und Wirklichkeit. Darmstadt, 1980","I. Taloș","","","","","","","","","","","415","415","","ro","published","RECENZII","seria-2","ingest/series2/issues/aaf-seria2-1985-1986-vol-iii-iv/articles/072-gunther-stephenson-ed-leben-und-tod-in-den-religionen-symbol-und-wirklichkeit-darmstadt-1980.pdf","","","","","","","","","",""
"648","16","Teodor T. Burada, Opere, III—IV. Folclor și etnografie. București, 1978, 1980","L. Bot","","","","","","","","","","","416","418","","ro","published","RECENZII","seria-2","ingest/series2/issues/aaf-seria2-1985-1986-vol-iii-iv/articles/073-teodor-t-burada-opere-iiiiv-folclor-si-etnografie-bucuresti-1978-1980.pdf","","","","","","","","","",""
"649","16","Damaschin Bojincă, Scrieri. De la idealul luminării la idealul național. Timișoara. 1978","L. Bot","","","","","","","","","","","419","419","","ro","published","RECENZII","seria-2","ingest/series2/issues/aaf-seria2-1985-1986-vol-iii-iv/articles/074-damaschin-bojinca-scrieri-de-la-idealul-luminarii-la-idealul-national-timisoara-1978.pdf","","","","","","","","","",""
"650","16","Inge Vielhaurer, Bruder und Schwester. Untersuchungen und Betrachtungen zu einem Urmotiv zwischenmenschlicher Beziehung. Bonn, 1979","I. Taloș","","","","","","","","","","","420","420","","ro","published","RECENZII","seria-2","ingest/series2/issues/aaf-seria2-1985-1986-vol-iii-iv/articles/075-inge-vielhaurer-bruder-und-schwester-untersuchungen-und-betrachtungen-zu-einem-urmotiv-zwischenmenschlicher-beziehung-bo.pdf","","","","","","","","","",""
"651","16","Herbert Halpert, A Folklore Sampler from the Maritimes. Newfoundland, 1982","I. Șeuleanu","","","","","","","","","","","421","426","","ro","published","RECENZII","seria-2","ingest/series2/issues/aaf-seria2-1985-1986-vol-iii-iv/articles/076-herbert-halpert-a-folklore-sampler-from-the-maritimes-newfoundland-1982.pdf","","","","","","","","","",""
"652","17","Prefață","","","","","","","","","","","","10","10","","ro","published","","seria-2","ingest/series2/issues/aaf-seria2-1984-vol-ii/articles/001-prefata.pdf","","","","","","","","","",""
"653","17","Exemplul lui Béla Bartók","Ovidiu Bîrlea","","","","","","","","","","","11","17","","ro","published","CENTENARUL NAȘTERII LUI BÉLA BARTÓK","seria-2","ingest/series2/issues/aaf-seria2-1984-vol-ii/articles/002-exemplul-lui-bela-bartok.pdf","","","","","","","","","",""
"654","17","Principiile lui Bartók și Brăiloiu privind metoda de culegere a folclorului","István Almási","","","","","","","","","","","18","27","","ro","published","CENTENARUL NAȘTERII LUI BÉLA BARTÓK","seria-2","ingest/series2/issues/aaf-seria2-1984-vol-ii/articles/003-principiile-lui-bartok-si-brailoiu-privind-metoda-de-culegere-a-folclorului.pdf","","","","","","","","","",""
"655","17","Béla Bartók și unele probleme ale cercetării muzicii populare instrumentale","Szenik Ilona","","","","","","","","","","","28","43","","ro","published","CENTENARUL NAȘTERII LUI BÉLA BARTÓK","seria-2","ingest/series2/issues/aaf-seria2-1984-vol-ii/articles/004-bela-bartok-si-unele-probleme-ale-cercetarii-muzicii-populare-instrumentale.pdf","","","","","","","","","",""
"656","17","Culegerile folclorice ale lui Béla Bartók în județul Arad","Ioan T. Florea","","","","","","","","","","","44","56","","ro","published","CENTENARUL NAȘTERII LUI BÉLA BARTÓK","seria-2","ingest/series2/issues/aaf-seria2-1984-vol-ii/articles/005-culegerile-folclorice-ale-lui-bela-bartok-in-judetul-arad.pdf","","","","","","","","","",""
"657","17","Descolindatul în sud-estul Europei. Partea I.","Petru Caraman","","","","","","","","","","","57","94","","ro","published","STUDII","seria-2","ingest/series2/issues/aaf-seria2-1984-vol-ii/articles/006-descolindatul-in-sud-estul-europei-partea-i.pdf","","","","","","","","","",""
"658","17","Miorița în Transilvania","Ion Taloș","","","","","","","","","","","95","134","","ro","published","STUDII","seria-2","ingest/series2/issues/aaf-seria2-1984-vol-ii/articles/007-miorita-in-transilvania.pdf","","","","","","","","","",""
"659","17","Structură și cronologie în construcția poeziei epice","Adrian Fochi","","","","","","","","","","","135","146","","ro","published","STUDII","seria-2","ingest/series2/issues/aaf-seria2-1984-vol-ii/articles/008-structura-si-cronologie-in-constructia-poeziei-epice.pdf","","","","","","","","","",""
"660","17","Paralele între baladele populare românești și maghiare","Faragó József","","","","","","","","","","","147","156","","ro","published","STUDII","seria-2","ingest/series2/issues/aaf-seria2-1984-vol-ii/articles/009-paralele-intre-baladele-populare-romanesti-si-maghiare.pdf","","","","","","","","","",""
"661","17","Plugarul sau trasul în apă","Traian Gherman","","","","","","","","","","","157","200","","ro","published","STUDII","seria-2","ingest/series2/issues/aaf-seria2-1984-vol-ii/articles/010-plugarul-sau-trasul-in-apa.pdf","","","","","","","","","",""
"662","17","„Sîngeorzul"" — un ritual mana în folclorul româneasc","Ion Cuceu, Maria Cuceu","","","","","","","","","","","201","214","","ro","published","STUDII","seria-2","ingest/series2/issues/aaf-seria2-1984-vol-ii/articles/011-singeorzul-un-ritual-mana-in-folclorul-romaneasc.pdf","","","","","","","","","",""
"663","17","Modele cognitive și artistice într-un ecosistem: Cheile Turzii","Vöö Gabriella, Lucia Iștoc","","","","","","","","","","","215","233","","ro","published","STUDII","seria-2","ingest/series2/issues/aaf-seria2-1984-vol-ii/articles/012-modele-cognitive-si-artistice-intr-un-ecosistem-cheile-turzii.pdf","","","","","","","","","",""
"664","17","Cîntecul „curunii la fată""","Ion Șeuleanu","","","","","","","","","","","234","240","","ro","published","STUDII","seria-2","ingest/series2/issues/aaf-seria2-1984-vol-ii/articles/013-cintecul-curunii-la-fata.pdf","","","","","","","","","",""
"665","17","Culegeri folclorice inedite ale elevilor din Blaj (1876—1879)","Virgiliu Florea","","","","","","","","","","","241","266","","ro","published","STUDII","seria-2","ingest/series2/issues/aaf-seria2-1984-vol-ii/articles/014-culegeri-folclorice-inedite-ale-elevilor-din-blaj-18761879.pdf","","","","","","","","","",""
"666","17","Proveniența povestilor din culegerea lui Josef Haltrich","Hanni Markel","","","","","","","","","","","267","287","","ro","published","STUDII","seria-2","ingest/series2/issues/aaf-seria2-1984-vol-ii/articles/015-provenienta-povestilor-din-culegerea-lui-josef-haltrich.pdf","","","","","","","","","",""
"667","17","Valeriu Butură, Leontin Ghergariu","1897—1980","","","","","","","","","","","288","289","","ro","published","IN MEMORIAM","seria-2","ingest/series2/issues/aaf-seria2-1984-vol-ii/articles/016-valeriu-butura-leontin-ghergariu.pdf","","","","","","","","","",""
"668","17","Semicentenarul Arhivei de folclor","Ion Taloș","","","","","","","","","","","290","291","","ro","published","NOTE","seria-2","ingest/series2/issues/aaf-seria2-1984-vol-ii/articles/017-semicentenarul-arhivei-de-folclor.pdf","","","","","","","","","",""
"669","17","Artur Gorovei către Moses Gaster","Virgiliu Florea","","","","","","","","","","","292","297","","ro","published","NOTE","seria-2","ingest/series2/issues/aaf-seria2-1984-vol-ii/articles/018-artur-gorovei-catre-moses-gaster.pdf","","","","","","","","","",""
"670","17","O enciclopedie de etnobotanică românească","A. Radu","","","","","","","","","","","298","298","","ro","published","NOTE","seria-2","ingest/series2/issues/aaf-seria2-1984-vol-ii/articles/019-o-enciclopedie-de-etnobotanica-romaneasca.pdf","","","","","","","","","",""
"671","17","Materialuri folcloristice","Ion Cuceu","","","","","","","","","","","298","299","","ro","published","NOTE","seria-2","ingest/series2/issues/aaf-seria2-1984-vol-ii/articles/020-materialuri-folcloristice.pdf","","","","","","","","","",""
"672","17","Elemente de folclor românesc în lucrări sovietice","O. Vințeler","","","","","","","","","","","300","301","","ro","published","NOTE","seria-2","ingest/series2/issues/aaf-seria2-1984-vol-ii/articles/021-elemente-de-folclor-romanesc-in-lucrari-sovietice.pdf","","","","","","","","","",""
"673","17","Grădina vrăjită irlandeză","Diane L. Hollingsworth","","","","","","","","","","","302","302","","ro","published","NOTE","seria-2","ingest/series2/issues/aaf-seria2-1984-vol-ii/articles/022-gradina-vrajita-irlandeza.pdf","","","","","","","","","",""
"674","17","Cartea baladelor","Ion Taloș","","","","","","","","","","","303","303","","ro","published","NOTE","seria-2","ingest/series2/issues/aaf-seria2-1984-vol-ii/articles/023-cartea-baladelor.pdf","","","","","","","","","",""
"675","17","Popor fără carte","Ion Taloș","","","","","","","","","","","304","304","","ro","published","NOTE","seria-2","ingest/series2/issues/aaf-seria2-1984-vol-ii/articles/024-popor-fara-carte.pdf","","","","","","","","","",""
"676","17","Studii de folclor în „Lucrări de muzicologie"" (1979)","L. Iștoc","","","","","","","","","","","305","306","","ro","published","NOTE","seria-2","ingest/series2/issues/aaf-seria2-1984-vol-ii/articles/025-studii-de-folclor-in-lucrari-de-muzicologie-1979.pdf","","","","","","","","","",""
"677","17","Mircea Eliade, De la Zalmoxis la Genghis-Han. Studii comparative despre religiile și folclorul Daciei și Europei Orientale. București, 1980","I.T.","","","","","","","","","","","307","308","","ro","published","RECENZII","seria-2","ingest/series2/issues/aaf-seria2-1984-vol-ii/articles/026-mircea-eliade-de-la-zalmoxis-la-genghis-han-studii-comparative-despre-religiile-si-folclorul-daciei-si-europei-orientale.pdf","","","","","","","","","",""
"678","17","Ovidiu Bîrlea, Poetică folclorică. București, 1979","Nicolae Bot","","","","","","","","","","","309","310","","ro","published","RECENZII","seria-2","ingest/series2/issues/aaf-seria2-1984-vol-ii/articles/027-ovidiu-birlea-poetica-folclorica-bucuresti-1979.pdf","","","","","","","","","",""
"679","17","Mihai Coman, Izvoare mitice. București, 1980","Șt. Gencărău","","","","","","","","","","","311","312","","ro","published","RECENZII","seria-2","ingest/series2/issues/aaf-seria2-1984-vol-ii/articles/028-mihai-coman-izvoare-mitice-bucuresti-1980.pdf","","","","","","","","","",""
"680","17","B.P. Hasdeu, Studii de folclor. Ediție îngrijită și note de Nicolae Bot. Prefață de Ovidiu Bîrlea. Cluj-Napoca, 1979","I.C.","","","","","","","","","","","313","314","","ro","published","RECENZII","seria-2","ingest/series2/issues/aaf-seria2-1984-vol-ii/articles/029-bp-hasdeu-studii-de-folclor-editie-ingrijita-si-note-de-nicolae-bot-prefata-de-ovidiu-birlea-cluj-napoca-1979.pdf","","","","","","","","","",""
"681","17","Steluța Popa, Obiceiuri de iarnă. Folclor muzical din repertoriul copiilor. Tipologie muzicală. Colecție de cîntece. București, 1981","Elena Hlinca Drăgan","","","","","","","","","","","315","315","","ro","published","RECENZII","seria-2","ingest/series2/issues/aaf-seria2-1984-vol-ii/articles/030-steluta-popa-obiceiuri-de-iarna-folclor-muzical-din-repertoriul-copiilor-tipologie-muzicala-colectie-de-cintece-bucurest.pdf","","","","","","","","","",""
"682","17","Nagy Olga, A táltos törvénye. Népmese és esztétikum. București, 1978","Vöö Gabriella","","","","","","","","","","","316","317","","ro","published","RECENZII","seria-2","ingest/series2/issues/aaf-seria2-1984-vol-ii/articles/031-nagy-olga-a-taltos-torvenye-nepmese-es-esztetikum-bucuresti-1978.pdf","","","","","","","","","",""
"683","17","Antologie de lirică populară românească. Ediție îngrijită și studiu introductiv de Ligia Bîrgu-Georgescu. București, 1980","M. Cuceu","","","","","","","","","","","318","318","","ro","published","RECENZII","seria-2","ingest/series2/issues/aaf-seria2-1984-vol-ii/articles/032-antologie-de-lirica-populara-romaneasca-editie-ingrijita-si-studiu-introductiv-de-ligia-birgu-georgescu-bucuresti-1980.pdf","","","","","","","","","",""
"684","17","Vasile T. Doniga, Folclor din Maramureș. Cu o prefață de Mihai Pop. București, 1980","I. Cuceu","","","","","","","","","","","319","320","","ro","published","RECENZII","seria-2","ingest/series2/issues/aaf-seria2-1984-vol-ii/articles/033-vasile-t-doniga-folclor-din-maramures-cu-o-prefata-de-mihai-pop-bucuresti-1980.pdf","","","","","","","","","",""
"685","17","Traian Mîrza, Ilona Szenik, Gheorghe Petrescu, Zamfir Dejeu, Mircea Bejinariu, Folclor muzical din zona Huedin — Huedin környéki népzene. Cluj-Napoca, 1979","Lucia Iștoc","","","","","","","","","","","321","321","","ro","published","RECENZII","seria-2","ingest/series2/issues/aaf-seria2-1984-vol-ii/articles/034-traian-mirza-ilona-szenik-gheorghe-petrescu-zamfir-dejeu-mircea-bejinariu-folclor-muzical-din-zona-huedin-huedin-kornyek.pdf","","","","","","","","","",""
"686","17","Almási István, Szilágysági magyar népzene. București, 1979","Szenik Ilona","","","","","","","","","","","322","322","","ro","published","RECENZII","seria-2","ingest/series2/issues/aaf-seria2-1984-vol-ii/articles/035-almasi-istvan-szilagysagi-magyar-nepzene-bucuresti-1979.pdf","","","","","","","","","",""
"687","17","Gh. Iordache, Mărturii etno-lingvistice despre vechimea meseriilor populare românești. Studiu cu privire specială la Oltenia. Craiova, 1980 (S. Belozerov) .","","","","","","","","","","","","323","324","","ro","published","RECENZII","seria-2","ingest/series2/issues/aaf-seria2-1984-vol-ii/articles/036-gh-iordache-marturii-etno-lingvistice-despre-vechimea-meseriilor-populare-romanesti-studiu-cu-privire-speciala-la-olteni.pdf","","","","","","","","","",""
"688","17","Gazda Klára, Gyermekvilág Esztelneken. Néprajzi monográfia. București, 1980","Vöö Gabriella","","","","","","","","","","","325","325","","ro","published","RECENZII","seria-2","ingest/series2/issues/aaf-seria2-1984-vol-ii/articles/037-gazda-klara-gyermekvilag-esztelneken-neprajzi-monografia-bucuresti-1980.pdf","","","","","","","","","",""
"689","17","Deutsche Volksdichtung. Eine Einführung. Leipzig, 1979","Hanni Markel","","","","","","","","","","","326","327","","ro","published","RECENZII","seria-2","ingest/series2/issues/aaf-seria2-1984-vol-ii/articles/038-deutsche-volksdichtung-eine-einfuhrung-leipzig-1979.pdf","","","","","","","","","",""
"690","17","Günter Wiegelmann, Matthias Zender, Gerhard Heilfurth, Volkskunde. Eine Einführung. Berlin, 1977","I.T.","","","","","","","","","","","328","329","","ro","published","RECENZII","seria-2","ingest/series2/issues/aaf-seria2-1984-vol-ii/articles/039-gunter-wiegelmann-matthias-zender-gerhard-heilfurth-volkskunde-eine-einfuhrung-berlin-1977.pdf","","","","","","","","","",""
"691","17","A magyar folklór. Szerkesztette Ortutay Gyula. Budapest, 1979","Vöö Gabriella","","","","","","","","","","","330","330","","ro","published","RECENZII","seria-2","ingest/series2/issues/aaf-seria2-1984-vol-ii/articles/040-a-magyar-folklor-szerkesztette-ortutay-gyula-budapest-1979.pdf","","","","","","","","","",""
"692","17","Martin György, A magyar körtánc és európai rokonsága. Budapest, 1979","István Almási","","","","","","","","","","","331","331","","ro","published","RECENZII","seria-2","ingest/series2/issues/aaf-seria2-1984-vol-ii/articles/041-martin-gyorgy-a-magyar-kortanc-es-europai-rokonsaga-budapest-1979.pdf","","","","","","","","","",""
"693","17","Magyar néptánchagyományok. Budapest, 1980","István Almási","","","","","","","","","","","332","333","","ro","published","RECENZII","seria-2","ingest/series2/issues/aaf-seria2-1984-vol-ii/articles/042-magyar-neptanchagyomanyok-budapest-1980.pdf","","","","","","","","","",""
"694","17","Helga Stein, Zur Herkunft und Altersbestimmung einer Novellenballade, (DVldr. Nr. 76 und Nr. 77) Die Schwiegermutter beseitigt die ihr anvertraute Schwiegertochter. Helsinki 1979","Anca Goția","","","","","","","","","","","334","335","","ro","published","RECENZII","seria-2","ingest/series2/issues/aaf-seria2-1984-vol-ii/articles/043-helga-stein-zur-herkunft-und-altersbestimmung-einer-novellenballade-dvldr-nr-76-und-nr-77-die-schwiegermutter-beseitigt-.pdf","","","","","","","","","",""
"695","17","Otto Holzapfel, Folkevise und Volksballade. Die Nachbarschaft deutscher und skandinavischer Texte. München, 1976","Ion Taloș","","","","","","","","","","","336","336","","ro","published","RECENZII","seria-2","ingest/series2/issues/aaf-seria2-1984-vol-ii/articles/044-otto-holzapfel-folkevise-und-volksballade-die-nachbarschaft-deutscher-und-skandinavischer-texte-munchen-1976.pdf","","","","","","","","","",""
"696","17","Michael Belgrader. Das Märchen von dem Machandelboom (KHM 47). Der Märchentypus AT 720. My Mother Slew Me, My Father Ate Me. Frankfurt a.M., Bern, Cirencester/U.K. 1980","Hanni Markel","","","","","","","","","","","337","339","","ro","published","RECENZII","seria-2","ingest/series2/issues/aaf-seria2-1984-vol-ii/articles/045-michael-belgrader-das-marchen-von-dem-machandelboom-khm-47-der-marchentypus-at-720-my-mother-slew-me-my-father-ate-me-fr.pdf","","","","","","","","","",""
"697","17","Das Recht der kleinen Leute. Beiträge zur rechtlichen Volkskunde, herausgegeben von Konrad Köstlin und Kai Detlef Sievers. Berlin, 1976","Ion Taloș","","","","","","","","","","","340","341","","ro","published","RECENZII","seria-2","ingest/series2/issues/aaf-seria2-1984-vol-ii/articles/046-das-recht-der-kleinen-leute-beitrage-zur-rechtlichen-volkskunde-herausgegeben-von-konrad-kostlin-und-kai-detlef-sievers-.pdf","","","","","","","","","",""
"698","17","Elisabeth Frenzel, Stoffe der Weltliteratur. Ein Lexikon dichtungsgeschichtlicher Längsschnitte. 4., überarbeitete Auflage, Stuttgart, 1976; Elisabeth Frenzel, Motive der Weltliteratur. Ein Lexikon dichtungsgeschichtlicher Längsschnitte. Stuttgart, 1976","Ion Taloș","","","","","","","","","","","342","344","","ro","published","RECENZII","seria-2","ingest/series2/issues/aaf-seria2-1984-vol-ii/articles/047-elisabeth-frenzel-stoffe-der-weltliteratur-ein-lexikon-dichtungsgeschichtlicher-langsschnitte-4-uberarbeitete-auflage-st.pdf","","","","","","","","","",""
"699","17","Wörterbuch der Symbolik. Unter Mitarbeit zahlreicher Fachwissenschaftler herausgegeben von Manfred Lurker. Stuttgart, 1979; Wörterbuch der Religionen. Begründet von Alfred Bertholet in Verbindung mit Hans Freiherrn von Campenhausen. Dritte Auflage. Neu bearbeitet, ergänzt und herausgegeben von Kurt Goldammer. Stuttgart, 1976 (Ion Taloș) .","","","","","","","","","","","","345","346","","ro","published","RECENZII","seria-2","ingest/series2/issues/aaf-seria2-1984-vol-ii/articles/048-worterbuch-der-symbolik-unter-mitarbeit-zahlreicher-fachwissenschaftler-herausgegeben-von-manfred-lurker-stuttgart-1979-.pdf","","","","","","","","","",""
"700","17","Polnische Sagen. Herausgegeben und übersetzt von Veroboj Vildomec. Vorwort und Parallelennachweise von Will-Erich Peuckert. Berlin, 1979","Ion Taloș","","","","","","","","","","","347","348","","ro","published","RECENZII","seria-2","ingest/series2/issues/aaf-seria2-1984-vol-ii/articles/049-polnische-sagen-herausgegeben-und-ubersetzt-von-veroboj-vildomec-vorwort-und-parallelennachweise-von-will-erich-peuckert.pdf","","","","","","","","","",""
"701","17","Das große Hausbuch der Volkslieder. Über 400 Lieder aus Deutschland, Österreich und der Schweiz und Illustrationen von Ludwig Richter. Herausgegeben von Walter Hansen unter beratender Mitarbeit von Georg Schwenk und Dr. Wirgand Stief. München, 1978","Ion Taloș","","","","","","","","","","","349","349","","ro","published","RECENZII","seria-2","ingest/series2/issues/aaf-seria2-1984-vol-ii/articles/050-das-groe-hausbuch-der-volkslieder-uber-400-lieder-aus-deutschland-osterreich-und-der-schweiz-und-illustrationen-von-ludw.pdf","","","","","","","","","",""
"702","17","August Stöber, Die Sagen des Elsasses zum ersten Male getreu nach der Volksüberlieferung, den Chroniken und anderen gedruckten und handschriftlichen Quellen, gesammelt und erläutert von —. Mit einer Sagenkarte von J. Ringel. Nachdruck der Ausgabe St. Gallen 1858. Lindlar, 1979","I.T.","","","","","","","","","","","350","350","","ro","published","RECENZII","seria-2","ingest/series2/issues/aaf-seria2-1984-vol-ii/articles/051-august-stober-die-sagen-des-elsasses-zum-ersten-male-getreu-nach-der-volksuberlieferung-den-chroniken-und-anderen-gedruc.pdf","","","","","","","","","",""
"703","17","Märkische Sagen. Berlin und die Mark Brandenburg. Herausgegeben von Ingeborg Drewitz, Düsseldorf, Köln, 1979","I.T.","","","","","","","","","","","351","351","","ro","published","RECENZII","seria-2","ingest/series2/issues/aaf-seria2-1984-vol-ii/articles/052-markische-sagen-berlin-und-die-mark-brandenburg-herausgegeben-von-ingeborg-drewitz-dusseldorf-koln-1979.pdf","","","","","","","","","",""
"704","17","Folclor poetic. Cîntece și strigături din județul Botoșani. Antologie alcătuită și prefață de Ion H. Ciubotaru, Botoșani, 1980","I.C.","","","","","","","","","","","352","352","","ro","published","RECENZII","seria-2","ingest/series2/issues/aaf-seria2-1984-vol-ii/articles/053-folclor-poetic-cintece-si-strigaturi-din-judetul-botosani-antologie-alcatuita-si-prefata-de-ion-h-ciubotaru-botosani-198.pdf","","","","","","","","","",""
"705","17","Todor Iv. Jivkov, Narod i Pesen (Problemi na folklornata pesenna tradicija). Sofia, 1977","Alla Vințeler și Onufrie Vințeler","","","","","","","","","","","353","354","","ro","published","RECENZII","seria-2","ingest/series2/issues/aaf-seria2-1984-vol-ii/articles/054-todor-iv-jivkov-narod-i-pesen-problemi-na-folklornata-pesenna-tradicija-sofia-1977.pdf","","","","","","","","","",""
"706","17","G. L. Permyakov, From proverb to folk-tale, Notes on the general theory of cliché, Moscow, 1979","Livia Bot","","","","","","","","","","","355","357","","ro","published","RECENZII","seria-2","ingest/series2/issues/aaf-seria2-1984-vol-ii/articles/055-g-l-permyakov-from-proverb-to-folk-tale-notes-on-the-general-theory-of-cliche-moscow-1979.pdf","","","","","","","","","",""
"707","17","Vasile Tudor Crețu, Ethosul folcloric — sistem deschis, Timișoara, 1980","Nicolae Bot","","","","","","","","","","","358","360","","ro","published","RECENZII","seria-2","ingest/series2/issues/aaf-seria2-1984-vol-ii/articles/056-vasile-tudor-cretu-ethosul-folcloric-sistem-deschis-timisoara-1980.pdf","","","","","","","","","",""
"708","17","Antologie de folclor din județul Maramureș, vol. I, Poezia, Baia Mare, 1980","Nicolae Bot","","","","","","","","","","","361","362","","ro","published","RECENZII","seria-2","ingest/series2/issues/aaf-seria2-1984-vol-ii/articles/057-antologie-de-folclor-din-judetul-maramures-vol-i-poezia-baia-mare-1980.pdf","","","","","","","","","",""
"709","17","Ion Bogdan, Mihai Olos, Nicoară Timiș, Calendarul Maramureșului, Baia Mare, 1980","N. B.","","","","","","","","","","","363","363","","ro","published","RECENZII","seria-2","ingest/series2/issues/aaf-seria2-1984-vol-ii/articles/058-ion-bogdan-mihai-olos-nicoara-timis-calendarul-maramuresului-baia-mare-1980.pdf","","","","","","","","","",""
"710","17","„Foaie verde, spic de grîu"", vol I. Poezia lirică, Zrenjanin, 1979","N. B.","","","","","","","","","","","364","365","","ro","published","RECENZII","seria-2","ingest/series2/issues/aaf-seria2-1984-vol-ii/articles/059-foaie-verde-spic-de-griu-vol-i-poezia-lirica-zrenjanin-1979.pdf","","","","","","","","","",""
"711","17","G. Coșbuc. Opere alese, vol. IV, Ediție îngrijită și prefață de Gavril Scridon, București, 1979","N. B.","","","","","","","","","","","366","366","","ro","published","RECENZII","seria-2","ingest/series2/issues/aaf-seria2-1984-vol-ii/articles/060-g-cosbuc-opere-alese-vol-iv-editie-ingrijita-si-prefata-de-gavril-scridon-bucuresti-1979.pdf","","","","","","","","","",""
"712","17","Tradiții maramureșene, vol. II, Baia Mare, 1979","N. B.","","","","","","","","","","","367","367","","ro","published","RECENZII","seria-2","ingest/series2/issues/aaf-seria2-1984-vol-ii/articles/061-traditii-maramuresene-vol-ii-baia-mare-1979.pdf","","","","","","","","","",""
"713","18","Din activitatea mea de folclorist. Contribuții la cunoașterea mișcării folclorice românești între anii 1925—1965","Ion Mușlea","","","","","","","","","","","5","48","","ro","published","STUDII","seria-2","ingest/series2/issues/aaf-seria2-1980-vol-i/articles/001-din-activitatea-mea-de-folclorist-contributii-la-cunoasterea-miscarii-folclorice-romanesti-intre-anii-19251965.pdf","","","","","","","","","",""
"714","18","Corpusul folclorului românesc: Cimilitura. — Din experiența unui colectiv de cercetare clujean —","Ion Taloș","","","","","","","","","","","49","65","","ro","published","STUDII","seria-2","ingest/series2/issues/aaf-seria2-1980-vol-i/articles/002-corpusul-folclorului-romanesc-cimilitura-din-experienta-unui-colectiv-de-cercetare-clujean.pdf","","","","","","","","","",""
"715","18","Asupra funcțiilor rituale ale povestitorului","Ion Cuceu","","","","","","","","","","","66","78","","ro","published","STUDII","seria-2","ingest/series2/issues/aaf-seria2-1980-vol-i/articles/003-asupra-functiilor-rituale-ale-povestitorului.pdf","","","","","","","","","",""
"716","18","Structura snoavei populare. Cu privire specială asupra repertoriului românesc, maghiar și săsesc din Transilvania","Hanni Markel și Gabriela Vöö","","","","","","","","","","","79","92","","ro","published","STUDII","seria-2","ingest/series2/issues/aaf-seria2-1980-vol-i/articles/004-structura-snoavei-populare-cu-privire-speciala-asupra-repertoriului-romanesc-maghiar-si-sasesc-din-transilvania.pdf","","","","","","","","","",""
"717","18","Dreptul cutumiar și folclorul obiceiurilor","Nicolae Bot","","","","","","","","","","","93","104","","ro","published","STUDII","seria-2","ingest/series2/issues/aaf-seria2-1980-vol-i/articles/005-dreptul-cutumiar-si-folclorul-obiceiurilor.pdf","","","","","","","","","",""
"718","18","Chemarea și formula de chemare la nuntă","Ion Șeulean","","","","","","","","","","","105","117","","ro","published","STUDII","seria-2","ingest/series2/issues/aaf-seria2-1980-vol-i/articles/006-chemarea-si-formula-de-chemare-la-nunta.pdf","","","","","","","","","",""
"719","18","Viața muzicii populare în Călinești—Oaș","Lucia Iștoc","","","","","","","","","","","118","148","","ro","published","STUDII","seria-2","ingest/series2/issues/aaf-seria2-1980-vol-i/articles/007-viata-muzicii-populare-in-calinestioas.pdf","","","","","","","","","",""
"720","18","Interesul științific și artistic pentru folclorul muzical din Oaș și Ugocea. Privire istorică","Traian Mîrza","","","","","","","","","","","149","157","","ro","published","STUDII","seria-2","ingest/series2/issues/aaf-seria2-1980-vol-i/articles/008-interesul-stiintific-si-artistic-pentru-folclorul-muzical-din-oas-si-ugocea-privire-istorica.pdf","","","","","","","","","",""
"721","18","Béla Bartók și dezvoltarea etnomuzicologiei","István Almási","","","","","","","","","","","158","164","","ro","published","STUDII","seria-2","ingest/series2/issues/aaf-seria2-1980-vol-i/articles/009-bela-bartok-si-dezvoltarea-etnomuzicologiei.pdf","","","","","","","","","",""
"722","18","Mailand Oszkár și folclorul românesc","Faragó József","","","","","","","","","","","165","179","","ro","published","STUDII","seria-2","ingest/series2/issues/aaf-seria2-1980-vol-i/articles/010-mailand-oszkar-si-folclorul-romanesc.pdf","","","","","","","","","",""
"723","18","Enea Hodoș și problemele speciilor folclorice","Virgil Florea","","","","","","","","","","","180","190","","ro","published","STUDII","seria-2","ingest/series2/issues/aaf-seria2-1980-vol-i/articles/011-enea-hodos-si-problemele-speciilor-folclorice.pdf","","","","","","","","","",""
"724","18","Arhiva de folclor a Moldovei și Bucovinei (AFMB) .","Ion H. Ciubotaru","","","","","","","","","","","191","205","","ro","published","ARHIVE FOLCLORICE","seria-2","ingest/series2/issues/aaf-seria2-1980-vol-i/articles/012-arhiva-de-folclor-a-moldovei-si-bucovinei-afmb.pdf","","","","","","","","","",""
"725","18","Gheorghe Petrescu (1944—1978)","Traian Mîrza","","","","","","","","","","","206","207","","ro","published","IN MEMORIAM","seria-2","ingest/series2/issues/aaf-seria2-1980-vol-i/articles/013-gheorghe-petrescu-19441978.pdf","","","","","","","","","",""
"726","18","Traian Gherman. O sută","ani de la nașterea sa (Ion Cuceu)","","","","","","","","","","","208","209","","ro","published","IN MEMORIAM","seria-2","ingest/series2/issues/aaf-seria2-1980-vol-i/articles/014-traian-gherman-o-suta.pdf","","","","","","","","","",""
"727","18","Valer Butură, Etnografia poporului român. Cultura materială. Cluj-Napoca, 1978","Ion Șeulean","","","","","","","","","","","210","212","","ro","published","RECENZII","seria-2","ingest/series2/issues/aaf-seria2-1980-vol-i/articles/015-valer-butura-etnografia-poporului-roman-cultura-materiala-cluj-napoca-1978.pdf","","","","","","","","","",""
"728","18","Mihai Pop, Pavel Ruxăndoiu, Folclor literar românesc. Ediția a II-a. București, 1978","Șerban Anghelescu","","","","","","","","","","","213","213","","ro","published","RECENZII","seria-2","ingest/series2/issues/aaf-seria2-1980-vol-i/articles/016-mihai-pop-pavel-ruxandoiu-folclor-literar-romanesc-editia-a-ii-a-bucuresti-1978.pdf","","","","","","","","","",""
"729","18","Dumitru Pop, Folclor din zona Codrului. Baia Mare 1978 (I. Chiș Șter) .","","","","","","","","","","","","214","215","","ro","published","RECENZII","seria-2","ingest/series2/issues/aaf-seria2-1980-vol-i/articles/017-dumitru-pop-folclor-din-zona-codrului-baia-mare-1978-i-chis-ster.pdf","","","","","","","","","",""
"730","18","Zamfir Dejeu, Folclor muzical de pe Valea Drăganului. Cluj-Napoca 1976","Elena Hlinca Drăgan","","","","","","","","","","","216","216","","ro","published","RECENZII","seria-2","ingest/series2/issues/aaf-seria2-1980-vol-i/articles/018-zamfir-dejeu-folclor-muzical-de-pe-valea-draganului-cluj-napoca-1976.pdf","","","","","","","","","",""
"731","18","Maria Ioniță, Flori din Apuseni. Folclor poetic din zona izvoarelor Someșului Mic. Cluj-Napoca 1978","Maria Cuceu","","","","","","","","","","","217","218","","ro","published","RECENZII","seria-2","ingest/series2/issues/aaf-seria2-1980-vol-i/articles/019-maria-ionita-flori-din-apuseni-folclor-poetic-din-zona-izvoarelor-somesului-mic-cluj-napoca-1978.pdf","","","","","","","","","",""
"732","18","Ion Nijloveanu, Jos pe Valea Oltului. Cîntece bătrînești. Notația muzicală de Marin Brînaru. București 1976 (Elena Hlinca Drăgan) .","","","","","","","","","","","","219","219","","ro","published","RECENZII","seria-2","ingest/series2/issues/aaf-seria2-1980-vol-i/articles/020-ion-nijloveanu-jos-pe-valea-oltului-cintece-batrinesti-notatia-muzicala-de-marin-brinaru-bucuresti-1976-elena-hlinca-dra.pdf","","","","","","","","","",""
"733","18","Traian Herseni, Forme străvechi de cultură poporană românească. Studiu de paleoetnografie a cetelor de feciori din Țara Oltului. Cluj-Napoca 1977","Gheorghe Cordoș","","","","","","","","","","","220","221","","ro","published","RECENZII","seria-2","ingest/series2/issues/aaf-seria2-1980-vol-i/articles/021-traian-herseni-forme-stravechi-de-cultura-poporana-romaneasca-studiu-de-paleoetnografie-a-cetelor-de-feciori-din-tara-ol.pdf","","","","","","","","","",""
"734","18","Mihail Marinescu, Zjalënyja moja višenka. (Sobranie pesen lipovan, prozivaiuscich v Rumynii), București 1978","Alla Vințeler","","","","","","","","","","","222","223","","ro","published","RECENZII","seria-2","ingest/series2/issues/aaf-seria2-1980-vol-i/articles/022-mihail-marinescu-zjalenyja-moja-visenka-sobranie-pesen-lipovan-prozivaiuscich-v-rumynii-bucuresti-1978.pdf","","","","","","","","","",""
"735","18","Faragó József, Balladák Földjén. Bukarest 1977","Olosz Katalin","","","","","","","","","","","224","225","","ro","published","RECENZII","seria-2","ingest/series2/issues/aaf-seria2-1980-vol-i/articles/023-farago-jozsef-balladak-foldjen-bukarest-1977.pdf","","","","","","","","","",""
"736","18","Cahiers roumain d'études littéraires, 1/1977. Littérature orale — Littérature écrite. Bucarest","Livia Bot","","","","","","","","","","","226","228","","ro","published","RECENZII","seria-2","ingest/series2/issues/aaf-seria2-1980-vol-i/articles/024-cahiers-roumain-detudes-litteraires-11977-litterature-orale-litterature-ecrite-bucarest.pdf","","","","","","","","","",""
"737","18","Marin Mincu, Marco Cugno, I Canti narrativi romeni. Analisi semiologica. Torino 1977","Lucia Iștoc","","","","","","","","","","","229","230","","ro","published","RECENZII","seria-2","ingest/series2/issues/aaf-seria2-1980-vol-i/articles/025-marin-mincu-marco-cugno-i-canti-narrativi-romeni-analisi-semiologica-torino-1977.pdf","","","","","","","","","",""
"738","18","Jahrbuch für Volksliedforschung. Im Auftrag des Deutschen Volksliedarchivs herausgegeben von Rolf Wilh. Brednich. Zweiundzwanzigster Jahrgang. Berlin 1977","Ion Taloș","","","","","","","","","","","231","232","","ro","published","RECENZII","seria-2","ingest/series2/issues/aaf-seria2-1980-vol-i/articles/026-jahrbuch-fur-volksliedforschung-im-auftrag-des-deutschen-volksliedarchivs-herausgegeben-von-rolf-wilh-brednich-zweiundzw.pdf","","","","","","","","","",""
"739","18","Max Lüthi, Das Volksmärchen als Dichtung. Ästhetik und Anthropologie. Düsseldorf—Köln 1975","Radu Niculescu","","","","","","","","","","","233","234","","ro","published","RECENZII","seria-2","ingest/series2/issues/aaf-seria2-1980-vol-i/articles/027-max-luthi-das-volksmarchen-als-dichtung-asthetik-und-anthropologie-dusseldorfkoln-1975.pdf","","","","","","","","","",""
"740","18","Pauline Schullerus, Rumänische Volksmärchen aus dem mittleren Harbachtal. Neuausgabe besorgt von Rolf Wilh. Brednich und Ion Taloș. Bukarest 1977","Hani Markel","","","","","","","","","","","235","236","","ro","published","RECENZII","seria-2","ingest/series2/issues/aaf-seria2-1980-vol-i/articles/028-pauline-schullerus-rumanische-volksmarchen-aus-dem-mittleren-harbachtal-neuausgabe-besorgt-von-rolf-wilh-brednich-und-io.pdf","","","","","","","","","",""
"741","18","Frank Alvarez-Pereyra, Contes et tradition orale en Roumanie. (La fonction pédagogique du conte populaire en Roumanie), Paris 1976","Șerban Anghelescu","","","","","","","","","","","237","237","","ro","published","RECENZII","seria-2","ingest/series2/issues/aaf-seria2-1980-vol-i/articles/029-frank-alvarez-pereyra-contes-et-tradition-orale-en-roumanie-la-fonction-pedagogique-du-conte-populaire-en-roumanie-paris.pdf","","","","","","","","","",""
"742","18","Ingeborg Weber-Kellermann, Zur Interethnik. Donauschwaben, Siebenbürger Sachsen und ihre Nachbarn. Frankfurt am Main 1978","Ion Taloș","","","","","","","","","","","238","240","","ro","published","RECENZII","seria-2","ingest/series2/issues/aaf-seria2-1980-vol-i/articles/030-ingeborg-weber-kellermann-zur-interethnik-donauschwaben-siebenburger-sachsen-und-ihre-nachbarn-frankfurt-am-main-1978.pdf","","","","","","","","","",""
"743","18","Richard M. Dorson, Volksleben in Amerika. Mündliche Überlieferungen, Volksglauben und Bräuche in den Vereinigten Staaten von der Kolonialzeit bis zur Gegenwart. Göttingen 1976 (Ion Taloș) .","","","","","","","","","","","","241","243","","ro","published","RECENZII","seria-2","ingest/series2/issues/aaf-seria2-1980-vol-i/articles/031-richard-m-dorson-volksleben-in-amerika-mundliche-uberlieferungen-volksglauben-und-brauche-in-den-vereinigten-staaten-von.pdf","","","","","","","","","",""
"744","18","O restituire așteptată: opera lui Constantin Brăiloiu (Iosif Herțea) .","","","","","","","","","","","","244","245","","ro","published","NOTE","seria-2","ingest/series2/issues/aaf-seria2-1980-vol-i/articles/032-o-restituire-asteptata-opera-lui-constantin-brailoiu-iosif-hertea.pdf","","","","","","","","","",""
"745","18","Karagici în românește","S. Belozerov","","","","","","","","","","","246","246","","ro","published","NOTE","seria-2","ingest/series2/issues/aaf-seria2-1980-vol-i/articles/033-karagici-in-romaneste.pdf","","","","","","","","","",""
"746","18","Un dicționar de proverbe român-maghiar","I. Ș.","","","","","","","","","","","246","247","","ro","published","NOTE","seria-2","ingest/series2/issues/aaf-seria2-1980-vol-i/articles/034-un-dictionar-de-proverbe-roman-maghiar.pdf","","","","","","","","","",""
"747","18","Bibliografia anuală a baladei populare","S. B.","","","","","","","","","","","248","248","","ro","published","NOTE","seria-2","ingest/series2/issues/aaf-seria2-1980-vol-i/articles/035-bibliografia-anuala-a-baladei-populare.pdf","","","","","","","","","",""
"748","18","Două repertorii de cîntece epice","I. T.","","","","","","","","","","","249","249","","ro","published","NOTE","seria-2","ingest/series2/issues/aaf-seria2-1980-vol-i/articles/036-doua-repertorii-de-cintece-epice.pdf","","","","","","","","","",""
"749","18","JAF despre ghicitoarea populară","Ion Șeulean","","","","","","","","","","","250","252","","ro","published","NOTE","seria-2","ingest/series2/issues/aaf-seria2-1980-vol-i/articles/037-jaf-despre-ghicitoarea-populara.pdf","","","","","","","","","",""
"750","18","Povești din Europa de Sud","I. T.","","","","","","","","","","","253","253","","ro","published","NOTE","seria-2","ingest/series2/issues/aaf-seria2-1980-vol-i/articles/038-povesti-din-europa-de-sud.pdf","","","","","","","","","",""
"751","18","Studies in East European Folk Narrative","Hanni Markel","","","","","","","","","","","254","255","","ro","published","NOTE","seria-2","ingest/series2/issues/aaf-seria2-1980-vol-i/articles/039-studies-in-east-european-folk-narrative.pdf","","","","","","","","","",""
"752","18","Folk Narrative Research","I. T.","","","","","","","","","","","256","256","","ro","published","NOTE","seria-2","ingest/series2/issues/aaf-seria2-1980-vol-i/articles/040-folk-narrative-research.pdf","","","","","","","","","",""
"753","18","Selected Reports in Ethnomusicology","István Almási","","","","","","","","","","","257","265","","ro","published","NOTE","seria-2","ingest/series2/issues/aaf-seria2-1980-vol-i/articles/041-selected-reports-in-ethnomusicology.pdf","","","","","","","","","",""
